{"type":"FeatureCollection","name":"citrus-parcels","features":[{"type":"Feature","id":"citrus-parcels-1","properties":{"sourceId":"citrus-parcels","CLASS_ID":"1","CLASS_NAME":"掩膜提取2_tif [Classvalue=1]","AREA":231,"name":"掩膜提取2_tif [Classvalue=1]","orchardType":"掩膜提取2_tif [Classvalue=1]","areaMu":0.35},"geometry":{"type":"Polygon","coordinates":[[[106.079631,31.535894],[106.079526,31.535895],[106.079529,31.536165],[106.079423,31.536166],[106.079425,31.536347],[106.07932,31.536348],[106.079322,31.536528],[106.079217,31.536529],[106.079219,31.536709],[106.079324,31.536708],[106.079325,31.536799],[106.079431,31.536798],[106.079432,31.536888],[106.079537,31.536887],[106.079539,31.537068],[106.079644,31.537067],[106.079647,31.537247],[106.079752,31.537246],[106.079755,31.537517],[106.07965,31.537518],[106.079652,31.537698],[106.079546,31.537699],[106.079547,31.537789],[106.079442,31.53779],[106.079444,31.53797],[106.079339,31.537971],[106.07934,31.538062],[106.079235,31.538062],[106.079237,31.538243],[106.078605,31.538248],[106.078606,31.538338],[106.0785,31.538339],[106.078502,31.53852],[106.078397,31.538521],[106.0784,31.538791],[106.078506,31.53879],[106.078508,31.538971],[106.078718,31.538969],[106.078717,31.538879],[106.078928,31.538877],[106.078927,31.538787],[106.079243,31.538784],[106.079242,31.538694],[106.079452,31.538692],[106.079451,31.538602],[106.079557,31.538601],[106.079555,31.538421],[106.07966,31.53842],[106.079659,31.53833],[106.080186,31.538325],[106.080185,31.538235],[106.08029,31.538234],[106.080289,31.538144],[106.08071,31.53814],[106.080709,31.53805],[106.080604,31.538051],[106.080602,31.53787],[106.080496,31.537871],[106.080494,31.537691],[106.080389,31.537692],[106.080387,31.537511],[106.080282,31.537512],[106.08028,31.537332],[106.080174,31.537333],[106.080172,31.537152],[106.080067,31.537153],[106.080064,31.536883],[106.079958,31.536884],[106.079954,31.536523],[106.079849,31.536524],[106.079846,31.536253],[106.07974,31.536254],[106.079737,31.535983],[106.079632,31.535984],[106.079631,31.535894]]]}},{"type":"Feature","id":"citrus-parcels-2","properties":{"sourceId":"citrus-parcels","CLASS_ID":"1","CLASS_NAME":"掩膜提取2_tif [Classvalue=1]","AREA":948,"name":"掩膜提取2_tif [Classvalue=1]","orchardType":"掩膜提取2_tif [Classvalue=1]","areaMu":1.42},"geometry":{"type":"MultiPolygon","coordinates":[[[[106.087086,31.533846],[106.086981,31.533847],[106.086982,31.533937],[106.086876,31.533938],[106.086877,31.534028],[106.086772,31.534029],[106.086773,31.534119],[106.086668,31.53412],[106.08667,31.534301],[106.086775,31.5343],[106.086777,31.53448],[106.086883,31.534479],[106.086886,31.53475],[106.086991,31.534749],[106.086993,31.534929],[106.087099,31.534928],[106.087103,31.535289],[106.087208,31.535288],[106.087213,31.535739],[106.087108,31.53574],[106.087105,31.53547],[106.086999,31.535471],[106.086996,31.5352],[106.086891,31.535201],[106.086888,31.53493],[106.086783,31.534931],[106.086786,31.535202],[106.08668,31.535203],[106.086679,31.535112],[106.086574,31.535113],[106.086571,31.534843],[106.086676,31.534842],[106.086677,31.534932],[106.086783,31.534931],[106.086779,31.534661],[106.086674,31.534661],[106.086671,31.534391],[106.086566,31.534392],[106.086564,31.534211],[106.086142,31.534215],[106.086149,31.534756],[106.086254,31.534755],[106.086263,31.535567],[106.086369,31.535566],[106.086374,31.536017],[106.086268,31.536018],[106.08627,31.536108],[106.086164,31.536109],[106.086166,31.53629],[106.086061,31.536291],[106.086062,31.536381],[106.085957,31.536382],[106.085958,31.536472],[106.085852,31.536473],[106.085853,31.536563],[106.085748,31.536564],[106.08575,31.536744],[106.085224,31.536749],[106.085225,31.536839],[106.084593,31.536844],[106.084594,31.536935],[106.084067,31.536939],[106.084066,31.536849],[106.08375,31.536851],[106.083749,31.536761],[106.083644,31.536762],[106.083645,31.536852],[106.083118,31.536857],[106.083119,31.536947],[106.083224,31.536946],[106.083226,31.537036],[106.08312,31.537037],[106.083119,31.536947],[106.082698,31.536951],[106.082699,31.537041],[106.082488,31.537043],[106.082489,31.537133],[106.082279,31.537135],[106.08228,31.537225],[106.082069,31.537227],[106.08207,31.537317],[106.081859,31.537319],[106.08186,31.537409],[106.08165,31.537411],[106.081651,31.537501],[106.08144,31.537503],[106.081441,31.537593],[106.081231,31.537595],[106.081232,31.537685],[106.081126,31.537686],[106.081128,31.537866],[106.081023,31.537867],[106.081025,31.538047],[106.082078,31.538038],[106.082079,31.538129],[106.083238,31.538119],[106.083237,31.538029],[106.083342,31.538028],[106.083341,31.537938],[106.083447,31.537937],[106.083448,31.538027],[106.083553,31.538026],[106.083552,31.537936],[106.083973,31.537932],[106.083972,31.537842],[106.084288,31.537839],[106.084287,31.537749],[106.084603,31.537746],[106.084602,31.537656],[106.085023,31.537653],[106.085022,31.537562],[106.085338,31.53756],[106.085337,31.53747],[106.085653,31.537467],[106.085652,31.537377],[106.085863,31.537375],[106.085861,31.537194],[106.085755,31.537195],[106.085753,31.537015],[106.085859,31.537014],[106.08586,31.537104],[106.085965,31.537103],[106.085966,31.537194],[106.086071,31.537193],[106.08607,31.537102],[106.086176,31.537102],[106.086175,31.537011],[106.08628,31.53701],[106.086278,31.53683],[106.086383,31.536829],[106.086382,31.536739],[106.086487,31.536738],[106.086486,31.536648],[106.086592,31.536647],[106.086591,31.536557],[106.086696,31.536556],[106.086694,31.536375],[106.086799,31.536375],[106.086798,31.536284],[106.086904,31.536283],[106.086902,31.536193],[106.087008,31.536192],[106.087006,31.536012],[106.087111,31.536011],[106.08711,31.535921],[106.087215,31.53592],[106.087214,31.53583],[106.08732,31.535829],[106.087323,31.536099],[106.087217,31.5361],[106.087218,31.536191],[106.087113,31.536191],[106.087115,31.536372],[106.08701,31.536373],[106.087011,31.536463],[106.086906,31.536464],[106.086907,31.536554],[106.086801,31.536555],[106.086803,31.536735],[106.086698,31.536736],[106.086699,31.536826],[106.086594,31.536827],[106.086595,31.536918],[106.08649,31.536918],[106.086492,31.537099],[106.086386,31.5371],[106.086387,31.53719],[106.086282,31.537191],[106.086283,31.537281],[106.086178,31.537282],[106.08618,31.537462],[106.086075,31.537463],[106.086076,31.537553],[106.086181,31.537553],[106.086182,31.537643],[106.086393,31.537641],[106.086394,31.537731],[106.086604,31.537729],[106.086605,31.53782],[106.086711,31.537819],[106.086713,31.537999],[106.086818,31.537998],[106.086819,31.538088],[106.086924,31.538088],[106.086927,31.538268],[106.087032,31.538267],[106.087033,31.538357],[106.087138,31.538356],[106.087137,31.538266],[106.087243,31.538265],[106.087241,31.538175],[106.087452,31.538173],[106.087451,31.538083],[106.087346,31.538084],[106.087341,31.537633],[106.087235,31.537634],[106.087233,31.537453],[106.087338,31.537453],[106.087337,31.537362],[106.087232,31.537363],[106.087231,31.537273],[106.087336,31.537272],[106.087334,31.537092],[106.087229,31.537093],[106.087228,31.537002],[106.087333,31.537001],[106.087332,31.536911],[106.087437,31.53691],[106.087436,31.53682],[106.087542,31.536819],[106.08754,31.536639],[106.087645,31.536638],[106.087644,31.536548],[106.087749,31.536547],[106.087748,31.536457],[106.087854,31.536456],[106.087853,31.536366],[106.087747,31.536366],[106.087744,31.536096],[106.087849,31.536095],[106.087848,31.536005],[106.087954,31.536004],[106.087947,31.535463],[106.087842,31.535463],[106.087839,31.535193],[106.087734,31.535194],[106.087733,31.535104],[106.087838,31.535103],[106.087836,31.534922],[106.08773,31.534923],[106.087729,31.534833],[106.087835,31.534832],[106.087832,31.534561],[106.087726,31.534562],[106.087727,31.534652],[106.087622,31.534653],[106.087624,31.534834],[106.087413,31.534836],[106.087412,31.534745],[106.087518,31.534744],[106.087517,31.534654],[106.087622,31.534653],[106.087619,31.534383],[106.087724,31.534382],[106.087723,31.534292],[106.087512,31.534293],[106.087511,31.534203],[106.08709,31.534207],[106.087086,31.533846]]],[[[106.085752,31.536925],[106.085647,31.536926],[106.085646,31.536835],[106.085751,31.536834],[106.085752,31.536925]]],[[[106.086895,31.535562],[106.08679,31.535563],[106.086789,31.535472],[106.086894,31.535472],[106.086895,31.535562]]],[[[106.087422,31.535557],[106.087316,31.535558],[106.087315,31.535468],[106.087421,31.535467],[106.087422,31.535557]]],[[[106.086987,31.534388],[106.086882,31.534389],[106.086878,31.534118],[106.086984,31.534118],[106.086986,31.534298],[106.087091,31.534297],[106.087092,31.534387],[106.087408,31.534385],[106.08741,31.534565],[106.087305,31.534566],[106.087304,31.534476],[106.087093,31.534477],[106.087094,31.534568],[106.086989,31.534569],[106.086987,31.534388]]]]}},{"type":"Feature","id":"citrus-parcels-3","properties":{"sourceId":"citrus-parcels","CLASS_ID":"1","CLASS_NAME":"掩膜提取2_tif [Classvalue=1]","AREA":1,"name":"掩膜提取2_tif [Classvalue=1]","orchardType":"掩膜提取2_tif [Classvalue=1]","areaMu":0},"geometry":{"type":"Polygon","coordinates":[[[106.086972,31.533125],[106.086867,31.533126],[106.086868,31.533216],[106.086973,31.533215],[106.086972,31.533125]]]}},{"type":"Feature","id":"citrus-parcels-4","properties":{"sourceId":"citrus-parcels","CLASS_ID":"1","CLASS_NAME":"掩膜提取2_tif [Classvalue=1]","AREA":2,"name":"掩膜提取2_tif [Classvalue=1]","orchardType":"掩膜提取2_tif [Classvalue=1]","areaMu":0},"geometry":{"type":"Polygon","coordinates":[[[106.110129,31.531753],[106.110024,31.531754],[106.110026,31.531935],[106.110131,31.531934],[106.110129,31.531753]]]}},{"type":"Feature","id":"citrus-parcels-5","properties":{"sourceId":"citrus-parcels","CLASS_ID":"1","CLASS_NAME":"掩膜提取2_tif [Classvalue=1]","AREA":1,"name":"掩膜提取2_tif [Classvalue=1]","orchardType":"掩膜提取2_tif [Classvalue=1]","areaMu":0},"geometry":{"type":"Polygon","coordinates":[[[106.109915,31.531485],[106.10981,31.531486],[106.109811,31.531576],[106.109916,31.531575],[106.109915,31.531485]]]}},{"type":"Feature","id":"citrus-parcels-6","properties":{"sourceId":"citrus-parcels","CLASS_ID":"1","CLASS_NAME":"掩膜提取2_tif [Classvalue=1]","AREA":1,"name":"掩膜提取2_tif [Classvalue=1]","orchardType":"掩膜提取2_tif [Classvalue=1]","areaMu":0},"geometry":{"type":"Polygon","coordinates":[[[106.089576,31.530577],[106.089471,31.530578],[106.089472,31.530668],[106.089577,31.530667],[106.089576,31.530577]]]}},{"type":"Feature","id":"citrus-parcels-7","properties":{"sourceId":"citrus-parcels","CLASS_ID":"1","CLASS_NAME":"掩膜提取2_tif [Classvalue=1]","AREA":1,"name":"掩膜提取2_tif [Classvalue=1]","orchardType":"掩膜提取2_tif [Classvalue=1]","areaMu":0},"geometry":{"type":"Polygon","coordinates":[[[106.083361,31.53054],[106.083256,31.53054],[106.083257,31.530631],[106.083362,31.53063],[106.083361,31.53054]]]}},{"type":"Feature","id":"citrus-parcels-8","properties":{"sourceId":"citrus-parcels","CLASS_ID":"1","CLASS_NAME":"掩膜提取2_tif [Classvalue=1]","AREA":139,"name":"掩膜提取2_tif [Classvalue=1]","orchardType":"掩膜提取2_tif [Classvalue=1]","areaMu":0.21},"geometry":{"type":"Polygon","coordinates":[[[106.083566,31.529997],[106.08346,31.529997],[106.083462,31.530178],[106.083357,31.530179],[106.083361,31.53054],[106.083466,31.530539],[106.083468,31.530629],[106.083362,31.53063],[106.083363,31.53072],[106.083258,31.530721],[106.08326,31.530901],[106.083155,31.530902],[106.083157,31.531083],[106.083262,31.531082],[106.083263,31.531172],[106.083474,31.53117],[106.083475,31.53126],[106.08358,31.531259],[106.083581,31.53135],[106.084108,31.531345],[106.084107,31.531255],[106.084317,31.531253],[106.084316,31.531163],[106.084422,31.531162],[106.084421,31.531072],[106.084631,31.53107],[106.08463,31.53098],[106.084841,31.530978],[106.084838,31.530707],[106.084627,31.530709],[106.084626,31.530619],[106.084521,31.53062],[106.08452,31.53053],[106.084309,31.530532],[106.084308,31.530441],[106.084203,31.530442],[106.084202,31.530352],[106.084096,31.530353],[106.084095,31.530263],[106.083885,31.530264],[106.083884,31.530174],[106.083778,31.530175],[106.083777,31.530085],[106.083567,31.530087],[106.083566,31.529997]]]}},{"type":"Feature","id":"citrus-parcels-9","properties":{"sourceId":"citrus-parcels","CLASS_ID":"1","CLASS_NAME":"掩膜提取2_tif [Classvalue=1]","AREA":102,"name":"掩膜提取2_tif [Classvalue=1]","orchardType":"掩膜提取2_tif [Classvalue=1]","areaMu":0.15},"geometry":{"type":"Polygon","coordinates":[[[106.112001,31.529752],[106.111896,31.529753],[106.111898,31.529934],[106.111687,31.529936],[106.11169,31.530206],[106.111796,31.530205],[106.111797,31.530296],[106.111586,31.530297],[106.111585,31.530207],[106.11148,31.530208],[106.111479,31.530118],[106.111373,31.530119],[106.111375,31.530209],[106.111269,31.53021],[106.111271,31.53039],[106.111377,31.530389],[106.111376,31.530299],[106.111481,31.530298],[106.111482,31.530388],[106.111377,31.530389],[106.111378,31.53048],[106.111272,31.530481],[106.111271,31.53039],[106.111166,31.530391],[106.11117,31.530752],[106.111065,31.530753],[106.111066,31.530843],[106.110961,31.530844],[106.110963,31.531025],[106.111174,31.531023],[106.111175,31.531113],[106.110964,31.531115],[106.110963,31.531025],[106.110858,31.531025],[106.110862,31.531386],[106.110651,31.531388],[106.110652,31.531478],[106.110547,31.531479],[106.110548,31.531569],[106.110443,31.53157],[106.110447,31.531931],[106.110552,31.53193],[106.110551,31.53184],[106.110762,31.531838],[106.110761,31.531748],[106.110866,31.531747],[106.110865,31.531657],[106.11097,31.531656],[106.110969,31.531566],[106.11118,31.531564],[106.111179,31.531474],[106.111284,31.531473],[106.11128,31.531112],[106.111385,31.531111],[106.111384,31.531021],[106.111489,31.53102],[106.111487,31.53084],[106.111593,31.530839],[106.111591,31.530658],[106.111696,31.530657],[106.111695,31.530567],[106.1118,31.530566],[106.111798,31.530386],[106.111903,31.530385],[106.111902,31.530295],[106.112008,31.530294],[106.112006,31.530203],[106.112112,31.530203],[106.11211,31.530022],[106.112215,31.530021],[106.112214,31.529931],[106.112109,31.529932],[106.112107,31.529842],[106.112002,31.529843],[106.112001,31.529752]]]}},{"type":"Feature","id":"citrus-parcels-10","properties":{"sourceId":"citrus-parcels","CLASS_ID":"1","CLASS_NAME":"掩膜提取2_tif [Classvalue=1]","AREA":4,"name":"掩膜提取2_tif [Classvalue=1]","orchardType":"掩膜提取2_tif [Classvalue=1]","areaMu":0.01},"geometry":{"type":"Polygon","coordinates":[[[106.111895,31.529663],[106.111579,31.529666],[106.11158,31.529756],[106.111685,31.529755],[106.111686,31.529845],[106.111792,31.529844],[106.11179,31.529754],[106.111896,31.529753],[106.111895,31.529663]]]}},{"type":"Feature","id":"citrus-parcels-11","properties":{"sourceId":"citrus-parcels","CLASS_ID":"1","CLASS_NAME":"掩膜提取2_tif [Classvalue=1]","AREA":158,"name":"掩膜提取2_tif [Classvalue=1]","orchardType":"掩膜提取2_tif [Classvalue=1]","areaMu":0.24},"geometry":{"type":"MultiPolygon","coordinates":[[[[106.111365,31.529397],[106.11126,31.529398],[106.111261,31.529488],[106.11105,31.52949],[106.111051,31.52958],[106.110946,31.529581],[106.110947,31.529671],[106.110736,31.529673],[106.110737,31.529763],[106.110632,31.529764],[106.110633,31.529855],[106.110528,31.529855],[106.110529,31.529946],[106.110423,31.529947],[106.110426,31.530127],[106.110531,31.530126],[106.110532,31.530216],[106.110637,31.530215],[106.110643,31.530666],[106.110537,31.530667],[106.110536,31.530577],[106.11022,31.53058],[106.110219,31.53049],[106.110009,31.530491],[106.11001,31.530582],[106.109904,31.530583],[106.109905,31.530673],[106.109695,31.530675],[106.109696,31.530765],[106.109485,31.530767],[106.109486,31.530857],[106.109381,31.530858],[106.109382,31.530948],[106.109487,31.530947],[106.109488,31.531037],[106.109699,31.531035],[106.109698,31.530945],[106.109803,31.530944],[106.109805,31.531125],[106.109911,31.531124],[106.109915,31.531485],[106.11002,31.531484],[106.110022,31.531664],[106.110338,31.531661],[106.110336,31.531481],[106.110231,31.531482],[106.11023,31.531392],[106.110441,31.53139],[106.110439,31.5313],[106.110545,31.531299],[106.110543,31.531118],[106.110753,31.531117],[106.110752,31.531026],[106.110858,31.531025],[106.110855,31.530845],[106.110961,31.530844],[106.110958,31.530573],[106.111063,31.530573],[106.111061,31.530392],[106.111166,31.530391],[106.111163,31.530121],[106.111268,31.53012],[106.111266,31.529939],[106.111161,31.52994],[106.11116,31.52985],[106.111054,31.529851],[106.111056,31.530031],[106.110846,31.530033],[106.110845,31.529943],[106.11095,31.529942],[106.110949,31.529852],[106.110844,31.529853],[106.110843,31.529763],[106.110948,31.529762],[106.110949,31.529852],[106.111054,31.529851],[106.111052,31.52967],[106.111157,31.52967],[106.111159,31.52976],[106.111264,31.529759],[106.111266,31.529939],[106.111371,31.529938],[106.11137,31.529848],[106.111476,31.529847],[106.111475,31.529757],[106.111369,31.529758],[106.111365,31.529397]]],[[[106.110332,31.53112],[106.110227,31.531121],[106.110225,31.530941],[106.11033,31.53094],[106.110332,31.53112]]]]}},{"type":"Feature","id":"citrus-parcels-12","properties":{"sourceId":"citrus-parcels","CLASS_ID":"1","CLASS_NAME":"掩膜提取2_tif [Classvalue=1]","AREA":1,"name":"掩膜提取2_tif [Classvalue=1]","orchardType":"掩膜提取2_tif [Classvalue=1]","areaMu":0},"geometry":{"type":"Polygon","coordinates":[[[106.111574,31.529305],[106.111469,31.529306],[106.11147,31.529396],[106.111576,31.529395],[106.111574,31.529305]]]}},{"type":"Feature","id":"citrus-parcels-13","properties":{"sourceId":"citrus-parcels","CLASS_ID":"1","CLASS_NAME":"掩膜提取2_tif [Classvalue=1]","AREA":1,"name":"掩膜提取2_tif [Classvalue=1]","orchardType":"掩膜提取2_tif [Classvalue=1]","areaMu":0},"geometry":{"type":"Polygon","coordinates":[[[106.118203,31.528706],[106.118098,31.528707],[106.118099,31.528797],[106.118204,31.528796],[106.118203,31.528706]]]}},{"type":"Feature","id":"citrus-parcels-14","properties":{"sourceId":"citrus-parcels","CLASS_ID":"1","CLASS_NAME":"掩膜提取2_tif [Classvalue=1]","AREA":53,"name":"掩膜提取2_tif [Classvalue=1]","orchardType":"掩膜提取2_tif [Classvalue=1]","areaMu":0.08},"geometry":{"type":"Polygon","coordinates":[[[106.113248,31.528298],[106.112826,31.528302],[106.112828,31.528392],[106.112617,31.528394],[106.112618,31.528484],[106.112513,31.528485],[106.112514,31.528575],[106.112303,31.528577],[106.112304,31.528667],[106.11241,31.528666],[106.112411,31.528756],[106.112305,31.528757],[106.112304,31.528667],[106.112199,31.528668],[106.1122,31.528758],[106.112095,31.528759],[106.112097,31.52894],[106.112202,31.528939],[106.112205,31.529209],[106.111995,31.529211],[106.111994,31.529121],[106.112099,31.52912],[106.112097,31.52894],[106.111886,31.528941],[106.111891,31.529393],[106.111997,31.529392],[106.111998,31.529482],[106.112103,31.529481],[106.112101,31.5293],[106.112312,31.529299],[106.11231,31.529118],[106.112415,31.529117],[106.112413,31.528937],[106.112729,31.528934],[106.112728,31.528844],[106.112833,31.528843],[106.112831,31.528663],[106.112936,31.528662],[106.112934,31.528481],[106.113039,31.52848],[106.113038,31.52839],[106.113249,31.528388],[106.113248,31.528298]]]}},{"type":"Feature","id":"citrus-parcels-15","properties":{"sourceId":"citrus-parcels","CLASS_ID":"1","CLASS_NAME":"掩膜提取2_tif [Classvalue=1]","AREA":3,"name":"掩膜提取2_tif [Classvalue=1]","orchardType":"掩膜提取2_tif [Classvalue=1]","areaMu":0},"geometry":{"type":"Polygon","coordinates":[[[106.113456,31.528116],[106.113246,31.528118],[106.113248,31.528298],[106.113353,31.528297],[106.113352,31.528207],[106.113457,31.528206],[106.113456,31.528116]]]}},{"type":"Feature","id":"citrus-parcels-16","properties":{"sourceId":"citrus-parcels","CLASS_ID":"1","CLASS_NAME":"掩膜提取2_tif [Classvalue=1]","AREA":1,"name":"掩膜提取2_tif [Classvalue=1]","orchardType":"掩膜提取2_tif [Classvalue=1]","areaMu":0},"geometry":{"type":"Polygon","coordinates":[[[106.118194,31.527984],[106.118089,31.527985],[106.11809,31.528075],[106.118195,31.528075],[106.118194,31.527984]]]}},{"type":"Feature","id":"citrus-parcels-17","properties":{"sourceId":"citrus-parcels","CLASS_ID":"1","CLASS_NAME":"掩膜提取2_tif [Classvalue=1]","AREA":126,"name":"掩膜提取2_tif [Classvalue=1]","orchardType":"掩膜提取2_tif [Classvalue=1]","areaMu":0.19},"geometry":{"type":"MultiPolygon","coordinates":[[[[106.114296,31.527838],[106.114085,31.52784],[106.114087,31.52802],[106.113876,31.528022],[106.113879,31.528202],[106.113668,31.528204],[106.113669,31.528294],[106.113564,31.528295],[106.113565,31.528386],[106.113249,31.528388],[106.11325,31.528479],[106.113145,31.528479],[106.113146,31.52857],[106.11304,31.528571],[106.113041,31.528661],[106.113147,31.52866],[106.113149,31.52884],[106.113044,31.528841],[106.113042,31.528751],[106.112937,31.528752],[106.112938,31.528842],[106.112833,31.528843],[106.112834,31.528933],[106.112729,31.528934],[106.11273,31.529024],[106.112519,31.529026],[106.112521,31.529207],[106.112416,31.529208],[106.112418,31.529388],[106.112207,31.52939],[106.112209,31.52948],[106.112103,31.529481],[106.112104,31.529571],[106.11221,31.52957],[106.112211,31.52966],[106.112316,31.529659],[106.112318,31.52984],[106.112423,31.529839],[106.112424,31.529929],[106.11253,31.529928],[106.112531,31.530018],[106.112636,31.530018],[106.112637,31.530108],[106.112743,31.530107],[106.11274,31.529926],[106.112846,31.529926],[106.112847,31.530016],[106.112952,31.530015],[106.112951,31.529925],[106.113162,31.529923],[106.113161,31.529833],[106.113371,31.529831],[106.11337,31.529741],[106.113581,31.529739],[106.113578,31.529468],[106.113472,31.529469],[106.113467,31.529018],[106.113362,31.529019],[106.113366,31.52938],[106.113261,31.529381],[106.113255,31.52893],[106.113361,31.528929],[106.113358,31.528748],[106.113464,31.528747],[106.113463,31.528657],[106.113568,31.528656],[106.113566,31.528476],[106.113671,31.528475],[106.11367,31.528385],[106.113775,31.528384],[106.113774,31.528294],[106.113985,31.528292],[106.113984,31.528201],[106.114089,31.528201],[106.114088,31.52811],[106.114193,31.528109],[106.114192,31.528019],[106.114298,31.528018],[106.114296,31.527838]]],[[[106.112631,31.529567],[106.112526,31.529567],[106.112527,31.529658],[106.112421,31.529659],[106.112419,31.529478],[106.112524,31.529477],[106.112522,31.529297],[106.112628,31.529296],[106.112627,31.529206],[106.112837,31.529204],[106.11284,31.529474],[106.112735,31.529475],[106.112736,31.529566],[106.112947,31.529564],[106.11295,31.529834],[106.112634,31.529837],[106.112631,31.529567]]],[[[106.113369,31.52965],[106.113158,31.529652],[106.113157,31.529562],[106.113368,31.52956],[106.113369,31.52965]]]]}},{"type":"Feature","id":"citrus-parcels-18","properties":{"sourceId":"citrus-parcels","CLASS_ID":"1","CLASS_NAME":"掩膜提取2_tif [Classvalue=1]","AREA":1,"name":"掩膜提取2_tif [Classvalue=1]","orchardType":"掩膜提取2_tif [Classvalue=1]","areaMu":0},"geometry":{"type":"Polygon","coordinates":[[[106.1144,31.527747],[106.114294,31.527748],[106.114296,31.527838],[106.114401,31.527837],[106.1144,31.527747]]]}},{"type":"Feature","id":"citrus-parcels-19","properties":{"sourceId":"citrus-parcels","CLASS_ID":"1","CLASS_NAME":"掩膜提取2_tif [Classvalue=1]","AREA":1,"name":"掩膜提取2_tif [Classvalue=1]","orchardType":"掩膜提取2_tif [Classvalue=1]","areaMu":0},"geometry":{"type":"Polygon","coordinates":[[[106.116927,31.527725],[106.116822,31.527726],[106.116823,31.527816],[106.116928,31.527815],[106.116927,31.527725]]]}},{"type":"Feature","id":"citrus-parcels-20","properties":{"sourceId":"citrus-parcels","CLASS_ID":"1","CLASS_NAME":"掩膜提取2_tif [Classvalue=1]","AREA":369,"name":"掩膜提取2_tif [Classvalue=1]","orchardType":"掩膜提取2_tif [Classvalue=1]","areaMu":0.55},"geometry":{"type":"Polygon","coordinates":[[[106.08217,31.527753],[106.081433,31.527759],[106.081436,31.52803],[106.081542,31.528029],[106.081543,31.528119],[106.081437,31.52812],[106.081439,31.5283],[106.081334,31.528301],[106.081341,31.528933],[106.081236,31.528934],[106.081239,31.529204],[106.080923,31.529207],[106.080924,31.529297],[106.080819,31.529298],[106.08082,31.529388],[106.081031,31.529386],[106.081032,31.529477],[106.081242,31.529475],[106.081243,31.529565],[106.081454,31.529563],[106.081455,31.529654],[106.081666,31.529652],[106.081667,31.529742],[106.081877,31.52974],[106.081878,31.52983],[106.082089,31.529829],[106.08209,31.529919],[106.082301,31.529917],[106.082302,31.530007],[106.082618,31.530005],[106.082619,31.530095],[106.082829,31.530093],[106.08283,31.530183],[106.082936,31.530182],[106.082935,31.530092],[106.08304,31.530091],[106.083038,31.529911],[106.083143,31.52991],[106.083142,31.52982],[106.083248,31.529819],[106.083245,31.529638],[106.083351,31.529637],[106.083349,31.529457],[106.083243,31.529458],[106.083242,31.529368],[106.082926,31.52937],[106.082923,31.5291],[106.082818,31.529101],[106.082817,31.52901],[106.082922,31.52901],[106.082921,31.528919],[106.083026,31.528918],[106.083025,31.528828],[106.083131,31.528827],[106.083129,31.528647],[106.083234,31.528646],[106.083232,31.528466],[106.083127,31.528467],[106.083126,31.528376],[106.082915,31.528378],[106.082914,31.528288],[106.082703,31.52829],[106.082702,31.528199],[106.082597,31.5282],[106.082596,31.52811],[106.082491,31.528111],[106.082489,31.528021],[106.082384,31.528022],[106.082383,31.527932],[106.082278,31.527932],[106.082277,31.527842],[106.082171,31.527843],[106.08217,31.527753]]]}},{"type":"Feature","id":"citrus-parcels-21","properties":{"sourceId":"citrus-parcels","CLASS_ID":"1","CLASS_NAME":"掩膜提取2_tif [Classvalue=1]","AREA":1,"name":"掩膜提取2_tif [Classvalue=1]","orchardType":"掩膜提取2_tif [Classvalue=1]","areaMu":0},"geometry":{"type":"Polygon","coordinates":[[[106.114713,31.527473],[106.114607,31.527474],[106.114608,31.527565],[106.114714,31.527564],[106.114713,31.527473]]]}},{"type":"Feature","id":"citrus-parcels-22","properties":{"sourceId":"citrus-parcels","CLASS_ID":"1","CLASS_NAME":"掩膜提取2_tif [Classvalue=1]","AREA":9,"name":"掩膜提取2_tif [Classvalue=1]","orchardType":"掩膜提取2_tif [Classvalue=1]","areaMu":0.01},"geometry":{"type":"Polygon","coordinates":[[[106.11492,31.527201],[106.114709,31.527203],[106.114711,31.527383],[106.114817,31.527382],[106.114819,31.527563],[106.114924,31.527562],[106.114923,31.527472],[106.115134,31.52747],[106.115133,31.52738],[106.115027,31.52738],[106.115026,31.52729],[106.114921,31.527291],[106.11492,31.527201]]]}},{"type":"Feature","id":"citrus-parcels-23","properties":{"sourceId":"citrus-parcels","CLASS_ID":"1","CLASS_NAME":"掩膜提取2_tif [Classvalue=1]","AREA":1,"name":"掩膜提取2_tif [Classvalue=1]","orchardType":"掩膜提取2_tif [Classvalue=1]","areaMu":0},"geometry":{"type":"Polygon","coordinates":[[[106.115866,31.527012],[106.11576,31.527013],[106.115761,31.527103],[106.115867,31.527102],[106.115866,31.527012]]]}},{"type":"Feature","id":"citrus-parcels-24","properties":{"sourceId":"citrus-parcels","CLASS_ID":"1","CLASS_NAME":"掩膜提取2_tif [Classvalue=1]","AREA":2,"name":"掩膜提取2_tif [Classvalue=1]","orchardType":"掩膜提取2_tif [Classvalue=1]","areaMu":0},"geometry":{"type":"Polygon","coordinates":[[[106.115549,31.526925],[106.115338,31.526927],[106.115339,31.527017],[106.11555,31.527015],[106.115549,31.526925]]]}},{"type":"Feature","id":"citrus-parcels-25","properties":{"sourceId":"citrus-parcels","CLASS_ID":"1","CLASS_NAME":"掩膜提取2_tif [Classvalue=1]","AREA":8,"name":"掩膜提取2_tif [Classvalue=1]","orchardType":"掩膜提取2_tif [Classvalue=1]","areaMu":0.01},"geometry":{"type":"Polygon","coordinates":[[[106.11481,31.526841],[106.114494,31.526844],[106.114498,31.527114],[106.114708,31.527113],[106.114707,31.527022],[106.114812,31.527021],[106.11481,31.526841]]]}},{"type":"Feature","id":"citrus-parcels-26","properties":{"sourceId":"citrus-parcels","CLASS_ID":"1","CLASS_NAME":"掩膜提取2_tif [Classvalue=1]","AREA":93,"name":"掩膜提取2_tif [Classvalue=1]","orchardType":"掩膜提取2_tif [Classvalue=1]","areaMu":0.14},"geometry":{"type":"MultiPolygon","coordinates":[[[[106.114283,31.526755],[106.114177,31.526756],[106.114178,31.526847],[106.114073,31.526847],[106.114074,31.526938],[106.113969,31.526939],[106.11397,31.527029],[106.113865,31.52703],[106.113866,31.52712],[106.113655,31.527122],[106.113656,31.527212],[106.113551,31.527213],[106.113553,31.527393],[106.113448,31.527394],[106.113449,31.527484],[106.113343,31.527485],[106.113345,31.527576],[106.113239,31.527576],[106.113241,31.527757],[106.113136,31.527758],[106.113137,31.527848],[106.113242,31.527847],[106.113243,31.527937],[106.113138,31.527938],[106.113139,31.528028],[106.113455,31.528026],[106.113456,31.528116],[106.113667,31.528114],[106.113666,31.528024],[106.113771,31.528023],[106.11377,31.527933],[106.113875,31.527932],[106.113874,31.527842],[106.114085,31.52784],[106.114084,31.52775],[106.114189,31.527749],[106.114188,31.527658],[106.114293,31.527657],[106.114292,31.527567],[106.114398,31.527566],[106.114396,31.527386],[106.11429,31.527387],[106.114288,31.527206],[106.114393,31.527206],[106.114389,31.526845],[106.114284,31.526846],[106.114283,31.526755]]],[[[106.114078,31.527299],[106.113868,31.5273],[106.113867,31.52721],[106.114077,31.527208],[106.114078,31.527299]]]]}},{"type":"Feature","id":"citrus-parcels-27","properties":{"sourceId":"citrus-parcels","CLASS_ID":"1","CLASS_NAME":"掩膜提取2_tif [Classvalue=1]","AREA":245,"name":"掩膜提取2_tif [Classvalue=1]","orchardType":"掩膜提取2_tif [Classvalue=1]","areaMu":0.37},"geometry":{"type":"MultiPolygon","coordinates":[[[[106.116174,31.526378],[106.116069,31.526379],[106.11607,31.526469],[106.115859,31.526471],[106.115861,31.526651],[106.115967,31.526651],[106.115969,31.526831],[106.116074,31.52683],[106.116075,31.52692],[106.11618,31.526919],[106.116182,31.52701],[106.116392,31.527008],[106.116393,31.527098],[106.116499,31.527097],[106.116497,31.527007],[106.116603,31.527006],[106.116605,31.527186],[106.116816,31.527184],[106.116813,31.527004],[106.117024,31.527002],[106.117025,31.527092],[106.117236,31.527091],[106.117237,31.527181],[106.117132,31.527182],[106.117136,31.527542],[106.11703,31.527543],[106.117035,31.527904],[106.116929,31.527905],[106.116933,31.528176],[106.117038,31.528175],[106.117044,31.528716],[106.11715,31.528715],[106.117153,31.528986],[106.117258,31.528985],[106.117259,31.529075],[106.11747,31.529073],[106.117471,31.529163],[106.117576,31.529163],[106.117577,31.529253],[106.117683,31.529252],[106.117684,31.529342],[106.117894,31.52934],[106.117889,31.528889],[106.117994,31.528888],[106.117991,31.528618],[106.118097,31.528617],[106.118093,31.528346],[106.117988,31.528347],[106.117987,31.528257],[106.118092,31.528256],[106.118091,31.528166],[106.117986,31.528167],[106.117984,31.527986],[106.118089,31.527985],[106.118086,31.527715],[106.11798,31.527716],[106.117983,31.527896],[106.117877,31.527897],[106.117875,31.527716],[106.11798,31.527716],[106.117978,31.527535],[106.117873,31.527536],[106.117874,31.527626],[106.117769,31.527627],[106.11777,31.527717],[106.117665,31.527718],[106.117662,31.527538],[106.117557,31.527539],[106.117556,31.527449],[106.117661,31.527448],[106.11766,31.527357],[106.117766,31.527357],[106.117764,31.527266],[106.117659,31.527267],[106.117658,31.527177],[106.117553,31.527178],[106.117552,31.527088],[106.117446,31.527089],[106.117445,31.526998],[106.11734,31.526999],[106.117339,31.526909],[106.117234,31.52691],[106.117233,31.52682],[106.117127,31.526821],[106.117126,31.526731],[106.117021,31.526732],[106.11702,31.526641],[106.116598,31.526645],[106.116597,31.526555],[106.116492,31.526556],[106.116491,31.526466],[106.116386,31.526466],[106.116385,31.526376],[106.116279,31.526377],[106.11628,31.526467],[106.116175,31.526468],[106.116174,31.526378]]],[[[106.117244,31.527812],[106.117139,31.527813],[106.117137,31.527633],[106.117242,31.527632],[106.117244,31.527812]]],[[[106.116812,31.526914],[106.116707,31.526915],[106.116705,31.526734],[106.11681,31.526733],[106.116812,31.526914]]],[[[106.116494,31.526736],[106.116389,31.526737],[106.116388,31.526647],[106.116493,31.526646],[106.116494,31.526736]]]]}},{"type":"Feature","id":"citrus-parcels-28","properties":{"sourceId":"citrus-parcels","CLASS_ID":"1","CLASS_NAME":"掩膜提取2_tif [Classvalue=1]","AREA":2,"name":"掩膜提取2_tif [Classvalue=1]","orchardType":"掩膜提取2_tif [Classvalue=1]","areaMu":0},"geometry":{"type":"Polygon","coordinates":[[[106.116701,31.526373],[106.11649,31.526375],[106.116491,31.526466],[106.116702,31.526464],[106.116701,31.526373]]]}},{"type":"Feature","id":"citrus-parcels-29","properties":{"sourceId":"citrus-parcels","CLASS_ID":"1","CLASS_NAME":"掩膜提取2_tif [Classvalue=1]","AREA":177,"name":"掩膜提取2_tif [Classvalue=1]","orchardType":"掩膜提取2_tif [Classvalue=1]","areaMu":0.27},"geometry":{"type":"MultiPolygon","coordinates":[[[[106.117119,31.526099],[106.116381,31.526106],[106.116383,31.526196],[106.116698,31.526193],[106.1167,31.526283],[106.116805,31.526282],[106.116806,31.526373],[106.116911,31.526372],[106.116912,31.526462],[106.117018,31.526461],[106.117019,31.526551],[106.117229,31.526549],[106.117231,31.52673],[106.117337,31.526729],[106.117338,31.526819],[106.117548,31.526817],[106.117551,31.526998],[106.117867,31.526995],[106.117868,31.527085],[106.117762,31.527086],[106.117763,31.527176],[106.117869,31.527175],[106.11787,31.527265],[106.117975,31.527265],[106.117976,31.527355],[106.118187,31.527353],[106.118188,31.527443],[106.118398,31.527441],[106.1184,31.527531],[106.11861,31.52753],[106.118611,31.52762],[106.118717,31.527619],[106.118716,31.527529],[106.118821,31.527528],[106.118822,31.527618],[106.119138,31.527615],[106.119139,31.527705],[106.11935,31.527704],[106.119348,31.527613],[106.119454,31.527612],[106.119452,31.527432],[106.119557,31.527431],[106.119554,31.52716],[106.119659,31.52716],[106.119656,31.526889],[106.119445,31.526891],[106.119446,31.526981],[106.119341,31.526982],[106.119339,31.526801],[106.118918,31.526805],[106.118919,31.526895],[106.118813,31.526896],[106.118814,31.526987],[106.118709,31.526987],[106.11871,31.527078],[106.118605,31.527079],[106.118604,31.526988],[106.118393,31.52699],[106.118392,31.5269],[106.118287,31.526901],[106.118286,31.526811],[106.11818,31.526812],[106.118179,31.526721],[106.118074,31.526722],[106.118073,31.526632],[106.117968,31.526633],[106.117966,31.526543],[106.117756,31.526545],[106.117757,31.526635],[106.117652,31.526636],[106.117651,31.526546],[106.117756,31.526545],[106.117755,31.526454],[106.117649,31.526455],[106.117648,31.526365],[106.117438,31.526367],[106.117437,31.526277],[106.117331,31.526278],[106.11733,31.526188],[106.11712,31.526189],[106.117119,31.526099]]],[[[106.119029,31.527345],[106.118924,31.527346],[106.118923,31.527256],[106.119028,31.527255],[106.119029,31.527345]]]]}},{"type":"Feature","id":"citrus-parcels-30","properties":{"sourceId":"citrus-parcels","CLASS_ID":"1","CLASS_NAME":"掩膜提取2_tif [Classvalue=1]","AREA":1,"name":"掩膜提取2_tif [Classvalue=1]","orchardType":"掩膜提取2_tif [Classvalue=1]","areaMu":0},"geometry":{"type":"Polygon","coordinates":[[[106.1189,31.525362],[106.118795,31.525363],[106.118796,31.525453],[106.118901,31.525452],[106.1189,31.525362]]]}},{"type":"Feature","id":"citrus-parcels-31","properties":{"sourceId":"citrus-parcels","CLASS_ID":"1","CLASS_NAME":"掩膜提取2_tif [Classvalue=1]","AREA":1,"name":"掩膜提取2_tif [Classvalue=1]","orchardType":"掩膜提取2_tif [Classvalue=1]","areaMu":0},"geometry":{"type":"Polygon","coordinates":[[[106.118792,31.525092],[106.118686,31.525093],[106.118688,31.525183],[106.118793,31.525182],[106.118792,31.525092]]]}},{"type":"Feature","id":"citrus-parcels-32","properties":{"sourceId":"citrus-parcels","CLASS_ID":"1","CLASS_NAME":"掩膜提取2_tif [Classvalue=1]","AREA":175,"name":"掩膜提取2_tif [Classvalue=1]","orchardType":"掩膜提取2_tif [Classvalue=1]","areaMu":0.26},"geometry":{"type":"MultiPolygon","coordinates":[[[[106.120053,31.524901],[106.119948,31.524902],[106.119951,31.525172],[106.120057,31.525171],[106.120059,31.525352],[106.120164,31.525351],[106.120166,31.525531],[106.120061,31.525532],[106.120062,31.525622],[106.119746,31.525625],[106.119747,31.525715],[106.119431,31.525718],[106.119433,31.525898],[106.119644,31.525897],[106.119647,31.526167],[106.119752,31.526166],[106.119759,31.526708],[106.119864,31.526707],[106.119866,31.526887],[106.120077,31.526885],[106.120076,31.526795],[106.120287,31.526793],[106.120286,31.526703],[106.120496,31.526701],[106.120495,31.526611],[106.120706,31.526609],[106.120705,31.526519],[106.12081,31.526518],[106.120809,31.526428],[106.120914,31.526427],[106.120912,31.526246],[106.121017,31.526245],[106.121015,31.526065],[106.12112,31.526064],[106.121118,31.525884],[106.121224,31.525883],[106.121223,31.525793],[106.121117,31.525794],[106.121116,31.525703],[106.121011,31.525704],[106.12101,31.525614],[106.120799,31.525616],[106.120798,31.525526],[106.120693,31.525527],[106.120692,31.525436],[106.120586,31.525437],[106.120585,31.525347],[106.120375,31.525349],[106.120374,31.525259],[106.120163,31.525261],[106.120161,31.52508],[106.120056,31.525081],[106.120053,31.524901]]],[[[106.119855,31.525895],[106.119749,31.525896],[106.119748,31.525806],[106.119853,31.525805],[106.119855,31.525895]]]]}},{"type":"Feature","id":"citrus-parcels-33","properties":{"sourceId":"citrus-parcels","CLASS_ID":"1","CLASS_NAME":"掩膜提取2_tif [Classvalue=1]","AREA":3,"name":"掩膜提取2_tif [Classvalue=1]","orchardType":"掩膜提取2_tif [Classvalue=1]","areaMu":0},"geometry":{"type":"Polygon","coordinates":[[[106.119522,31.524544],[106.119417,31.524545],[106.119419,31.524726],[106.11963,31.524724],[106.119629,31.524634],[106.119524,31.524635],[106.119522,31.524544]]]}},{"type":"Feature","id":"citrus-parcels-34","properties":{"sourceId":"citrus-parcels","CLASS_ID":"1","CLASS_NAME":"掩膜提取2_tif [Classvalue=1]","AREA":8,"name":"掩膜提取2_tif [Classvalue=1]","orchardType":"掩膜提取2_tif [Classvalue=1]","areaMu":0.01},"geometry":{"type":"Polygon","coordinates":[[[106.123944,31.524415],[106.123734,31.524417],[106.123738,31.524778],[106.123843,31.524777],[106.123841,31.524597],[106.123947,31.524596],[106.123948,31.524686],[106.124053,31.524685],[106.124051,31.524505],[106.123946,31.524506],[106.123944,31.524415]]]}},{"type":"Feature","id":"citrus-parcels-35","properties":{"sourceId":"citrus-parcels","CLASS_ID":"1","CLASS_NAME":"掩膜提取2_tif [Classvalue=1]","AREA":1,"name":"掩膜提取2_tif [Classvalue=1]","orchardType":"掩膜提取2_tif [Classvalue=1]","areaMu":0},"geometry":{"type":"Polygon","coordinates":[[[106.12426,31.524413],[106.124155,31.524414],[106.124156,31.524504],[106.124261,31.524503],[106.12426,31.524413]]]}},{"type":"Feature","id":"citrus-parcels-36","properties":{"sourceId":"citrus-parcels","CLASS_ID":"1","CLASS_NAME":"掩膜提取2_tif [Classvalue=1]","AREA":20,"name":"掩膜提取2_tif [Classvalue=1]","orchardType":"掩膜提取2_tif [Classvalue=1]","areaMu":0.03},"geometry":{"type":"Polygon","coordinates":[[[106.120467,31.524266],[106.120362,31.524266],[106.120365,31.524537],[106.120049,31.52454],[106.12005,31.52463],[106.11984,31.524632],[106.119837,31.524451],[106.119732,31.524452],[106.119736,31.524813],[106.119842,31.524812],[106.119843,31.524903],[106.119948,31.524902],[106.119947,31.524811],[106.120052,31.52481],[106.120051,31.52472],[106.120157,31.524719],[106.120155,31.524629],[106.120261,31.524628],[106.120262,31.524718],[106.120367,31.524717],[106.120366,31.524627],[106.120577,31.524625],[106.120575,31.524445],[106.120469,31.524446],[106.120467,31.524266]]]}},{"type":"Feature","id":"citrus-parcels-37","properties":{"sourceId":"citrus-parcels","CLASS_ID":"1","CLASS_NAME":"掩膜提取2_tif [Classvalue=1]","AREA":3,"name":"掩膜提取2_tif [Classvalue=1]","orchardType":"掩膜提取2_tif [Classvalue=1]","areaMu":0},"geometry":{"type":"Polygon","coordinates":[[[106.119729,31.524182],[106.119624,31.524183],[106.119626,31.524363],[106.119836,31.524361],[106.119835,31.524271],[106.11973,31.524272],[106.119729,31.524182]]]}},{"type":"Feature","id":"citrus-parcels-38","properties":{"sourceId":"citrus-parcels","CLASS_ID":"1","CLASS_NAME":"掩膜提取2_tif [Classvalue=1]","AREA":1,"name":"掩膜提取2_tif [Classvalue=1]","orchardType":"掩膜提取2_tif [Classvalue=1]","areaMu":0},"geometry":{"type":"Polygon","coordinates":[[[106.123625,31.524148],[106.12352,31.524149],[106.123521,31.524239],[106.123626,31.524238],[106.123625,31.524148]]]}},{"type":"Feature","id":"citrus-parcels-39","properties":{"sourceId":"citrus-parcels","CLASS_ID":"1","CLASS_NAME":"掩膜提取2_tif [Classvalue=1]","AREA":4,"name":"掩膜提取2_tif [Classvalue=1]","orchardType":"掩膜提取2_tif [Classvalue=1]","areaMu":0.01},"geometry":{"type":"Polygon","coordinates":[[[106.124152,31.524143],[106.124047,31.524144],[106.124048,31.524234],[106.123942,31.524235],[106.123943,31.524325],[106.124259,31.524322],[106.124258,31.524232],[106.124153,31.524233],[106.124152,31.524143]]]}},{"type":"Feature","id":"citrus-parcels-40","properties":{"sourceId":"citrus-parcels","CLASS_ID":"1","CLASS_NAME":"掩膜提取2_tif [Classvalue=1]","AREA":7,"name":"掩膜提取2_tif [Classvalue=1]","orchardType":"掩膜提取2_tif [Classvalue=1]","areaMu":0.01},"geometry":{"type":"Polygon","coordinates":[[[106.122255,31.524069],[106.121729,31.524074],[106.121731,31.524254],[106.121941,31.524253],[106.12194,31.524162],[106.122256,31.52416],[106.122255,31.524069]]]}},{"type":"Feature","id":"citrus-parcels-41","properties":{"sourceId":"citrus-parcels","CLASS_ID":"1","CLASS_NAME":"掩膜提取2_tif [Classvalue=1]","AREA":27,"name":"掩膜提取2_tif [Classvalue=1]","orchardType":"掩膜提取2_tif [Classvalue=1]","areaMu":0.04},"geometry":{"type":"Polygon","coordinates":[[[106.123098,31.524062],[106.122676,31.524066],[106.122677,31.524156],[106.122783,31.524155],[106.122784,31.524245],[106.122994,31.524243],[106.122996,31.524334],[106.123101,31.524333],[106.123103,31.524513],[106.123314,31.524511],[106.123315,31.524601],[106.123525,31.5246],[106.123524,31.524509],[106.12363,31.524508],[106.123627,31.524328],[106.123522,31.524329],[106.123521,31.524239],[106.123416,31.52424],[106.123415,31.524149],[106.123099,31.524152],[106.123098,31.524062]]]}},{"type":"Feature","id":"citrus-parcels-42","properties":{"sourceId":"citrus-parcels","CLASS_ID":"1","CLASS_NAME":"掩膜提取2_tif [Classvalue=1]","AREA":1,"name":"掩膜提取2_tif [Classvalue=1]","orchardType":"掩膜提取2_tif [Classvalue=1]","areaMu":0},"geometry":{"type":"Polygon","coordinates":[[[106.119832,31.524],[106.119727,31.524001],[106.119728,31.524092],[106.119833,31.524091],[106.119832,31.524]]]}},{"type":"Feature","id":"citrus-parcels-43","properties":{"sourceId":"citrus-parcels","CLASS_ID":"1","CLASS_NAME":"掩膜提取2_tif [Classvalue=1]","AREA":1,"name":"掩膜提取2_tif [Classvalue=1]","orchardType":"掩膜提取2_tif [Classvalue=1]","areaMu":0},"geometry":{"type":"Polygon","coordinates":[[[106.120146,31.523817],[106.12004,31.523818],[106.120042,31.523908],[106.120147,31.523907],[106.120146,31.523817]]]}},{"type":"Feature","id":"citrus-parcels-44","properties":{"sourceId":"citrus-parcels","CLASS_ID":"1","CLASS_NAME":"掩膜提取2_tif [Classvalue=1]","AREA":1,"name":"掩膜提取2_tif [Classvalue=1]","orchardType":"掩膜提取2_tif [Classvalue=1]","areaMu":0},"geometry":{"type":"Polygon","coordinates":[[[106.119408,31.523734],[106.119302,31.523734],[106.119303,31.523825],[106.119409,31.523824],[106.119408,31.523734]]]}},{"type":"Feature","id":"citrus-parcels-45","properties":{"sourceId":"citrus-parcels","CLASS_ID":"1","CLASS_NAME":"掩膜提取2_tif [Classvalue=1]","AREA":14,"name":"掩膜提取2_tif [Classvalue=1]","orchardType":"掩膜提取2_tif [Classvalue=1]","areaMu":0.02},"geometry":{"type":"Polygon","coordinates":[[[106.12225,31.523618],[106.121723,31.523623],[106.121724,31.523713],[106.121935,31.523711],[106.121936,31.523802],[106.121831,31.523802],[106.121833,31.523983],[106.122043,31.523981],[106.122042,31.523891],[106.122253,31.523889],[106.12225,31.523618]]]}},{"type":"Feature","id":"citrus-parcels-46","properties":{"sourceId":"citrus-parcels","CLASS_ID":"1","CLASS_NAME":"掩膜提取2_tif [Classvalue=1]","AREA":72,"name":"掩膜提取2_tif [Classvalue=1]","orchardType":"掩膜提取2_tif [Classvalue=1]","areaMu":0.11},"geometry":{"type":"Polygon","coordinates":[[[106.12109,31.523538],[106.12088,31.52354],[106.120881,31.52363],[106.120775,31.523631],[106.120777,31.523722],[106.120671,31.523722],[106.120672,31.523813],[106.120778,31.523812],[106.120782,31.524173],[106.120887,31.524172],[106.120892,31.524532],[106.120786,31.524533],[106.120788,31.524714],[106.120683,31.524715],[106.120686,31.524985],[106.120581,31.524986],[106.120583,31.525167],[106.120688,31.525166],[106.12069,31.525256],[106.120795,31.525255],[106.120796,31.525345],[106.120901,31.525344],[106.120902,31.525435],[106.121008,31.525434],[106.121009,31.525524],[106.121114,31.525523],[106.121115,31.525613],[106.12122,31.525612],[106.121211,31.5248],[106.121316,31.524799],[106.121313,31.524529],[106.121207,31.52453],[106.12121,31.52471],[106.121104,31.524711],[106.121111,31.525252],[106.121005,31.525253],[106.120998,31.524622],[106.121103,31.524621],[106.121098,31.52417],[106.121203,31.524169],[106.121201,31.523988],[106.121096,31.523989],[106.121095,31.523899],[106.120884,31.523901],[106.120883,31.523811],[106.120988,31.52381],[106.120987,31.52372],[106.121092,31.523719],[106.12109,31.523538]]]}},{"type":"Feature","id":"citrus-parcels-47","properties":{"sourceId":"citrus-parcels","CLASS_ID":"1","CLASS_NAME":"掩膜提取2_tif [Classvalue=1]","AREA":1,"name":"掩膜提取2_tif [Classvalue=1]","orchardType":"掩膜提取2_tif [Classvalue=1]","areaMu":0},"geometry":{"type":"Polygon","coordinates":[[[106.121195,31.523447],[106.121089,31.523448],[106.12109,31.523538],[106.121196,31.523537],[106.121195,31.523447]]]}},{"type":"Feature","id":"citrus-parcels-48","properties":{"sourceId":"citrus-parcels","CLASS_ID":"1","CLASS_NAME":"掩膜提取2_tif [Classvalue=1]","AREA":9,"name":"掩膜提取2_tif [Classvalue=1]","orchardType":"掩膜提取2_tif [Classvalue=1]","areaMu":0.01},"geometry":{"type":"Polygon","coordinates":[[[106.122669,31.523434],[106.121932,31.523441],[106.121933,31.523531],[106.122354,31.523527],[106.122355,31.523617],[106.12246,31.523617],[106.122459,31.523526],[106.122565,31.523525],[106.122566,31.523616],[106.122671,31.523615],[106.122669,31.523434]]]}},{"type":"Feature","id":"citrus-parcels-49","properties":{"sourceId":"citrus-parcels","CLASS_ID":"1","CLASS_NAME":"掩膜提取2_tif [Classvalue=1]","AREA":1,"name":"掩膜提取2_tif [Classvalue=1]","orchardType":"掩膜提取2_tif [Classvalue=1]","areaMu":0},"geometry":{"type":"Polygon","coordinates":[[[106.121931,31.523351],[106.121825,31.523351],[106.121826,31.523442],[106.121932,31.523441],[106.121931,31.523351]]]}},{"type":"Feature","id":"citrus-parcels-50","properties":{"sourceId":"citrus-parcels","CLASS_ID":"1","CLASS_NAME":"掩膜提取2_tif [Classvalue=1]","AREA":1806,"name":"掩膜提取2_tif [Classvalue=1]","orchardType":"掩膜提取2_tif [Classvalue=1]","areaMu":2.71},"geometry":{"type":"MultiPolygon","coordinates":[[[[106.086436,31.523206],[106.086331,31.523207],[106.086332,31.523297],[106.086227,31.523298],[106.086229,31.523478],[106.086334,31.523477],[106.086336,31.523658],[106.086231,31.523659],[106.08623,31.523568],[106.086019,31.52357],[106.08602,31.52366],[106.085809,31.523662],[106.085811,31.523752],[106.085705,31.523753],[106.085706,31.523844],[106.085601,31.523844],[106.085602,31.523935],[106.085497,31.523936],[106.085498,31.524026],[106.085392,31.524027],[106.085393,31.524117],[106.085288,31.524118],[106.085289,31.524208],[106.085394,31.524207],[106.085396,31.524297],[106.08529,31.524298],[106.085291,31.524388],[106.085081,31.52439],[106.085082,31.52448],[106.084976,31.524481],[106.084977,31.524571],[106.084872,31.524572],[106.084873,31.524663],[106.084768,31.524663],[106.08477,31.524844],[106.084665,31.524845],[106.084666,31.524935],[106.08456,31.524936],[106.084562,31.525116],[106.084668,31.525115],[106.08467,31.525296],[106.084775,31.525295],[106.084776,31.525385],[106.084881,31.525384],[106.084886,31.525745],[106.084991,31.525744],[106.084992,31.525834],[106.085097,31.525834],[106.0851,31.526104],[106.085206,31.526103],[106.085208,31.526284],[106.085524,31.526281],[106.085523,31.526191],[106.085944,31.526187],[106.085945,31.526277],[106.085524,31.526281],[106.085525,31.526371],[106.085946,31.526368],[106.085948,31.526548],[106.086053,31.526547],[106.08606,31.527088],[106.085954,31.527089],[106.085957,31.52727],[106.085851,31.527271],[106.085852,31.527361],[106.085747,31.527362],[106.085748,31.527452],[106.085643,31.527453],[106.085644,31.527543],[106.085749,31.527542],[106.08575,31.527632],[106.085855,31.527631],[106.085856,31.527722],[106.085962,31.527721],[106.085963,31.527811],[106.086068,31.52781],[106.086069,31.5279],[106.08628,31.527898],[106.086279,31.527808],[106.086489,31.527806],[106.08649,31.527897],[106.086385,31.527898],[106.086388,31.528168],[106.086494,31.528167],[106.086496,31.528348],[106.086601,31.528347],[106.086603,31.528527],[106.086814,31.528525],[106.086817,31.528796],[106.086922,31.528795],[106.086924,31.528976],[106.08703,31.528975],[106.087031,31.529065],[106.087136,31.529064],[106.087138,31.529244],[106.087033,31.529245],[106.087036,31.529516],[106.08693,31.529517],[106.086932,31.529607],[106.086826,31.529608],[106.086827,31.529698],[106.086722,31.529699],[106.086724,31.529879],[106.086092,31.529885],[106.086093,31.529975],[106.085883,31.529977],[106.085884,31.530067],[106.085673,31.530069],[106.085674,31.530159],[106.085253,31.530163],[106.085252,31.530072],[106.08462,31.530078],[106.084619,31.529988],[106.084724,31.529987],[106.084717,31.529355],[106.084611,31.529356],[106.084609,31.529176],[106.084504,31.529177],[106.084502,31.528996],[106.084397,31.528997],[106.084398,31.529087],[106.083976,31.529091],[106.083977,31.529181],[106.083767,31.529183],[106.083771,31.529544],[106.083666,31.529545],[106.083667,31.529635],[106.083772,31.529634],[106.083775,31.529905],[106.083986,31.529903],[106.083987,31.529993],[106.084092,31.529992],[106.084093,31.530082],[106.084198,31.530081],[106.0842,31.530172],[106.08441,31.53017],[106.084411,31.53026],[106.084517,31.530259],[106.084518,31.530349],[106.084623,31.530348],[106.084624,31.530439],[106.084835,31.530437],[106.084836,31.530527],[106.084941,31.530526],[106.084942,31.530616],[106.085153,31.530615],[106.085155,31.530795],[106.085365,31.530793],[106.085367,31.530974],[106.085578,31.530972],[106.085579,31.531062],[106.085684,31.531061],[106.085685,31.531151],[106.085791,31.53115],[106.085792,31.531241],[106.085897,31.53124],[106.085898,31.53133],[106.086004,31.531329],[106.086002,31.531239],[106.086108,31.531238],[106.086107,31.531148],[106.086212,31.531147],[106.086211,31.531057],[106.086316,31.531056],[106.086315,31.530966],[106.086421,31.530965],[106.08642,31.530874],[106.086525,31.530874],[106.086524,31.530783],[106.086629,31.530782],[106.086628,31.530692],[106.086733,31.530691],[106.086732,31.530601],[106.086838,31.5306],[106.086837,31.53051],[106.086942,31.530509],[106.086941,31.530419],[106.087046,31.530418],[106.087045,31.530328],[106.087151,31.530327],[106.087149,31.530237],[106.087255,31.530236],[106.087254,31.530146],[106.087359,31.530145],[106.087358,31.530055],[106.087463,31.530054],[106.087461,31.529873],[106.087567,31.529872],[106.087566,31.529782],[106.087671,31.529781],[106.087672,31.529871],[106.087567,31.529872],[106.087569,31.530053],[106.087463,31.530054],[106.087464,31.530144],[106.087359,31.530145],[106.08736,31.530235],[106.087255,31.530236],[106.087256,31.530326],[106.087151,31.530327],[106.087152,31.530417],[106.087046,31.530418],[106.087047,31.530508],[106.087153,31.530507],[106.087154,31.530598],[106.087048,31.530598],[106.087047,31.530508],[106.086942,31.530509],[106.086943,31.530599],[106.086838,31.5306],[106.086839,31.53069],[106.086733,31.530691],[106.086734,31.530782],[106.086629,31.530782],[106.08663,31.530873],[106.086525,31.530874],[106.086526,31.530964],[106.086421,31.530965],[106.086422,31.531055],[106.086316,31.531056],[106.086317,31.531146],[106.086212,31.531147],[106.086213,31.531237],[106.086108,31.531238],[106.086109,31.531328],[106.086214,31.531327],[106.086216,31.531508],[106.086111,31.531509],[106.086109,31.531328],[106.086004,31.531329],[106.086005,31.531419],[106.085899,31.53142],[106.085903,31.531781],[106.086009,31.53178],[106.08601,31.53187],[106.085904,31.531871],[106.085903,31.531781],[106.085798,31.531782],[106.085805,31.532413],[106.085911,31.532412],[106.085917,31.532954],[106.086022,31.532953],[106.086029,31.533494],[106.086134,31.533493],[106.086137,31.533764],[106.086242,31.533763],[106.086244,31.533943],[106.08635,31.533942],[106.086351,31.534033],[106.086456,31.534032],[106.086455,31.533942],[106.08656,31.533941],[106.086559,31.53385],[106.086665,31.53385],[106.086664,31.533759],[106.086769,31.533758],[106.086762,31.533127],[106.086867,31.533126],[106.086865,31.532946],[106.08676,31.532947],[106.086756,31.532676],[106.086651,31.532677],[106.086649,31.532496],[106.086438,31.532498],[106.086434,31.532137],[106.086329,31.532138],[106.086326,31.531868],[106.086431,31.531867],[106.086429,31.531686],[106.086534,31.531685],[106.086531,31.531415],[106.086636,31.531414],[106.086635,31.531324],[106.086741,31.531323],[106.086738,31.531052],[106.086843,31.531051],[106.086844,31.531142],[106.08716,31.531139],[106.087159,31.531049],[106.087054,31.53105],[106.08705,31.530779],[106.087156,31.530778],[106.087159,31.531049],[106.08737,31.531047],[106.087368,31.530957],[106.087579,31.530955],[106.087578,31.530865],[106.087683,31.530864],[106.087681,31.530683],[106.087787,31.530682],[106.087785,31.530502],[106.08789,31.530501],[106.087888,31.530321],[106.087993,31.53032],[106.087992,31.53023],[106.088308,31.530227],[106.088307,31.530137],[106.088412,31.530136],[106.088413,31.530226],[106.088624,31.530224],[106.088625,31.530314],[106.08873,31.530314],[106.088731,31.530404],[106.088942,31.530402],[106.088943,31.530492],[106.089048,31.530491],[106.089047,31.530401],[106.089258,31.530399],[106.089259,31.530489],[106.08947,31.530488],[106.089466,31.530217],[106.089361,31.530218],[106.089355,31.529677],[106.08925,31.529678],[106.089246,31.529407],[106.089141,31.529408],[106.08914,31.529318],[106.088929,31.529319],[106.088928,31.529229],[106.088823,31.52923],[106.088822,31.52914],[106.088611,31.529142],[106.088612,31.529232],[106.088507,31.529233],[106.088506,31.529143],[106.088611,31.529142],[106.08861,31.529051],[106.0884,31.529053],[106.088399,31.528963],[106.088293,31.528964],[106.088292,31.528874],[106.088187,31.528875],[106.088189,31.529055],[106.088084,31.529056],[106.088085,31.529146],[106.087979,31.529147],[106.087982,31.529327],[106.087876,31.529328],[106.087878,31.529509],[106.087773,31.52951],[106.087771,31.529329],[106.087876,31.529328],[106.087871,31.528877],[106.087766,31.528878],[106.087764,31.528698],[106.087658,31.528699],[106.087656,31.528518],[106.087551,31.528519],[106.08755,31.528429],[106.087445,31.52843],[106.087442,31.528249],[106.087337,31.52825],[106.087336,31.52816],[106.087231,31.528161],[106.087229,31.527981],[106.087123,31.527982],[106.087121,31.527801],[106.087016,31.527802],[106.087015,31.527712],[106.086699,31.527714],[106.086694,31.527263],[106.086588,31.527264],[106.08658,31.526543],[106.086475,31.526544],[106.086471,31.526183],[106.086155,31.526185],[106.086154,31.526095],[106.08647,31.526093],[106.086465,31.525732],[106.086571,31.525731],[106.086575,31.526092],[106.08668,31.526091],[106.086685,31.526542],[106.086791,31.526541],[106.086792,31.526631],[106.086686,31.526632],[106.086687,31.526722],[106.086793,31.526721],[106.086795,31.526902],[106.0869,31.526901],[106.086901,31.526991],[106.086796,31.526992],[106.086797,31.527082],[106.086902,31.527081],[106.086904,31.527262],[106.08701,31.527261],[106.087003,31.52672],[106.087109,31.526719],[106.087106,31.526448],[106.087211,31.526447],[106.087207,31.526086],[106.087312,31.526085],[106.087311,31.525995],[106.087416,31.525994],[106.087414,31.525814],[106.08752,31.525813],[106.087518,31.525723],[106.087624,31.525722],[106.087623,31.525632],[106.087728,31.525631],[106.087727,31.525541],[106.087832,31.52554],[106.087831,31.525449],[106.088042,31.525448],[106.088041,31.525357],[106.088146,31.525357],[106.088145,31.525266],[106.08825,31.525265],[106.088249,31.525175],[106.088355,31.525174],[106.088354,31.525084],[106.088564,31.525082],[106.088563,31.524992],[106.088458,31.524993],[106.088456,31.524813],[106.088351,31.524813],[106.088349,31.524723],[106.088244,31.524724],[106.088243,31.524634],[106.088138,31.524635],[106.088136,31.524454],[106.08803,31.524455],[106.088029,31.524365],[106.087292,31.524371],[106.087293,31.524462],[106.087188,31.524463],[106.087189,31.524553],[106.087084,31.524554],[106.087085,31.524644],[106.086979,31.524645],[106.086977,31.524464],[106.086556,31.524468],[106.086557,31.524558],[106.086452,31.524559],[106.086457,31.52501],[106.086352,31.525011],[106.086351,31.524921],[106.086245,31.524922],[106.086242,31.524651],[106.086348,31.52465],[106.086346,31.52456],[106.086241,31.524561],[106.086238,31.52429],[106.086343,31.524289],[106.086341,31.524109],[106.086236,31.52411],[106.086234,31.523929],[106.086339,31.523928],[106.086341,31.524109],[106.086447,31.524108],[106.086449,31.524288],[106.086343,31.524289],[106.086344,31.524379],[106.086766,31.524376],[106.086765,31.524286],[106.086975,31.524284],[106.086971,31.523923],[106.087182,31.523921],[106.087181,31.523831],[106.087075,31.523832],[106.087073,31.523652],[106.087179,31.523651],[106.087176,31.52347],[106.08686,31.523473],[106.086859,31.523383],[106.086438,31.523386],[106.086436,31.523206]]],[[[106.086218,31.531688],[106.086008,31.53169],[106.086007,31.5316],[106.086217,31.531598],[106.086218,31.531688]]],[[[106.087884,31.52996],[106.087778,31.529961],[106.087777,31.529871],[106.087883,31.52987],[106.087884,31.52996]]],[[[106.088304,31.529866],[106.088198,31.529867],[106.088196,31.529687],[106.088302,31.529686],[106.088304,31.529866]]],[[[106.085095,31.525653],[106.08499,31.525654],[106.084989,31.525564],[106.085094,31.525563],[106.085095,31.525653]]],[[[106.086356,31.525372],[106.086251,31.525373],[106.086247,31.525102],[106.086353,31.525101],[106.086355,31.525282],[106.08646,31.525281],[106.086464,31.525641],[106.086359,31.525642],[106.086356,31.525372]]],[[[106.087407,31.525182],[106.087302,31.525183],[106.087301,31.525093],[106.087406,31.525092],[106.087407,31.525182]]],[[[106.086443,31.523837],[106.086338,31.523838],[106.086337,31.523748],[106.086442,31.523747],[106.086443,31.523837]]]]}},{"type":"Feature","id":"citrus-parcels-51","properties":{"sourceId":"citrus-parcels","CLASS_ID":"1","CLASS_NAME":"掩膜提取2_tif [Classvalue=1]","AREA":1,"name":"掩膜提取2_tif [Classvalue=1]","orchardType":"掩膜提取2_tif [Classvalue=1]","areaMu":0},"geometry":{"type":"Polygon","coordinates":[[[106.13391,31.52108],[106.133804,31.521081],[106.133805,31.521171],[106.133911,31.52117],[106.13391,31.52108]]]}},{"type":"Feature","id":"citrus-parcels-52","properties":{"sourceId":"citrus-parcels","CLASS_ID":"1","CLASS_NAME":"掩膜提取2_tif [Classvalue=1]","AREA":1,"name":"掩膜提取2_tif [Classvalue=1]","orchardType":"掩膜提取2_tif [Classvalue=1]","areaMu":0},"geometry":{"type":"Polygon","coordinates":[[[106.134331,31.521076],[106.134226,31.521077],[106.134227,31.521167],[106.134332,31.521166],[106.134331,31.521076]]]}},{"type":"Feature","id":"citrus-parcels-53","properties":{"sourceId":"citrus-parcels","CLASS_ID":"1","CLASS_NAME":"掩膜提取2_tif [Classvalue=1]","AREA":1,"name":"掩膜提取2_tif [Classvalue=1]","orchardType":"掩膜提取2_tif [Classvalue=1]","areaMu":0},"geometry":{"type":"Polygon","coordinates":[[[106.134958,31.52071],[106.134853,31.52071],[106.134854,31.520801],[106.134959,31.5208],[106.134958,31.52071]]]}},{"type":"Feature","id":"citrus-parcels-54","properties":{"sourceId":"citrus-parcels","CLASS_ID":"1","CLASS_NAME":"掩膜提取2_tif [Classvalue=1]","AREA":2,"name":"掩膜提取2_tif [Classvalue=1]","orchardType":"掩膜提取2_tif [Classvalue=1]","areaMu":0},"geometry":{"type":"Polygon","coordinates":[[[106.134848,31.520259],[106.134637,31.520261],[106.134638,31.520352],[106.134849,31.52035],[106.134848,31.520259]]]}},{"type":"Feature","id":"citrus-parcels-55","properties":{"sourceId":"citrus-parcels","CLASS_ID":"1","CLASS_NAME":"掩膜提取2_tif [Classvalue=1]","AREA":186,"name":"掩膜提取2_tif [Classvalue=1]","orchardType":"掩膜提取2_tif [Classvalue=1]","areaMu":0.28},"geometry":{"type":"MultiPolygon","coordinates":[[[[106.134319,31.520084],[106.134108,31.520086],[106.134109,31.520176],[106.134215,31.520175],[106.134217,31.520355],[106.134322,31.520354],[106.134323,31.520445],[106.134218,31.520445],[106.134219,31.520536],[106.134324,31.520535],[106.134325,31.520625],[106.133799,31.52063],[106.133796,31.520359],[106.134006,31.520357],[106.134005,31.520267],[106.133584,31.520271],[106.133585,31.520361],[106.133269,31.520364],[106.13327,31.520454],[106.133165,31.520455],[106.133169,31.520816],[106.133275,31.520815],[106.133277,31.520995],[106.133382,31.520994],[106.133383,31.521084],[106.133278,31.521085],[106.133279,31.521176],[106.133174,31.521176],[106.133177,31.521447],[106.133282,31.521446],[106.133284,31.521627],[106.13339,31.521626],[106.133389,31.521535],[106.133494,31.521534],[106.133495,31.521625],[106.1336,31.521624],[106.133601,31.521714],[106.133285,31.521717],[106.133286,31.521807],[106.133602,31.521804],[106.133603,31.521894],[106.133814,31.521893],[106.133813,31.521802],[106.133918,31.521801],[106.133919,31.521892],[106.134025,31.521891],[106.134024,31.5218],[106.134234,31.521799],[106.134235,31.521889],[106.134446,31.521887],[106.134445,31.521797],[106.134655,31.521795],[106.134654,31.521705],[106.134865,31.521703],[106.134864,31.521613],[106.134969,31.521612],[106.134967,31.521431],[106.135072,31.52143],[106.135071,31.52134],[106.135177,31.521339],[106.135175,31.521249],[106.135281,31.521248],[106.135279,31.521068],[106.135068,31.521069],[106.135069,31.52116],[106.134964,31.521161],[106.134965,31.521251],[106.134754,31.521253],[106.134752,31.521072],[106.134647,31.521073],[106.134646,31.520983],[106.134751,31.520982],[106.134747,31.520621],[106.134641,31.520622],[106.13464,31.520532],[106.134535,31.520533],[106.134538,31.520803],[106.134433,31.520804],[106.134426,31.520263],[106.134321,31.520264],[106.134319,31.520084]]],[[[106.13402,31.52153],[106.133915,31.521531],[106.133914,31.521441],[106.134019,31.52144],[106.13402,31.52153],[106.134442,31.521526],[106.134443,31.521616],[106.134021,31.52162],[106.13402,31.52153]]],[[[106.133803,31.52099],[106.133698,31.520991],[106.133696,31.520811],[106.133906,31.520809],[106.133905,31.520719],[106.134116,31.520717],[106.134117,31.520807],[106.134222,31.520806],[106.134223,31.520896],[106.134118,31.520897],[106.134119,31.520988],[106.134435,31.520985],[106.134437,31.521165],[106.134332,31.521166],[106.134333,31.521256],[106.134438,31.521255],[106.134439,31.521346],[106.134545,31.521345],[106.134546,31.521435],[106.13423,31.521438],[106.134229,31.521348],[106.134334,31.521347],[106.134333,31.521256],[106.134228,31.521257],[106.134227,31.521167],[106.134121,31.521168],[106.134123,31.521348],[106.133702,31.521352],[106.133699,31.521082],[106.133804,31.521081],[106.133803,31.52099]]],[[[106.133598,31.521443],[106.133493,31.521444],[106.133489,31.521174],[106.133595,31.521173],[106.133598,31.521443]]]]}},{"type":"Feature","id":"citrus-parcels-56","properties":{"sourceId":"citrus-parcels","CLASS_ID":"1","CLASS_NAME":"掩膜提取2_tif [Classvalue=1]","AREA":1,"name":"掩膜提取2_tif [Classvalue=1]","orchardType":"掩膜提取2_tif [Classvalue=1]","areaMu":0},"geometry":{"type":"Polygon","coordinates":[[[106.134739,31.51999],[106.134634,31.519991],[106.134635,31.520081],[106.13474,31.52008],[106.134739,31.51999]]]}},{"type":"Feature","id":"citrus-parcels-57","properties":{"sourceId":"citrus-parcels","CLASS_ID":"1","CLASS_NAME":"掩膜提取2_tif [Classvalue=1]","AREA":1,"name":"掩膜提取2_tif [Classvalue=1]","orchardType":"掩膜提取2_tif [Classvalue=1]","areaMu":0},"geometry":{"type":"Polygon","coordinates":[[[106.135687,31.519981],[106.135581,31.519982],[106.135582,31.520072],[106.135688,31.520072],[106.135687,31.519981]]]}},{"type":"Feature","id":"citrus-parcels-58","properties":{"sourceId":"citrus-parcels","CLASS_ID":"1","CLASS_NAME":"掩膜提取2_tif [Classvalue=1]","AREA":1,"name":"掩膜提取2_tif [Classvalue=1]","orchardType":"掩膜提取2_tif [Classvalue=1]","areaMu":0},"geometry":{"type":"Polygon","coordinates":[[[106.134527,31.519901],[106.134422,31.519902],[106.134423,31.519993],[106.134528,31.519992],[106.134527,31.519901]]]}},{"type":"Feature","id":"citrus-parcels-59","properties":{"sourceId":"citrus-parcels","CLASS_ID":"1","CLASS_NAME":"掩膜提取2_tif [Classvalue=1]","AREA":1,"name":"掩膜提取2_tif [Classvalue=1]","orchardType":"掩膜提取2_tif [Classvalue=1]","areaMu":0},"geometry":{"type":"Polygon","coordinates":[[[106.136633,31.519883],[106.136528,31.519884],[106.136529,31.519974],[106.136634,31.519973],[106.136633,31.519883]]]}},{"type":"Feature","id":"citrus-parcels-60","properties":{"sourceId":"citrus-parcels","CLASS_ID":"1","CLASS_NAME":"掩膜提取2_tif [Classvalue=1]","AREA":1,"name":"掩膜提取2_tif [Classvalue=1]","orchardType":"掩膜提取2_tif [Classvalue=1]","areaMu":0},"geometry":{"type":"Polygon","coordinates":[[[106.13463,31.51972],[106.134525,31.519721],[106.134526,31.519811],[106.134631,31.51981],[106.13463,31.51972]]]}},{"type":"Feature","id":"citrus-parcels-61","properties":{"sourceId":"citrus-parcels","CLASS_ID":"1","CLASS_NAME":"掩膜提取2_tif [Classvalue=1]","AREA":1,"name":"掩膜提取2_tif [Classvalue=1]","orchardType":"掩膜提取2_tif [Classvalue=1]","areaMu":0},"geometry":{"type":"Polygon","coordinates":[[[106.134946,31.519717],[106.134841,31.519718],[106.134842,31.519808],[106.134947,31.519807],[106.134946,31.519717]]]}},{"type":"Feature","id":"citrus-parcels-62","properties":{"sourceId":"citrus-parcels","CLASS_ID":"1","CLASS_NAME":"掩膜提取2_tif [Classvalue=1]","AREA":6,"name":"掩膜提取2_tif [Classvalue=1]","orchardType":"掩膜提取2_tif [Classvalue=1]","areaMu":0.01},"geometry":{"type":"Polygon","coordinates":[[[106.13621,31.519706],[106.135894,31.519709],[106.135896,31.519889],[106.136212,31.519886],[106.13621,31.519706]]]}},{"type":"Feature","id":"citrus-parcels-63","properties":{"sourceId":"citrus-parcels","CLASS_ID":"1","CLASS_NAME":"掩膜提取2_tif [Classvalue=1]","AREA":1,"name":"掩膜提取2_tif [Classvalue=1]","orchardType":"掩膜提取2_tif [Classvalue=1]","areaMu":0},"geometry":{"type":"Polygon","coordinates":[[[106.134628,31.51954],[106.134523,31.519541],[106.134524,31.519631],[106.134629,31.51963],[106.134628,31.51954]]]}},{"type":"Feature","id":"citrus-parcels-64","properties":{"sourceId":"citrus-parcels","CLASS_ID":"1","CLASS_NAME":"掩膜提取2_tif [Classvalue=1]","AREA":4,"name":"掩膜提取2_tif [Classvalue=1]","orchardType":"掩膜提取2_tif [Classvalue=1]","areaMu":0.01},"geometry":{"type":"Polygon","coordinates":[[[106.133151,31.519282],[106.13294,31.519284],[106.132942,31.519464],[106.133153,31.519463],[106.133151,31.519282]]]}},{"type":"Feature","id":"citrus-parcels-65","properties":{"sourceId":"citrus-parcels","CLASS_ID":"1","CLASS_NAME":"掩膜提取2_tif [Classvalue=1]","AREA":7,"name":"掩膜提取2_tif [Classvalue=1]","orchardType":"掩膜提取2_tif [Classvalue=1]","areaMu":0.01},"geometry":{"type":"Polygon","coordinates":[[[106.134836,31.519267],[106.13473,31.519268],[106.134732,31.519449],[106.134627,31.519449],[106.134628,31.51954],[106.134839,31.519538],[106.13484,31.519628],[106.134945,31.519627],[106.134942,31.519356],[106.134837,31.519357],[106.134836,31.519267]]]}},{"type":"Feature","id":"citrus-parcels-66","properties":{"sourceId":"citrus-parcels","CLASS_ID":"1","CLASS_NAME":"掩膜提取2_tif [Classvalue=1]","AREA":1,"name":"掩膜提取2_tif [Classvalue=1]","orchardType":"掩膜提取2_tif [Classvalue=1]","areaMu":0},"geometry":{"type":"Polygon","coordinates":[[[106.132939,31.519194],[106.132834,31.519195],[106.132835,31.519285],[106.13294,31.519284],[106.132939,31.519194]]]}},{"type":"Feature","id":"citrus-parcels-67","properties":{"sourceId":"citrus-parcels","CLASS_ID":"1","CLASS_NAME":"掩膜提取2_tif [Classvalue=1]","AREA":1,"name":"掩膜提取2_tif [Classvalue=1]","orchardType":"掩膜提取2_tif [Classvalue=1]","areaMu":0},"geometry":{"type":"Polygon","coordinates":[[[106.133043,31.519103],[106.132938,31.519104],[106.132939,31.519194],[106.133044,31.519193],[106.133043,31.519103]]]}},{"type":"Feature","id":"citrus-parcels-68","properties":{"sourceId":"citrus-parcels","CLASS_ID":"1","CLASS_NAME":"掩膜提取2_tif [Classvalue=1]","AREA":116,"name":"掩膜提取2_tif [Classvalue=1]","orchardType":"掩膜提取2_tif [Classvalue=1]","areaMu":0.17},"geometry":{"type":"Polygon","coordinates":[[[106.095342,31.519251],[106.095132,31.519252],[106.095134,31.519433],[106.095028,31.519434],[106.09503,31.519614],[106.094609,31.519618],[106.094608,31.519527],[106.094503,31.519528],[106.094506,31.519799],[106.094401,31.5198],[106.094405,31.520161],[106.0943,31.520162],[106.094302,31.520342],[106.094407,31.520341],[106.094408,31.520431],[106.095672,31.520421],[106.095668,31.52006],[106.095562,31.520061],[106.095558,31.5197],[106.095453,31.519701],[106.095449,31.51934],[106.095343,31.519341],[106.095342,31.519251]]]}},{"type":"Feature","id":"citrus-parcels-69","properties":{"sourceId":"citrus-parcels","CLASS_ID":"1","CLASS_NAME":"掩膜提取2_tif [Classvalue=1]","AREA":1,"name":"掩膜提取2_tif [Classvalue=1]","orchardType":"掩膜提取2_tif [Classvalue=1]","areaMu":0},"geometry":{"type":"Polygon","coordinates":[[[106.135042,31.518904],[106.134936,31.518905],[106.134938,31.518996],[106.135043,31.518995],[106.135042,31.518904]]]}},{"type":"Feature","id":"citrus-parcels-70","properties":{"sourceId":"citrus-parcels","CLASS_ID":"1","CLASS_NAME":"掩膜提取2_tif [Classvalue=1]","AREA":44,"name":"掩膜提取2_tif [Classvalue=1]","orchardType":"掩膜提取2_tif [Classvalue=1]","areaMu":0.07},"geometry":{"type":"MultiPolygon","coordinates":[[[[106.135674,31.518899],[106.135568,31.5189],[106.135569,31.51899],[106.135253,31.518993],[106.135255,31.519083],[106.13536,31.519082],[106.135361,31.519172],[106.135466,31.519171],[106.135467,31.519262],[106.135257,31.519263],[106.135258,31.519354],[106.135153,31.519355],[106.135155,31.519535],[106.135049,31.519536],[106.135054,31.519897],[106.135159,31.519896],[106.135162,31.520166],[106.135268,31.520165],[106.135267,31.520075],[106.135372,31.520074],[106.13537,31.519894],[106.135475,31.519893],[106.135474,31.519803],[106.135579,31.519802],[106.135578,31.519712],[106.135683,31.519711],[106.135682,31.519621],[106.135366,31.519623],[106.135365,31.519533],[106.135471,31.519532],[106.135468,31.519352],[106.135574,31.519351],[106.135575,31.519441],[106.135785,31.519439],[106.135784,31.519349],[106.135679,31.51935],[106.135678,31.51926],[106.135783,31.519259],[106.135782,31.519169],[106.135572,31.51917],[106.13557,31.51908],[106.135676,31.519079],[106.135674,31.518899]]],[[[106.135369,31.519804],[106.135263,31.519805],[106.135262,31.519714],[106.135368,31.519714],[106.135369,31.519804]]]]}},{"type":"Feature","id":"citrus-parcels-71","properties":{"sourceId":"citrus-parcels","CLASS_ID":"1","CLASS_NAME":"掩膜提取2_tif [Classvalue=1]","AREA":20,"name":"掩膜提取2_tif [Classvalue=1]","orchardType":"掩膜提取2_tif [Classvalue=1]","areaMu":0.03},"geometry":{"type":"Polygon","coordinates":[[[106.132302,31.518748],[106.132196,31.518749],[106.132204,31.519381],[106.13252,31.519378],[106.132519,31.519288],[106.132414,31.519289],[106.132412,31.519198],[106.132623,31.519197],[106.132621,31.519016],[106.132516,31.519017],[106.132513,31.518837],[106.132303,31.518839],[106.132302,31.518748]]]}},{"type":"Feature","id":"citrus-parcels-72","properties":{"sourceId":"citrus-parcels","CLASS_ID":"1","CLASS_NAME":"掩膜提取2_tif [Classvalue=1]","AREA":1,"name":"掩膜提取2_tif [Classvalue=1]","orchardType":"掩膜提取2_tif [Classvalue=1]","areaMu":0},"geometry":{"type":"Polygon","coordinates":[[[106.083966,31.519077],[106.083861,31.519078],[106.083862,31.519168],[106.083967,31.519167],[106.083966,31.519077]]]}},{"type":"Feature","id":"citrus-parcels-73","properties":{"sourceId":"citrus-parcels","CLASS_ID":"1","CLASS_NAME":"掩膜提取2_tif [Classvalue=1]","AREA":256,"name":"掩膜提取2_tif [Classvalue=1]","orchardType":"掩膜提取2_tif [Classvalue=1]","areaMu":0.38},"geometry":{"type":"Polygon","coordinates":[[[106.088073,31.519042],[106.087968,31.519043],[106.08797,31.519223],[106.087864,31.519224],[106.087867,31.519405],[106.087761,31.519405],[106.087764,31.519676],[106.087659,31.519677],[106.087664,31.520128],[106.08777,31.520127],[106.087771,31.520217],[106.087981,31.520216],[106.08798,31.520125],[106.088086,31.520124],[106.088088,31.520305],[106.088193,31.520304],[106.088194,31.520394],[106.088405,31.520392],[106.088406,31.520483],[106.088932,31.520478],[106.088931,31.520388],[106.089458,31.520383],[106.089459,31.520474],[106.089564,31.520473],[106.089563,31.520383],[106.089879,31.52038],[106.08988,31.52047],[106.090091,31.520468],[106.090089,31.520378],[106.0903,31.520376],[106.090299,31.520286],[106.090404,31.520285],[106.090403,31.520195],[106.090509,31.520194],[106.090511,31.520374],[106.090616,31.520374],[106.090612,31.520013],[106.090507,31.520014],[106.090504,31.519833],[106.090399,31.519834],[106.090397,31.519654],[106.090292,31.519655],[106.090291,31.519564],[106.088395,31.51958],[106.088394,31.51949],[106.088289,31.519491],[106.088287,31.519311],[106.088181,31.519312],[106.08818,31.519221],[106.088075,31.519222],[106.088073,31.519042]]]}},{"type":"Feature","id":"citrus-parcels-74","properties":{"sourceId":"citrus-parcels","CLASS_ID":"1","CLASS_NAME":"掩膜提取2_tif [Classvalue=1]","AREA":299,"name":"掩膜提取2_tif [Classvalue=1]","orchardType":"掩膜提取2_tif [Classvalue=1]","areaMu":0.45},"geometry":{"type":"Polygon","coordinates":[[[106.091651,31.518831],[106.091546,31.518832],[106.091547,31.518922],[106.091442,31.518923],[106.091444,31.519103],[106.091023,31.519107],[106.091021,31.519017],[106.090916,31.519018],[106.090917,31.519108],[106.090707,31.51911],[106.090708,31.5192],[106.090497,31.519202],[106.090498,31.519292],[106.090393,31.519293],[106.090395,31.519473],[106.0905,31.519472],[106.090502,31.519653],[106.090608,31.519652],[106.090609,31.519742],[106.090819,31.51974],[106.090821,31.519921],[106.090716,31.519922],[106.090717,31.520012],[106.090928,31.52001],[106.09093,31.52019],[106.091035,31.52019],[106.091036,31.52028],[106.091141,31.520279],[106.091143,31.520369],[106.091248,31.520368],[106.091247,31.520278],[106.091352,31.520277],[106.091353,31.520367],[106.093565,31.520348],[106.093566,31.520439],[106.094197,31.520433],[106.094194,31.520163],[106.0943,31.520162],[106.094296,31.519891],[106.094191,31.519892],[106.094192,31.519982],[106.093244,31.51999],[106.093243,31.5199],[106.092506,31.519906],[106.092505,31.519816],[106.0924,31.519817],[106.092398,31.519637],[106.092293,31.519637],[106.092291,31.519547],[106.092186,31.519548],[106.092185,31.519458],[106.09208,31.519459],[106.092078,31.519278],[106.091972,31.519279],[106.091971,31.519189],[106.091866,31.51919],[106.091865,31.5191],[106.09176,31.519101],[106.091758,31.51892],[106.091652,31.518921],[106.091651,31.518831]]]}},{"type":"Feature","id":"citrus-parcels-75","properties":{"sourceId":"citrus-parcels","CLASS_ID":"1","CLASS_NAME":"掩膜提取2_tif [Classvalue=1]","AREA":1,"name":"掩膜提取2_tif [Classvalue=1]","orchardType":"掩膜提取2_tif [Classvalue=1]","areaMu":0},"geometry":{"type":"Polygon","coordinates":[[[106.134503,31.517917],[106.134398,31.517918],[106.134399,31.518008],[106.134504,31.518007],[106.134503,31.517917]]]}},{"type":"Feature","id":"citrus-parcels-76","properties":{"sourceId":"citrus-parcels","CLASS_ID":"1","CLASS_NAME":"掩膜提取2_tif [Classvalue=1]","AREA":5,"name":"掩膜提取2_tif [Classvalue=1]","orchardType":"掩膜提取2_tif [Classvalue=1]","areaMu":0.01},"geometry":{"type":"Polygon","coordinates":[[[106.134924,31.517913],[106.134609,31.517916],[106.13461,31.518006],[106.13482,31.518004],[106.134821,31.518094],[106.135032,31.518093],[106.135031,31.518002],[106.134926,31.518003],[106.134924,31.517913]]]}},{"type":"Feature","id":"citrus-parcels-77","properties":{"sourceId":"citrus-parcels","CLASS_ID":"1","CLASS_NAME":"掩膜提取2_tif [Classvalue=1]","AREA":1,"name":"掩膜提取2_tif [Classvalue=1]","orchardType":"掩膜提取2_tif [Classvalue=1]","areaMu":0},"geometry":{"type":"Polygon","coordinates":[[[106.134397,31.517828],[106.134292,31.517829],[106.134293,31.517919],[106.134398,31.517918],[106.134397,31.517828]]]}},{"type":"Feature","id":"citrus-parcels-78","properties":{"sourceId":"citrus-parcels","CLASS_ID":"1","CLASS_NAME":"掩膜提取2_tif [Classvalue=1]","AREA":158,"name":"掩膜提取2_tif [Classvalue=1]","orchardType":"掩膜提取2_tif [Classvalue=1]","areaMu":0.24},"geometry":{"type":"Polygon","coordinates":[[[106.134289,31.517648],[106.134079,31.51765],[106.13408,31.51774],[106.133975,31.517741],[106.133976,31.517831],[106.13387,31.517832],[106.133873,31.518013],[106.133978,31.518012],[106.133977,31.517922],[106.134082,31.517921],[106.134088,31.518372],[106.133982,31.518373],[106.133984,31.518553],[106.133879,31.518554],[106.133876,31.518283],[106.133981,31.518282],[106.13398,31.518192],[106.133454,31.518197],[106.133455,31.518287],[106.133349,31.518288],[106.13335,31.518378],[106.133245,31.518379],[106.133246,31.518469],[106.133457,31.518467],[106.133458,31.518558],[106.133247,31.518559],[106.133246,31.518469],[106.133141,31.51847],[106.133144,31.518741],[106.133039,31.518742],[106.133037,31.518561],[106.132721,31.518564],[106.132722,31.518654],[106.132511,31.518656],[106.132512,31.518746],[106.132618,31.518746],[106.132621,31.519016],[106.132937,31.519013],[106.132936,31.518923],[106.13283,31.518924],[106.132827,31.518653],[106.132932,31.518653],[106.132936,31.518923],[106.133146,31.518921],[106.133145,31.518831],[106.133356,31.518829],[106.133355,31.518739],[106.133671,31.518736],[106.133672,31.518826],[106.133356,31.518829],[106.133357,31.518919],[106.133252,31.51892],[106.133253,31.519011],[106.133147,31.519011],[106.133149,31.519102],[106.133359,31.5191],[106.133365,31.519551],[106.133575,31.519549],[106.133574,31.519459],[106.133785,31.519457],[106.13378,31.519096],[106.133675,31.519097],[106.133676,31.519187],[106.133571,31.519188],[106.133569,31.519008],[106.133674,31.519007],[106.133673,31.518917],[106.133778,31.518916],[106.13378,31.519096],[106.133886,31.519095],[106.133887,31.519185],[106.133992,31.519184],[106.133993,31.519275],[106.133888,31.519276],[106.133889,31.519366],[106.134205,31.519363],[106.134204,31.519273],[106.134309,31.519272],[106.134308,31.519182],[106.134097,31.519183],[106.134096,31.519093],[106.134202,31.519092],[106.134197,31.518732],[106.134302,31.518731],[106.134304,31.518821],[106.134514,31.518819],[106.134515,31.518909],[106.134621,31.518908],[106.134622,31.518998],[106.134832,31.518997],[106.134829,31.518726],[106.134724,31.518727],[106.134723,31.518637],[106.134617,31.518638],[106.134618,31.518728],[106.134513,31.518729],[106.134511,31.518548],[106.134406,31.518549],[106.134403,31.518369],[106.134298,31.51837],[106.134294,31.518009],[106.134188,31.51801],[106.134186,31.517829],[106.134292,31.517829],[106.134289,31.517648]]]}},{"type":"Feature","id":"citrus-parcels-79","properties":{"sourceId":"citrus-parcels","CLASS_ID":"1","CLASS_NAME":"掩膜提取2_tif [Classvalue=1]","AREA":1,"name":"掩膜提取2_tif [Classvalue=1]","orchardType":"掩膜提取2_tif [Classvalue=1]","areaMu":0},"geometry":{"type":"Polygon","coordinates":[[[106.131015,31.516865],[106.13091,31.516866],[106.130911,31.516956],[106.131016,31.516955],[106.131015,31.516865]]]}},{"type":"Feature","id":"citrus-parcels-80","properties":{"sourceId":"citrus-parcels","CLASS_ID":"1","CLASS_NAME":"掩膜提取2_tif [Classvalue=1]","AREA":25,"name":"掩膜提取2_tif [Classvalue=1]","orchardType":"掩膜提取2_tif [Classvalue=1]","areaMu":0.04},"geometry":{"type":"Polygon","coordinates":[[[106.131857,31.516767],[106.131646,31.516769],[106.131647,31.51686],[106.131436,31.516861],[106.131441,31.517222],[106.131336,31.517223],[106.131332,31.516953],[106.131122,31.516954],[106.131123,31.517045],[106.131017,31.517046],[106.131019,31.517136],[106.131229,31.517134],[106.131231,31.517314],[106.131337,31.517313],[106.131339,31.517494],[106.131444,31.517493],[106.131443,31.517403],[106.131548,31.517402],[106.131549,31.517492],[106.131655,31.517491],[106.131653,31.517311],[106.131547,31.517312],[106.131545,31.517131],[106.13165,31.51713],[106.131648,31.51695],[106.131859,31.516948],[106.131857,31.516767]]]}},{"type":"Feature","id":"citrus-parcels-81","properties":{"sourceId":"citrus-parcels","CLASS_ID":"1","CLASS_NAME":"掩膜提取2_tif [Classvalue=1]","AREA":2,"name":"掩膜提取2_tif [Classvalue=1]","orchardType":"掩膜提取2_tif [Classvalue=1]","areaMu":0},"geometry":{"type":"Polygon","coordinates":[[[106.132065,31.516585],[106.13196,31.516586],[106.131962,31.516767],[106.132067,31.516766],[106.132065,31.516585]]]}},{"type":"Feature","id":"citrus-parcels-82","properties":{"sourceId":"citrus-parcels","CLASS_ID":"1","CLASS_NAME":"掩膜提取2_tif [Classvalue=1]","AREA":1,"name":"掩膜提取2_tif [Classvalue=1]","orchardType":"掩膜提取2_tif [Classvalue=1]","areaMu":0},"geometry":{"type":"Polygon","coordinates":[[[106.132276,31.516583],[106.13217,31.516584],[106.132171,31.516674],[106.132277,31.516674],[106.132276,31.516583]]]}},{"type":"Feature","id":"citrus-parcels-83","properties":{"sourceId":"citrus-parcels","CLASS_ID":"1","CLASS_NAME":"掩膜提取2_tif [Classvalue=1]","AREA":1,"name":"掩膜提取2_tif [Classvalue=1]","orchardType":"掩膜提取2_tif [Classvalue=1]","areaMu":0},"geometry":{"type":"Polygon","coordinates":[[[106.132906,31.516488],[106.132801,31.516488],[106.132802,31.516579],[106.132907,31.516578],[106.132906,31.516488]]]}},{"type":"Feature","id":"citrus-parcels-84","properties":{"sourceId":"citrus-parcels","CLASS_ID":"1","CLASS_NAME":"掩膜提取2_tif [Classvalue=1]","AREA":1,"name":"掩膜提取2_tif [Classvalue=1]","orchardType":"掩膜提取2_tif [Classvalue=1]","areaMu":0},"geometry":{"type":"Polygon","coordinates":[[[106.132588,31.51631],[106.132483,31.516311],[106.132484,31.516401],[106.132589,31.5164],[106.132588,31.51631]]]}},{"type":"Feature","id":"citrus-parcels-85","properties":{"sourceId":"citrus-parcels","CLASS_ID":"1","CLASS_NAME":"掩膜提取2_tif [Classvalue=1]","AREA":17,"name":"掩膜提取2_tif [Classvalue=1]","orchardType":"掩膜提取2_tif [Classvalue=1]","areaMu":0.03},"geometry":{"type":"Polygon","coordinates":[[[106.132902,31.516127],[106.132586,31.516129],[106.132587,31.51622],[106.132692,31.516219],[106.132694,31.516309],[106.132799,31.516308],[106.1328,31.516398],[106.132905,31.516397],[106.132906,31.516488],[106.133012,31.516487],[106.133011,31.516396],[106.133116,31.516395],[106.133115,31.516305],[106.13322,31.516304],[106.133221,31.516395],[106.133432,31.516393],[106.13343,31.516212],[106.133219,31.516214],[106.133218,31.516124],[106.133113,31.516125],[106.133114,31.516215],[106.132903,31.516217],[106.132902,31.516127]]]}},{"type":"Feature","id":"citrus-parcels-86","properties":{"sourceId":"citrus-parcels","CLASS_ID":"1","CLASS_NAME":"掩膜提取2_tif [Classvalue=1]","AREA":1,"name":"掩膜提取2_tif [Classvalue=1]","orchardType":"掩膜提取2_tif [Classvalue=1]","areaMu":0},"geometry":{"type":"Polygon","coordinates":[[[106.133534,31.516121],[106.133428,31.516122],[106.13343,31.516212],[106.133535,31.516211],[106.133534,31.516121]]]}},{"type":"Feature","id":"citrus-parcels-87","properties":{"sourceId":"citrus-parcels","CLASS_ID":"1","CLASS_NAME":"掩膜提取2_tif [Classvalue=1]","AREA":1,"name":"掩膜提取2_tif [Classvalue=1]","orchardType":"掩膜提取2_tif [Classvalue=1]","areaMu":0},"geometry":{"type":"Polygon","coordinates":[[[106.132585,31.516039],[106.13248,31.51604],[106.132481,31.51613],[106.132586,31.516129],[106.132585,31.516039]]]}},{"type":"Feature","id":"citrus-parcels-88","properties":{"sourceId":"citrus-parcels","CLASS_ID":"1","CLASS_NAME":"掩膜提取2_tif [Classvalue=1]","AREA":823,"name":"掩膜提取2_tif [Classvalue=1]","orchardType":"掩膜提取2_tif [Classvalue=1]","areaMu":1.23},"geometry":{"type":"MultiPolygon","coordinates":[[[[106.083825,31.516011],[106.08372,31.516011],[106.083721,31.516102],[106.083616,31.516103],[106.083617,31.516193],[106.083512,31.516194],[106.083514,31.516374],[106.083408,31.516375],[106.083409,31.516465],[106.083304,31.516466],[106.083305,31.516556],[106.083094,31.516558],[106.083098,31.516829],[106.082782,31.516831],[106.082783,31.516922],[106.082677,31.516922],[106.082678,31.517013],[106.082573,31.517014],[106.082574,31.517104],[106.08268,31.517103],[106.082682,31.517283],[106.082787,31.517282],[106.082788,31.517373],[106.082893,31.517372],[106.082894,31.517462],[106.082789,31.517463],[106.08279,31.517553],[106.082685,31.517554],[106.082686,31.517644],[106.08258,31.517645],[106.082581,31.517735],[106.082476,31.517736],[106.082477,31.517826],[106.082688,31.517825],[106.08269,31.518005],[106.082795,31.518004],[106.082796,31.518094],[106.082902,31.518093],[106.082903,31.518184],[106.083008,31.518183],[106.083009,31.518273],[106.083114,31.518272],[106.083115,31.518362],[106.083431,31.51836],[106.08343,31.518269],[106.083641,31.518268],[106.08364,31.518177],[106.083745,31.518176],[106.083746,31.518267],[106.083641,31.518268],[106.083644,31.518538],[106.083749,31.518537],[106.083751,31.518718],[106.083857,31.518717],[106.08386,31.518987],[106.083965,31.518987],[106.083966,31.519077],[106.084071,31.519076],[106.084072,31.519166],[106.083967,31.519167],[106.083968,31.519257],[106.084179,31.519255],[106.084178,31.519165],[106.084494,31.519163],[106.084493,31.519072],[106.084914,31.519069],[106.084915,31.519159],[106.08502,31.519158],[106.085022,31.519338],[106.085233,31.519337],[106.085234,31.519427],[106.085339,31.519426],[106.08534,31.519516],[106.085551,31.519514],[106.085561,31.520417],[106.085772,31.520415],[106.085771,31.520325],[106.085981,31.520323],[106.08598,31.520233],[106.086191,31.520231],[106.08619,31.520141],[106.086295,31.52014],[106.086294,31.520049],[106.0864,31.520049],[106.086399,31.519958],[106.086293,31.519959],[106.086291,31.519779],[106.086396,31.519778],[106.086397,31.519868],[106.087451,31.519859],[106.087448,31.519679],[106.087554,31.519678],[106.087552,31.519497],[106.087657,31.519497],[106.087655,31.519316],[106.08776,31.519315],[106.087758,31.519135],[106.087863,31.519134],[106.087861,31.518954],[106.087756,31.518954],[106.087755,31.518864],[106.08786,31.518863],[106.087859,31.518773],[106.087754,31.518774],[106.087752,31.518594],[106.087015,31.5186],[106.087016,31.51869],[106.086384,31.518695],[106.086383,31.518605],[106.086172,31.518607],[106.086171,31.518517],[106.085645,31.518521],[106.085646,31.518611],[106.085225,31.518615],[106.085222,31.518435],[106.085117,31.518436],[106.085115,31.518255],[106.084904,31.518257],[106.084903,31.518167],[106.085009,31.518166],[106.085008,31.518076],[106.084902,31.518076],[106.0849,31.517896],[106.08469,31.517898],[106.084685,31.517537],[106.08458,31.517538],[106.084578,31.517357],[106.084473,31.517358],[106.08447,31.517088],[106.084364,31.517089],[106.084362,31.516908],[106.084257,31.516909],[106.084255,31.516729],[106.08415,31.51673],[106.084148,31.516549],[106.084042,31.51655],[106.08404,31.51637],[106.083935,31.516371],[106.083933,31.51619],[106.083827,31.516191],[106.083825,31.516011]]],[[[106.084176,31.518985],[106.08407,31.518986],[106.084069,31.518895],[106.084175,31.518895],[106.084176,31.518985]]],[[[106.084065,31.518535],[106.08396,31.518536],[106.083959,31.518445],[106.084064,31.518444],[106.084065,31.518535]]],[[[106.084266,31.517721],[106.084161,31.517722],[106.08416,31.517632],[106.084265,31.517631],[106.084266,31.517721]]]]}},{"type":"Feature","id":"citrus-parcels-89","properties":{"sourceId":"citrus-parcels","CLASS_ID":"1","CLASS_NAME":"掩膜提取2_tif [Classvalue=1]","AREA":2,"name":"掩膜提取2_tif [Classvalue=1]","orchardType":"掩膜提取2_tif [Classvalue=1]","areaMu":0},"geometry":{"type":"Polygon","coordinates":[[[106.132365,31.515229],[106.132259,31.51523],[106.132261,31.515411],[106.132367,31.51541],[106.132365,31.515229]]]}},{"type":"Feature","id":"citrus-parcels-90","properties":{"sourceId":"citrus-parcels","CLASS_ID":"1","CLASS_NAME":"掩膜提取2_tif [Classvalue=1]","AREA":2,"name":"掩膜提取2_tif [Classvalue=1]","orchardType":"掩膜提取2_tif [Classvalue=1]","areaMu":0},"geometry":{"type":"Polygon","coordinates":[[[106.132257,31.51505],[106.132152,31.515051],[106.132154,31.515231],[106.132259,31.51523],[106.132257,31.51505]]]}},{"type":"Feature","id":"citrus-parcels-91","properties":{"sourceId":"citrus-parcels","CLASS_ID":"1","CLASS_NAME":"掩膜提取2_tif [Classvalue=1]","AREA":2,"name":"掩膜提取2_tif [Classvalue=1]","orchardType":"掩膜提取2_tif [Classvalue=1]","areaMu":0},"geometry":{"type":"Polygon","coordinates":[[[106.131406,31.514336],[106.131301,31.514337],[106.131303,31.514517],[106.131408,31.514516],[106.131406,31.514336]]]}},{"type":"Feature","id":"citrus-parcels-92","properties":{"sourceId":"citrus-parcels","CLASS_ID":"1","CLASS_NAME":"掩膜提取2_tif [Classvalue=1]","AREA":11,"name":"掩膜提取2_tif [Classvalue=1]","orchardType":"掩膜提取2_tif [Classvalue=1]","areaMu":0.02},"geometry":{"type":"Polygon","coordinates":[[[106.131933,31.514331],[106.131722,31.514333],[106.131723,31.514423],[106.131618,31.514424],[106.13162,31.514604],[106.131515,31.514605],[106.131518,31.514876],[106.131623,31.514875],[106.131622,31.514785],[106.131727,31.514784],[106.131725,31.514603],[106.13183,31.514602],[106.131828,31.514422],[106.131934,31.514421],[106.131933,31.514331]]]}},{"type":"Feature","id":"citrus-parcels-93","properties":{"sourceId":"citrus-parcels","CLASS_ID":"1","CLASS_NAME":"掩膜提取2_tif [Classvalue=1]","AREA":16,"name":"掩膜提取2_tif [Classvalue=1]","orchardType":"掩膜提取2_tif [Classvalue=1]","areaMu":0.02},"geometry":{"type":"Polygon","coordinates":[[[106.132246,31.514148],[106.132036,31.51415],[106.132037,31.51424],[106.132142,31.514239],[106.132143,31.514329],[106.132248,31.514328],[106.132251,31.514509],[106.132145,31.514509],[106.132147,31.51469],[106.132042,31.514691],[106.132043,31.514781],[106.132254,31.514779],[106.132253,31.514689],[106.132358,31.514688],[106.132355,31.514417],[106.13246,31.514416],[106.132459,31.514326],[106.13267,31.514324],[106.132669,31.514234],[106.132247,31.514238],[106.132246,31.514148]]]}},{"type":"Feature","id":"citrus-parcels-94","properties":{"sourceId":"citrus-parcels","CLASS_ID":"1","CLASS_NAME":"掩膜提取2_tif [Classvalue=1]","AREA":2,"name":"掩膜提取2_tif [Classvalue=1]","orchardType":"掩膜提取2_tif [Classvalue=1]","areaMu":0},"geometry":{"type":"Polygon","coordinates":[[[106.132877,31.514052],[106.132666,31.514054],[106.132667,31.514144],[106.132878,31.514142],[106.132877,31.514052]]]}},{"type":"Feature","id":"citrus-parcels-95","properties":{"sourceId":"citrus-parcels","CLASS_ID":"1","CLASS_NAME":"掩膜提取2_tif [Classvalue=1]","AREA":16,"name":"掩膜提取2_tif [Classvalue=1]","orchardType":"掩膜提取2_tif [Classvalue=1]","areaMu":0.02},"geometry":{"type":"Polygon","coordinates":[[[106.139404,31.513904],[106.139299,31.513905],[106.139302,31.514175],[106.139197,31.514176],[106.139198,31.514266],[106.139093,31.514267],[106.139094,31.514358],[106.138989,31.514359],[106.13899,31.514449],[106.139306,31.514446],[106.139304,31.514356],[106.13941,31.514355],[106.139409,31.514265],[106.139514,31.514264],[106.139513,31.514173],[106.139618,31.514172],[106.139616,31.513992],[106.139405,31.513994],[106.139404,31.513904]]]}},{"type":"Feature","id":"citrus-parcels-96","properties":{"sourceId":"citrus-parcels","CLASS_ID":"1","CLASS_NAME":"掩膜提取2_tif [Classvalue=1]","AREA":1,"name":"掩膜提取2_tif [Classvalue=1]","orchardType":"掩膜提取2_tif [Classvalue=1]","areaMu":0},"geometry":{"type":"Polygon","coordinates":[[[106.140563,31.513893],[106.140457,31.513894],[106.140458,31.513985],[106.140564,31.513984],[106.140563,31.513893]]]}},{"type":"Feature","id":"citrus-parcels-97","properties":{"sourceId":"citrus-parcels","CLASS_ID":"1","CLASS_NAME":"掩膜提取2_tif [Classvalue=1]","AREA":2,"name":"掩膜提取2_tif [Classvalue=1]","orchardType":"掩膜提取2_tif [Classvalue=1]","areaMu":0},"geometry":{"type":"Polygon","coordinates":[[[106.13298,31.513871],[106.132769,31.513872],[106.132771,31.513963],[106.132981,31.513961],[106.13298,31.513871]]]}},{"type":"Feature","id":"citrus-parcels-98","properties":{"sourceId":"citrus-parcels","CLASS_ID":"1","CLASS_NAME":"掩膜提取2_tif [Classvalue=1]","AREA":2,"name":"掩膜提取2_tif [Classvalue=1]","orchardType":"掩膜提取2_tif [Classvalue=1]","areaMu":0},"geometry":{"type":"Polygon","coordinates":[[[106.081908,31.514132],[106.081697,31.514134],[106.081699,31.514224],[106.081909,31.514222],[106.081908,31.514132]]]}},{"type":"Feature","id":"citrus-parcels-99","properties":{"sourceId":"citrus-parcels","CLASS_ID":"1","CLASS_NAME":"掩膜提取2_tif [Classvalue=1]","AREA":15,"name":"掩膜提取2_tif [Classvalue=1]","orchardType":"掩膜提取2_tif [Classvalue=1]","areaMu":0.02},"geometry":{"type":"Polygon","coordinates":[[[106.132136,31.513698],[106.13203,31.513699],[106.132032,31.513879],[106.131822,31.513881],[106.131825,31.514151],[106.13193,31.514151],[106.131929,31.51406],[106.13214,31.514058],[106.132139,31.513968],[106.132349,31.513966],[106.13235,31.514057],[106.132456,31.514056],[106.132455,31.513965],[106.13256,31.513965],[106.132559,31.513874],[106.132243,31.513877],[106.132242,31.513787],[106.132137,31.513788],[106.132136,31.513698]]]}},{"type":"Feature","id":"citrus-parcels-100","properties":{"sourceId":"citrus-parcels","CLASS_ID":"1","CLASS_NAME":"掩膜提取2_tif [Classvalue=1]","AREA":5,"name":"掩膜提取2_tif [Classvalue=1]","orchardType":"掩膜提取2_tif [Classvalue=1]","areaMu":0.01},"geometry":{"type":"Polygon","coordinates":[[[106.14077,31.513621],[106.140665,31.513622],[106.140666,31.513712],[106.14056,31.513713],[106.140563,31.513893],[106.140773,31.513892],[106.14077,31.513621]]]}},{"type":"Feature","id":"citrus-parcels-101","properties":{"sourceId":"citrus-parcels","CLASS_ID":"1","CLASS_NAME":"掩膜提取2_tif [Classvalue=1]","AREA":2,"name":"掩膜提取2_tif [Classvalue=1]","orchardType":"掩膜提取2_tif [Classvalue=1]","areaMu":0},"geometry":{"type":"Polygon","coordinates":[[[106.132345,31.513606],[106.132134,31.513607],[106.132136,31.513698],[106.132346,31.513696],[106.132345,31.513606]]]}},{"type":"Feature","id":"citrus-parcels-102","properties":{"sourceId":"citrus-parcels","CLASS_ID":"1","CLASS_NAME":"掩膜提取2_tif [Classvalue=1]","AREA":1,"name":"掩膜提取2_tif [Classvalue=1]","orchardType":"掩膜提取2_tif [Classvalue=1]","areaMu":0},"geometry":{"type":"Polygon","coordinates":[[[106.140242,31.513535],[106.140137,31.513536],[106.140138,31.513627],[106.140243,31.513626],[106.140242,31.513535]]]}},{"type":"Feature","id":"citrus-parcels-103","properties":{"sourceId":"citrus-parcels","CLASS_ID":"1","CLASS_NAME":"掩膜提取2_tif [Classvalue=1]","AREA":1,"name":"掩膜提取2_tif [Classvalue=1]","orchardType":"掩膜提取2_tif [Classvalue=1]","areaMu":0},"geometry":{"type":"Polygon","coordinates":[[[106.140449,31.513173],[106.140343,31.513174],[106.140344,31.513264],[106.14045,31.513263],[106.140449,31.513173]]]}},{"type":"Feature","id":"citrus-parcels-104","properties":{"sourceId":"citrus-parcels","CLASS_ID":"1","CLASS_NAME":"掩膜提取2_tif [Classvalue=1]","AREA":1,"name":"掩膜提取2_tif [Classvalue=1]","orchardType":"掩膜提取2_tif [Classvalue=1]","areaMu":0},"geometry":{"type":"Polygon","coordinates":[[[106.138552,31.513099],[106.138447,31.5131],[106.138448,31.513191],[106.138553,31.51319],[106.138552,31.513099]]]}},{"type":"Feature","id":"citrus-parcels-105","properties":{"sourceId":"citrus-parcels","CLASS_ID":"1","CLASS_NAME":"掩膜提取2_tif [Classvalue=1]","AREA":3,"name":"掩膜提取2_tif [Classvalue=1]","orchardType":"掩膜提取2_tif [Classvalue=1]","areaMu":0},"geometry":{"type":"Polygon","coordinates":[[[106.139079,31.513095],[106.138973,31.513096],[106.138974,31.513186],[106.138869,31.513187],[106.13887,31.513277],[106.139081,31.513275],[106.139079,31.513095]]]}},{"type":"Feature","id":"citrus-parcels-106","properties":{"sourceId":"citrus-parcels","CLASS_ID":"1","CLASS_NAME":"掩膜提取2_tif [Classvalue=1]","AREA":1,"name":"掩膜提取2_tif [Classvalue=1]","orchardType":"掩膜提取2_tif [Classvalue=1]","areaMu":0},"geometry":{"type":"Polygon","coordinates":[[[106.139289,31.513093],[106.139184,31.513094],[106.139185,31.513184],[106.13929,31.513183],[106.139289,31.513093]]]}},{"type":"Feature","id":"citrus-parcels-107","properties":{"sourceId":"citrus-parcels","CLASS_ID":"1","CLASS_NAME":"掩膜提取2_tif [Classvalue=1]","AREA":12,"name":"掩膜提取2_tif [Classvalue=1]","orchardType":"掩膜提取2_tif [Classvalue=1]","areaMu":0.02},"geometry":{"type":"Polygon","coordinates":[[[106.139605,31.51309],[106.1395,31.513091],[106.139501,31.513181],[106.13929,31.513183],[106.139291,31.513273],[106.139502,31.513271],[106.139503,31.513362],[106.139819,31.513359],[106.13982,31.513449],[106.139925,31.513448],[106.139926,31.513538],[106.140032,31.513537],[106.14003,31.513357],[106.139924,31.513358],[106.139923,31.513268],[106.139713,31.513269],[106.139711,31.513179],[106.139606,31.51318],[106.139605,31.51309]]]}},{"type":"Feature","id":"citrus-parcels-108","properties":{"sourceId":"citrus-parcels","CLASS_ID":"1","CLASS_NAME":"掩膜提取2_tif [Classvalue=1]","AREA":1,"name":"掩膜提取2_tif [Classvalue=1]","orchardType":"掩膜提取2_tif [Classvalue=1]","areaMu":0},"geometry":{"type":"Polygon","coordinates":[[[106.139921,31.513087],[106.139816,31.513088],[106.139817,31.513178],[106.139922,31.513177],[106.139921,31.513087]]]}},{"type":"Feature","id":"citrus-parcels-109","properties":{"sourceId":"citrus-parcels","CLASS_ID":"1","CLASS_NAME":"掩膜提取2_tif [Classvalue=1]","AREA":3,"name":"掩膜提取2_tif [Classvalue=1]","orchardType":"掩膜提取2_tif [Classvalue=1]","areaMu":0},"geometry":{"type":"Polygon","coordinates":[[[106.138867,31.513006],[106.138656,31.513008],[106.138658,31.513189],[106.138764,31.513188],[106.138763,31.513098],[106.138868,31.513097],[106.138867,31.513006]]]}},{"type":"Feature","id":"citrus-parcels-110","properties":{"sourceId":"citrus-parcels","CLASS_ID":"1","CLASS_NAME":"掩膜提取2_tif [Classvalue=1]","AREA":2,"name":"掩膜提取2_tif [Classvalue=1]","orchardType":"掩膜提取2_tif [Classvalue=1]","areaMu":0},"geometry":{"type":"Polygon","coordinates":[[[106.140341,31.512993],[106.140236,31.512994],[106.140238,31.513175],[106.140343,31.513174],[106.140341,31.512993]]]}},{"type":"Feature","id":"citrus-parcels-111","properties":{"sourceId":"citrus-parcels","CLASS_ID":"1","CLASS_NAME":"掩膜提取2_tif [Classvalue=1]","AREA":110,"name":"掩膜提取2_tif [Classvalue=1]","orchardType":"掩膜提取2_tif [Classvalue=1]","areaMu":0.16},"geometry":{"type":"Polygon","coordinates":[[[106.08948,31.513256],[106.089375,31.513257],[106.089381,31.513798],[106.089276,31.513799],[106.089279,31.51407],[106.089384,31.514069],[106.08939,31.51452],[106.089495,31.514519],[106.089498,31.51479],[106.089603,31.514789],[106.089602,31.514698],[106.089708,31.514698],[106.089709,31.514788],[106.089814,31.514787],[106.089813,31.514697],[106.090129,31.514694],[106.090124,31.514243],[106.090018,31.514244],[106.090017,31.514154],[106.090122,31.514153],[106.090124,31.514243],[106.090229,31.514242],[106.090226,31.513971],[106.09012,31.513972],[106.090119,31.513882],[106.090225,31.513881],[106.090223,31.513701],[106.090117,31.513702],[106.090113,31.513341],[106.089902,31.513343],[106.089904,31.513433],[106.089588,31.513436],[106.089587,31.513345],[106.089481,31.513346],[106.08948,31.513256]]]}},{"type":"Feature","id":"citrus-parcels-112","properties":{"sourceId":"citrus-parcels","CLASS_ID":"1","CLASS_NAME":"掩膜提取2_tif [Classvalue=1]","AREA":5,"name":"掩膜提取2_tif [Classvalue=1]","orchardType":"掩膜提取2_tif [Classvalue=1]","areaMu":0.01},"geometry":{"type":"Polygon","coordinates":[[[106.139602,31.512819],[106.139496,31.51282],[106.139499,31.513001],[106.139604,31.513],[106.139605,31.51309],[106.139816,31.513088],[106.139815,31.512998],[106.139709,31.512999],[106.139708,31.512909],[106.139603,31.51291],[106.139602,31.512819]]]}},{"type":"Feature","id":"citrus-parcels-113","properties":{"sourceId":"citrus-parcels","CLASS_ID":"1","CLASS_NAME":"掩膜提取2_tif [Classvalue=1]","AREA":3,"name":"掩膜提取2_tif [Classvalue=1]","orchardType":"掩膜提取2_tif [Classvalue=1]","areaMu":0},"geometry":{"type":"Polygon","coordinates":[[[106.140128,31.512815],[106.140023,31.512816],[106.140024,31.512906],[106.139919,31.512907],[106.13992,31.512997],[106.14013,31.512995],[106.140128,31.512815]]]}},{"type":"Feature","id":"citrus-parcels-114","properties":{"sourceId":"citrus-parcels","CLASS_ID":"1","CLASS_NAME":"掩膜提取2_tif [Classvalue=1]","AREA":1,"name":"掩膜提取2_tif [Classvalue=1]","orchardType":"掩膜提取2_tif [Classvalue=1]","areaMu":0},"geometry":{"type":"Polygon","coordinates":[[[106.139495,31.51273],[106.13939,31.512731],[106.139391,31.512821],[106.139496,31.51282],[106.139495,31.51273]]]}},{"type":"Feature","id":"citrus-parcels-115","properties":{"sourceId":"citrus-parcels","CLASS_ID":"1","CLASS_NAME":"掩膜提取2_tif [Classvalue=1]","AREA":7,"name":"掩膜提取2_tif [Classvalue=1]","orchardType":"掩膜提取2_tif [Classvalue=1]","areaMu":0.01},"geometry":{"type":"Polygon","coordinates":[[[106.138547,31.512648],[106.138441,31.512649],[106.138444,31.51283],[106.138338,31.512831],[106.13834,31.513011],[106.138656,31.513008],[106.138655,31.512918],[106.13855,31.512919],[106.138547,31.512648]]]}},{"type":"Feature","id":"citrus-parcels-116","properties":{"sourceId":"citrus-parcels","CLASS_ID":"1","CLASS_NAME":"掩膜提取2_tif [Classvalue=1]","AREA":1,"name":"掩膜提取2_tif [Classvalue=1]","orchardType":"掩膜提取2_tif [Classvalue=1]","areaMu":0},"geometry":{"type":"Polygon","coordinates":[[[106.13844,31.512559],[106.138335,31.51256],[106.138336,31.51265],[106.138441,31.512649],[106.13844,31.512559]]]}},{"type":"Feature","id":"citrus-parcels-117","properties":{"sourceId":"citrus-parcels","CLASS_ID":"1","CLASS_NAME":"掩膜提取2_tif [Classvalue=1]","AREA":2,"name":"掩膜提取2_tif [Classvalue=1]","orchardType":"掩膜提取2_tif [Classvalue=1]","areaMu":0},"geometry":{"type":"Polygon","coordinates":[[[106.138967,31.512554],[106.138861,31.512555],[106.138864,31.512736],[106.138969,31.512735],[106.138967,31.512554]]]}},{"type":"Feature","id":"citrus-parcels-118","properties":{"sourceId":"citrus-parcels","CLASS_ID":"1","CLASS_NAME":"掩膜提取2_tif [Classvalue=1]","AREA":1,"name":"掩膜提取2_tif [Classvalue=1]","orchardType":"掩膜提取2_tif [Classvalue=1]","areaMu":0},"geometry":{"type":"Polygon","coordinates":[[[106.139177,31.512553],[106.139072,31.512553],[106.139073,31.512644],[106.139178,31.512643],[106.139177,31.512553]]]}},{"type":"Feature","id":"citrus-parcels-119","properties":{"sourceId":"citrus-parcels","CLASS_ID":"1","CLASS_NAME":"掩膜提取2_tif [Classvalue=1]","AREA":4,"name":"掩膜提取2_tif [Classvalue=1]","orchardType":"掩膜提取2_tif [Classvalue=1]","areaMu":0.01},"geometry":{"type":"Polygon","coordinates":[[[106.139809,31.512547],[106.139704,31.512548],[106.139707,31.512818],[106.139812,31.512818],[106.139811,31.512727],[106.139917,31.512726],[106.139915,31.512636],[106.13981,31.512637],[106.139809,31.512547]]]}},{"type":"Feature","id":"citrus-parcels-120","properties":{"sourceId":"citrus-parcels","CLASS_ID":"1","CLASS_NAME":"掩膜提取2_tif [Classvalue=1]","AREA":1,"name":"掩膜提取2_tif [Classvalue=1]","orchardType":"掩膜提取2_tif [Classvalue=1]","areaMu":0},"geometry":{"type":"Polygon","coordinates":[[[106.139071,31.512463],[106.138966,31.512464],[106.138967,31.512554],[106.139072,31.512553],[106.139071,31.512463]]]}},{"type":"Feature","id":"citrus-parcels-121","properties":{"sourceId":"citrus-parcels","CLASS_ID":"1","CLASS_NAME":"掩膜提取2_tif [Classvalue=1]","AREA":2,"name":"掩膜提取2_tif [Classvalue=1]","orchardType":"掩膜提取2_tif [Classvalue=1]","areaMu":0},"geometry":{"type":"Polygon","coordinates":[[[106.082525,31.512864],[106.08242,31.512865],[106.082422,31.513045],[106.082527,31.513044],[106.082525,31.512864]]]}},{"type":"Feature","id":"citrus-parcels-122","properties":{"sourceId":"citrus-parcels","CLASS_ID":"1","CLASS_NAME":"掩膜提取2_tif [Classvalue=1]","AREA":1,"name":"掩膜提取2_tif [Classvalue=1]","orchardType":"掩膜提取2_tif [Classvalue=1]","areaMu":0},"geometry":{"type":"Polygon","coordinates":[[[106.138965,31.512374],[106.138859,31.512375],[106.13886,31.512465],[106.138966,31.512464],[106.138965,31.512374]]]}},{"type":"Feature","id":"citrus-parcels-123","properties":{"sourceId":"citrus-parcels","CLASS_ID":"1","CLASS_NAME":"掩膜提取2_tif [Classvalue=1]","AREA":1,"name":"掩膜提取2_tif [Classvalue=1]","orchardType":"掩膜提取2_tif [Classvalue=1]","areaMu":0},"geometry":{"type":"Polygon","coordinates":[[[106.139596,31.512368],[106.139491,31.512369],[106.139492,31.512459],[106.139597,31.512459],[106.139596,31.512368]]]}},{"type":"Feature","id":"citrus-parcels-124","properties":{"sourceId":"citrus-parcels","CLASS_ID":"1","CLASS_NAME":"掩膜提取2_tif [Classvalue=1]","AREA":1,"name":"掩膜提取2_tif [Classvalue=1]","orchardType":"掩膜提取2_tif [Classvalue=1]","areaMu":0},"geometry":{"type":"Polygon","coordinates":[[[106.090632,31.512705],[106.090527,31.512706],[106.090528,31.512796],[106.090633,31.512795],[106.090632,31.512705]]]}},{"type":"Feature","id":"citrus-parcels-125","properties":{"sourceId":"citrus-parcels","CLASS_ID":"1","CLASS_NAME":"掩膜提取2_tif [Classvalue=1]","AREA":1,"name":"掩膜提取2_tif [Classvalue=1]","orchardType":"掩膜提取2_tif [Classvalue=1]","areaMu":0},"geometry":{"type":"Polygon","coordinates":[[[106.138753,31.512286],[106.138648,31.512287],[106.138649,31.512377],[106.138754,31.512376],[106.138753,31.512286]]]}},{"type":"Feature","id":"citrus-parcels-126","properties":{"sourceId":"citrus-parcels","CLASS_ID":"1","CLASS_NAME":"掩膜提取2_tif [Classvalue=1]","AREA":1,"name":"掩膜提取2_tif [Classvalue=1]","orchardType":"掩膜提取2_tif [Classvalue=1]","areaMu":0},"geometry":{"type":"Polygon","coordinates":[[[106.138646,31.512196],[106.138541,31.512197],[106.138542,31.512288],[106.138648,31.512287],[106.138646,31.512196]]]}},{"type":"Feature","id":"citrus-parcels-127","properties":{"sourceId":"citrus-parcels","CLASS_ID":"1","CLASS_NAME":"掩膜提取2_tif [Classvalue=1]","AREA":10,"name":"掩膜提取2_tif [Classvalue=1]","orchardType":"掩膜提取2_tif [Classvalue=1]","areaMu":0.01},"geometry":{"type":"Polygon","coordinates":[[[106.138014,31.512112],[106.137908,31.512113],[106.137912,31.512383],[106.138017,31.512382],[106.138018,31.512473],[106.138123,31.512472],[106.138124,31.512562],[106.138335,31.51256],[106.138333,31.51238],[106.138227,31.512381],[106.138226,31.51229],[106.138016,31.512292],[106.138014,31.512112]]]}},{"type":"Feature","id":"citrus-parcels-128","properties":{"sourceId":"citrus-parcels","CLASS_ID":"1","CLASS_NAME":"掩膜提取2_tif [Classvalue=1]","AREA":8,"name":"掩膜提取2_tif [Classvalue=1]","orchardType":"掩膜提取2_tif [Classvalue=1]","areaMu":0.01},"geometry":{"type":"Polygon","coordinates":[[[106.138116,31.51184],[106.13801,31.511841],[106.138012,31.512022],[106.138118,31.512021],[106.138119,31.512111],[106.138329,31.512109],[106.138331,31.512199],[106.138541,31.512197],[106.13854,31.512107],[106.138435,31.512108],[106.138434,31.512018],[106.138223,31.51202],[106.138222,31.51193],[106.138117,31.51193],[106.138116,31.51184]]]}},{"type":"Feature","id":"citrus-parcels-129","properties":{"sourceId":"citrus-parcels","CLASS_ID":"1","CLASS_NAME":"掩膜提取2_tif [Classvalue=1]","AREA":1,"name":"掩膜提取2_tif [Classvalue=1]","orchardType":"掩膜提取2_tif [Classvalue=1]","areaMu":0},"geometry":{"type":"Polygon","coordinates":[[[106.138324,31.511658],[106.138219,31.511659],[106.13822,31.511749],[106.138325,31.511748],[106.138324,31.511658]]]}},{"type":"Feature","id":"citrus-parcels-130","properties":{"sourceId":"citrus-parcels","CLASS_ID":"1","CLASS_NAME":"掩膜提取2_tif [Classvalue=1]","AREA":195,"name":"掩膜提取2_tif [Classvalue=1]","orchardType":"掩膜提取2_tif [Classvalue=1]","areaMu":0.29},"geometry":{"type":"MultiPolygon","coordinates":[[[[106.139585,31.511466],[106.13948,31.511467],[106.139481,31.511557],[106.139271,31.511559],[106.139272,31.51165],[106.139377,31.511649],[106.139379,31.511829],[106.139274,31.51183],[106.139272,31.51165],[106.139166,31.51165],[106.139171,31.512011],[106.139065,31.512012],[106.139064,31.511922],[106.138854,31.511924],[106.138853,31.511834],[106.138642,31.511836],[106.138641,31.511745],[106.13843,31.511747],[106.138431,31.511837],[106.138537,31.511836],[106.138538,31.511927],[106.138748,31.511925],[106.13875,31.512015],[106.13896,31.512013],[106.138962,31.512194],[106.138857,31.512194],[106.138858,31.512285],[106.139069,31.512283],[106.13907,31.512373],[106.139175,31.512372],[106.139176,31.512462],[106.139281,31.512461],[106.139279,31.512281],[106.139385,31.51228],[106.139384,31.51219],[106.139489,31.512189],[106.139488,31.512099],[106.139382,31.5121],[106.13938,31.511919],[106.139486,31.511918],[106.139482,31.511648],[106.139588,31.511647],[106.139591,31.511917],[106.139486,31.511918],[106.139487,31.512008],[106.139697,31.512007],[106.139695,31.511826],[106.1398,31.511825],[106.139801,31.511915],[106.139907,31.511915],[106.139909,31.512095],[106.139804,31.512096],[106.139805,31.512186],[106.13991,31.512185],[106.139911,31.512275],[106.140016,31.512274],[106.140019,31.512455],[106.140124,31.512454],[106.140126,31.512634],[106.140231,31.512633],[106.140235,31.512904],[106.140551,31.512901],[106.140549,31.512811],[106.140655,31.51281],[106.140657,31.51299],[106.140552,31.512991],[106.140555,31.513262],[106.14045,31.513263],[106.140451,31.513353],[106.140661,31.513351],[106.140662,31.513441],[106.140768,31.513441],[106.140769,31.513531],[106.140874,31.51353],[106.140873,31.51344],[106.140978,31.513439],[106.140976,31.513258],[106.141187,31.513256],[106.141186,31.513166],[106.140975,31.513168],[106.140973,31.512988],[106.140762,31.512989],[106.14076,31.512809],[106.140865,31.512808],[106.140866,31.512898],[106.140972,31.512897],[106.140973,31.512988],[106.141078,31.512987],[106.141079,31.513077],[106.141184,31.513076],[106.141186,31.513166],[106.141291,31.513165],[106.141289,31.512985],[106.141605,31.512982],[106.141602,31.512802],[106.141497,31.512802],[106.141494,31.512532],[106.141389,31.512533],[106.141387,31.512443],[106.141282,31.512444],[106.141281,31.512353],[106.141176,31.512354],[106.141175,31.512264],[106.140648,31.512269],[106.140647,31.512179],[106.140331,31.512181],[106.140327,31.511821],[106.140221,31.511821],[106.14022,31.511731],[106.140115,31.511732],[106.140114,31.511642],[106.139903,31.511644],[106.139902,31.511554],[106.139586,31.511556],[106.139585,31.511466]]],[[[106.140968,31.512627],[106.140863,31.512628],[106.140862,31.512538],[106.140967,31.512537],[106.140968,31.512627]]]]}},{"type":"Feature","id":"citrus-parcels-131","properties":{"sourceId":"citrus-parcels","CLASS_ID":"1","CLASS_NAME":"掩膜提取2_tif [Classvalue=1]","AREA":1,"name":"掩膜提取2_tif [Classvalue=1]","orchardType":"掩膜提取2_tif [Classvalue=1]","areaMu":0},"geometry":{"type":"Polygon","coordinates":[[[106.085144,31.511669],[106.085039,31.51167],[106.08504,31.51176],[106.085145,31.511759],[106.085144,31.511669]]]}},{"type":"Feature","id":"citrus-parcels-132","properties":{"sourceId":"citrus-parcels","CLASS_ID":"1","CLASS_NAME":"掩膜提取2_tif [Classvalue=1]","AREA":1,"name":"掩膜提取2_tif [Classvalue=1]","orchardType":"掩膜提取2_tif [Classvalue=1]","areaMu":0},"geometry":{"type":"Polygon","coordinates":[[[106.083242,31.511054],[106.083136,31.511054],[106.083137,31.511145],[106.083243,31.511144],[106.083242,31.511054]]]}},{"type":"Feature","id":"citrus-parcels-133","properties":{"sourceId":"citrus-parcels","CLASS_ID":"1","CLASS_NAME":"掩膜提取2_tif [Classvalue=1]","AREA":1,"name":"掩膜提取2_tif [Classvalue=1]","orchardType":"掩膜提取2_tif [Classvalue=1]","areaMu":0},"geometry":{"type":"Polygon","coordinates":[[[106.09356,31.510876],[106.093454,31.510876],[106.093455,31.510967],[106.093561,31.510966],[106.09356,31.510876]]]}},{"type":"Feature","id":"citrus-parcels-134","properties":{"sourceId":"citrus-parcels","CLASS_ID":"1","CLASS_NAME":"掩膜提取2_tif [Classvalue=1]","AREA":3,"name":"掩膜提取2_tif [Classvalue=1]","orchardType":"掩膜提取2_tif [Classvalue=1]","areaMu":0},"geometry":{"type":"Polygon","coordinates":[[[106.093869,31.510332],[106.093764,31.510333],[106.093767,31.510603],[106.093872,31.510602],[106.093869,31.510332]]]}},{"type":"Feature","id":"citrus-parcels-135","properties":{"sourceId":"citrus-parcels","CLASS_ID":"1","CLASS_NAME":"掩膜提取2_tif [Classvalue=1]","AREA":2,"name":"掩膜提取2_tif [Classvalue=1]","orchardType":"掩膜提取2_tif [Classvalue=1]","areaMu":0},"geometry":{"type":"Polygon","coordinates":[[[106.092289,31.510255],[106.092183,31.510256],[106.092185,31.510436],[106.092291,31.510435],[106.092289,31.510255]]]}},{"type":"Feature","id":"citrus-parcels-136","properties":{"sourceId":"citrus-parcels","CLASS_ID":"1","CLASS_NAME":"掩膜提取2_tif [Classvalue=1]","AREA":1,"name":"掩膜提取2_tif [Classvalue=1]","orchardType":"掩膜提取2_tif [Classvalue=1]","areaMu":0},"geometry":{"type":"Polygon","coordinates":[[[106.09397,31.50997],[106.093865,31.509971],[106.093866,31.510061],[106.093971,31.51006],[106.09397,31.50997]]]}},{"type":"Feature","id":"citrus-parcels-137","properties":{"sourceId":"citrus-parcels","CLASS_ID":"1","CLASS_NAME":"掩膜提取2_tif [Classvalue=1]","AREA":1,"name":"掩膜提取2_tif [Classvalue=1]","orchardType":"掩膜提取2_tif [Classvalue=1]","areaMu":0},"geometry":{"type":"Polygon","coordinates":[[[106.093967,31.509699],[106.093862,31.5097],[106.093863,31.50979],[106.093968,31.509789],[106.093967,31.509699]]]}},{"type":"Feature","id":"citrus-parcels-138","properties":{"sourceId":"citrus-parcels","CLASS_ID":"1","CLASS_NAME":"掩膜提取2_tif [Classvalue=1]","AREA":2,"name":"掩膜提取2_tif [Classvalue=1]","orchardType":"掩膜提取2_tif [Classvalue=1]","areaMu":0},"geometry":{"type":"Polygon","coordinates":[[[106.093861,31.50961],[106.09365,31.509612],[106.093651,31.509702],[106.093862,31.5097],[106.093861,31.50961]]]}},{"type":"Feature","id":"citrus-parcels-139","properties":{"sourceId":"citrus-parcels","CLASS_ID":"1","CLASS_NAME":"掩膜提取2_tif [Classvalue=1]","AREA":1958,"name":"掩膜提取2_tif [Classvalue=1]","orchardType":"掩膜提取2_tif [Classvalue=1]","areaMu":2.94},"geometry":{"type":"MultiPolygon","coordinates":[[[[106.095637,31.508422],[106.095426,31.508424],[106.095432,31.508875],[106.095537,31.508874],[106.095542,31.509325],[106.095437,31.509326],[106.095439,31.509506],[106.095334,31.509507],[106.095335,31.509597],[106.09523,31.509598],[106.095232,31.509779],[106.095126,31.50978],[106.095128,31.50996],[106.095234,31.509959],[106.095238,31.51032],[106.095343,31.510319],[106.095345,31.510499],[106.095451,31.510499],[106.095452,31.510589],[106.095557,31.510588],[106.09556,31.510858],[106.09535,31.51086],[106.095352,31.511041],[106.095246,31.511042],[106.095247,31.511132],[106.095353,31.511131],[106.095355,31.511311],[106.095144,31.511313],[106.095145,31.511403],[106.09504,31.511404],[106.095042,31.511585],[106.094937,31.511586],[106.094939,31.511766],[106.094202,31.511772],[106.094203,31.511862],[106.094098,31.511863],[106.094099,31.511954],[106.093888,31.511955],[106.093887,31.511865],[106.093466,31.511869],[106.093468,31.512049],[106.093257,31.512051],[106.093256,31.511961],[106.093151,31.511962],[106.093149,31.511781],[106.093044,31.511782],[106.093041,31.511602],[106.093147,31.511601],[106.093144,31.51133],[106.093249,31.511329],[106.093245,31.510968],[106.09335,31.510968],[106.093349,31.510877],[106.093454,31.510876],[106.093453,31.510786],[106.093769,31.510784],[106.093767,31.510603],[106.093556,31.510605],[106.093554,31.510425],[106.09366,31.510424],[106.093657,31.510243],[106.093763,31.510242],[106.093759,31.509881],[106.093653,31.509882],[106.093652,31.509792],[106.093442,31.509794],[106.09344,31.509614],[106.09365,31.509612],[106.093649,31.509522],[106.093439,31.509523],[106.093437,31.509433],[106.093332,31.509434],[106.093334,31.509614],[106.093229,31.509615],[106.09323,31.509706],[106.093335,31.509705],[106.093337,31.509885],[106.093127,31.509887],[106.093129,31.510067],[106.092918,31.510069],[106.092919,31.510159],[106.092814,31.51016],[106.092815,31.51025],[106.09292,31.51025],[106.092923,31.51043],[106.092817,31.510431],[106.092815,31.51025],[106.09271,31.510251],[106.092711,31.510342],[106.0925,31.510343],[106.092501,31.510434],[106.092396,31.510434],[106.092398,31.510615],[106.092293,31.510616],[106.092295,31.510796],[106.0924,31.510795],[106.092401,31.510885],[106.092296,31.510886],[106.092297,31.510977],[106.092192,31.510977],[106.092195,31.511248],[106.09209,31.511249],[106.092093,31.51152],[106.091987,31.511521],[106.09199,31.511701],[106.091779,31.511703],[106.091778,31.511613],[106.091883,31.511612],[106.091882,31.511521],[106.091777,31.511522],[106.091773,31.511161],[106.091878,31.511161],[106.091875,31.51089],[106.09198,31.510889],[106.091977,31.510618],[106.092082,31.510618],[106.092076,31.510076],[106.091971,31.510077],[106.091972,31.510167],[106.09134,31.510173],[106.091341,31.510263],[106.09092,31.510267],[106.090921,31.510357],[106.09071,31.510359],[106.090711,31.510449],[106.090501,31.510451],[106.090502,31.510541],[106.090291,31.510543],[106.090292,31.510633],[106.090082,31.510635],[106.090083,31.510725],[106.089977,31.510726],[106.089979,31.510906],[106.089453,31.510911],[106.089454,31.511001],[106.089243,31.511003],[106.089245,31.511093],[106.088929,31.511096],[106.088928,31.511005],[106.088612,31.511008],[106.088611,31.510918],[106.088505,31.510919],[106.088506,31.511009],[106.088401,31.51101],[106.088402,31.5111],[106.088297,31.511101],[106.088298,31.511191],[106.088193,31.511192],[106.088195,31.511372],[106.088089,31.511373],[106.088091,31.511554],[106.088197,31.511553],[106.0882,31.511823],[106.088095,31.511824],[106.088099,31.512185],[106.088204,31.512184],[106.088205,31.512274],[106.08831,31.512274],[106.088311,31.512364],[106.088417,31.512363],[106.088418,31.512453],[106.088523,31.512452],[106.088524,31.512542],[106.088629,31.512542],[106.088631,31.512632],[106.088841,31.51263],[106.088842,31.51272],[106.088947,31.512719],[106.088949,31.512809],[106.089159,31.512808],[106.08916,31.512898],[106.089265,31.512897],[106.089266,31.512987],[106.089477,31.512985],[106.08948,31.513256],[106.089586,31.513255],[106.089587,31.513345],[106.089797,31.513344],[106.089796,31.513253],[106.089901,31.513252],[106.0899,31.513162],[106.090006,31.513161],[106.090004,31.512981],[106.090109,31.51298],[106.090108,31.51289],[106.090213,31.512889],[106.090212,31.512799],[106.090317,31.512798],[106.090316,31.512708],[106.090422,31.512707],[106.090421,31.512616],[106.090526,31.512616],[106.090525,31.512525],[106.090735,31.512524],[106.090736,31.512614],[106.090842,31.512613],[106.090841,31.512523],[106.090946,31.512522],[106.090948,31.512702],[106.091159,31.5127],[106.091158,31.51261],[106.091368,31.512608],[106.091369,31.512699],[106.091896,31.512694],[106.091895,31.512604],[106.092105,31.512602],[106.092106,31.512692],[106.093265,31.512682],[106.093266,31.512773],[106.094003,31.512766],[106.094004,31.512857],[106.09453,31.512852],[106.094529,31.512762],[106.09474,31.51276],[106.094739,31.51267],[106.094949,31.512668],[106.094948,31.512578],[106.095159,31.512576],[106.095158,31.512486],[106.095369,31.512484],[106.095367,31.512394],[106.095578,31.512392],[106.095577,31.512302],[106.095788,31.5123],[106.095787,31.51221],[106.095892,31.512209],[106.095891,31.512119],[106.095996,31.512118],[106.095995,31.512028],[106.0961,31.512027],[106.096099,31.511936],[106.09631,31.511935],[106.096309,31.511844],[106.096414,31.511844],[106.096413,31.511753],[106.096834,31.51175],[106.096835,31.51184],[106.097678,31.511833],[106.097679,31.511923],[106.0981,31.511919],[106.098099,31.511829],[106.098204,31.511828],[106.098203,31.511738],[106.098308,31.511737],[106.098306,31.511557],[106.098412,31.511556],[106.098408,31.511285],[106.098514,31.511284],[106.098509,31.510923],[106.098088,31.510927],[106.098089,31.511017],[106.097773,31.51102],[106.097775,31.51111],[106.097669,31.511111],[106.09767,31.511201],[106.097354,31.511204],[106.097355,31.511294],[106.096513,31.511301],[106.096514,31.511392],[106.096198,31.511394],[106.096192,31.510853],[106.096297,31.510852],[106.096293,31.510491],[106.096398,31.51049],[106.096397,31.5104],[106.096292,31.510401],[106.096291,31.510311],[106.096396,31.51031],[106.096395,31.51022],[106.09629,31.510221],[106.096288,31.51004],[106.096393,31.510039],[106.096392,31.509949],[106.096497,31.509948],[106.096495,31.509768],[106.09639,31.509769],[106.096387,31.509498],[106.096597,31.509496],[106.096595,31.509316],[106.097016,31.509312],[106.097015,31.509222],[106.097121,31.509221],[106.09712,31.509131],[106.09733,31.509129],[106.097329,31.509039],[106.097434,31.509038],[106.097433,31.508948],[106.097328,31.508949],[106.097327,31.508859],[106.097222,31.508859],[106.097221,31.508769],[106.097115,31.50877],[106.097114,31.50868],[106.097009,31.508681],[106.097008,31.508591],[106.096587,31.508594],[106.096586,31.508504],[106.095849,31.50851],[106.095848,31.50842],[106.095742,31.508421],[106.095743,31.508511],[106.095638,31.508512],[106.095637,31.508422]]],[[[106.091684,31.512606],[106.091579,31.512607],[106.091578,31.512516],[106.091683,31.512516],[106.091684,31.512606]]],[[[106.09347,31.51223],[106.093365,31.51223],[106.093364,31.51214],[106.093469,31.512139],[106.09347,31.51223]]],[[[106.093786,31.512227],[106.093681,31.512228],[106.09368,31.512138],[106.093785,31.512137],[106.093786,31.512227]]],[[[106.088405,31.511371],[106.0883,31.511372],[106.088299,31.511281],[106.088404,31.51128],[106.088405,31.511371]]],[[[106.088824,31.511187],[106.088719,31.511188],[106.08872,31.511278],[106.088615,31.511279],[106.088616,31.511369],[106.088511,31.51137],[106.088507,31.511099],[106.088823,31.511096],[106.088824,31.511187]]],[[[106.095564,31.511219],[106.095459,31.51122],[106.095458,31.51113],[106.095563,31.511129],[106.095564,31.511219]]]]}},{"type":"Feature","id":"citrus-parcels-140","properties":{"sourceId":"citrus-parcels","CLASS_ID":"1","CLASS_NAME":"掩膜提取2_tif [Classvalue=1]","AREA":2,"name":"掩膜提取2_tif [Classvalue=1]","orchardType":"掩膜提取2_tif [Classvalue=1]","areaMu":0},"geometry":{"type":"Polygon","coordinates":[[[106.141212,31.50667],[106.141107,31.506671],[106.141109,31.506852],[106.141214,31.506851],[106.141212,31.50667]]]}},{"type":"Feature","id":"citrus-parcels-141","properties":{"sourceId":"citrus-parcels","CLASS_ID":"1","CLASS_NAME":"掩膜提取2_tif [Classvalue=1]","AREA":1,"name":"掩膜提取2_tif [Classvalue=1]","orchardType":"掩膜提取2_tif [Classvalue=1]","areaMu":0},"geometry":{"type":"Polygon","coordinates":[[[106.141106,31.506581],[106.141,31.506582],[106.141001,31.506672],[106.141107,31.506671],[106.141106,31.506581]]]}},{"type":"Feature","id":"citrus-parcels-142","properties":{"sourceId":"citrus-parcels","CLASS_ID":"1","CLASS_NAME":"掩膜提取2_tif [Classvalue=1]","AREA":1,"name":"掩膜提取2_tif [Classvalue=1]","orchardType":"掩膜提取2_tif [Classvalue=1]","areaMu":0},"geometry":{"type":"Polygon","coordinates":[[[106.143527,31.506559],[106.143422,31.50656],[106.143423,31.506651],[106.143528,31.50665],[106.143527,31.506559]]]}},{"type":"Feature","id":"citrus-parcels-143","properties":{"sourceId":"citrus-parcels","CLASS_ID":"1","CLASS_NAME":"掩膜提取2_tif [Classvalue=1]","AREA":1,"name":"掩膜提取2_tif [Classvalue=1]","orchardType":"掩膜提取2_tif [Classvalue=1]","areaMu":0},"geometry":{"type":"Polygon","coordinates":[[[106.143421,31.50647],[106.143316,31.506471],[106.143317,31.506561],[106.143422,31.50656],[106.143421,31.50647]]]}},{"type":"Feature","id":"citrus-parcels-144","properties":{"sourceId":"citrus-parcels","CLASS_ID":"1","CLASS_NAME":"掩膜提取2_tif [Classvalue=1]","AREA":3,"name":"掩膜提取2_tif [Classvalue=1]","orchardType":"掩膜提取2_tif [Classvalue=1]","areaMu":0},"geometry":{"type":"Polygon","coordinates":[[[106.141419,31.506398],[106.141209,31.5064],[106.141211,31.50658],[106.141316,31.506579],[106.141315,31.506489],[106.14142,31.506488],[106.141419,31.506398]]]}},{"type":"Feature","id":"citrus-parcels-145","properties":{"sourceId":"citrus-parcels","CLASS_ID":"1","CLASS_NAME":"掩膜提取2_tif [Classvalue=1]","AREA":1,"name":"掩膜提取2_tif [Classvalue=1]","orchardType":"掩膜提取2_tif [Classvalue=1]","areaMu":0},"geometry":{"type":"Polygon","coordinates":[[[106.142156,31.506391],[106.142051,31.506392],[106.142052,31.506482],[106.142157,31.506481],[106.142156,31.506391]]]}},{"type":"Feature","id":"citrus-parcels-146","properties":{"sourceId":"citrus-parcels","CLASS_ID":"1","CLASS_NAME":"掩膜提取2_tif [Classvalue=1]","AREA":1,"name":"掩膜提取2_tif [Classvalue=1]","orchardType":"掩膜提取2_tif [Classvalue=1]","areaMu":0},"geometry":{"type":"Polygon","coordinates":[[[106.142472,31.506388],[106.142367,31.506389],[106.142368,31.50648],[106.142473,31.506479],[106.142472,31.506388]]]}},{"type":"Feature","id":"citrus-parcels-147","properties":{"sourceId":"citrus-parcels","CLASS_ID":"1","CLASS_NAME":"掩膜提取2_tif [Classvalue=1]","AREA":1,"name":"掩膜提取2_tif [Classvalue=1]","orchardType":"掩膜提取2_tif [Classvalue=1]","areaMu":0},"geometry":{"type":"Polygon","coordinates":[[[106.143736,31.506377],[106.14363,31.506378],[106.143631,31.506468],[106.143737,31.506467],[106.143736,31.506377]]]}},{"type":"Feature","id":"citrus-parcels-148","properties":{"sourceId":"citrus-parcels","CLASS_ID":"1","CLASS_NAME":"掩膜提取2_tif [Classvalue=1]","AREA":1,"name":"掩膜提取2_tif [Classvalue=1]","orchardType":"掩膜提取2_tif [Classvalue=1]","areaMu":0},"geometry":{"type":"Polygon","coordinates":[[[106.143946,31.506375],[106.143841,31.506376],[106.143842,31.506466],[106.143947,31.506465],[106.143946,31.506375]]]}},{"type":"Feature","id":"citrus-parcels-149","properties":{"sourceId":"citrus-parcels","CLASS_ID":"1","CLASS_NAME":"掩膜提取2_tif [Classvalue=1]","AREA":1,"name":"掩膜提取2_tif [Classvalue=1]","orchardType":"掩膜提取2_tif [Classvalue=1]","areaMu":0},"geometry":{"type":"Polygon","coordinates":[[[106.141523,31.506307],[106.141418,31.506308],[106.141419,31.506398],[106.141525,31.506397],[106.141523,31.506307]]]}},{"type":"Feature","id":"citrus-parcels-150","properties":{"sourceId":"citrus-parcels","CLASS_ID":"1","CLASS_NAME":"掩膜提取2_tif [Classvalue=1]","AREA":38,"name":"掩膜提取2_tif [Classvalue=1]","orchardType":"掩膜提取2_tif [Classvalue=1]","areaMu":0.06},"geometry":{"type":"Polygon","coordinates":[[[106.141945,31.506303],[106.141839,31.506304],[106.141843,31.506574],[106.141632,31.506576],[106.141631,31.506486],[106.14142,31.506488],[106.141423,31.506668],[106.141317,31.506669],[106.141318,31.50676],[106.141529,31.506758],[106.14153,31.506848],[106.141425,31.506849],[106.141426,31.506939],[106.141636,31.506937],[106.141635,31.506847],[106.141846,31.506845],[106.141844,31.506665],[106.141949,31.506664],[106.141952,31.506934],[106.142058,31.506933],[106.142056,31.506843],[106.142793,31.506837],[106.142792,31.506746],[106.142898,31.506745],[106.142897,31.506655],[106.142581,31.506658],[106.142582,31.506748],[106.142266,31.506751],[106.142265,31.506661],[106.14216,31.506662],[106.142158,31.506572],[106.142053,31.506573],[106.142052,31.506482],[106.141947,31.506483],[106.141945,31.506303]]]}},{"type":"Feature","id":"citrus-parcels-151","properties":{"sourceId":"citrus-parcels","CLASS_ID":"1","CLASS_NAME":"掩膜提取2_tif [Classvalue=1]","AREA":1,"name":"掩膜提取2_tif [Classvalue=1]","orchardType":"掩膜提取2_tif [Classvalue=1]","areaMu":0},"geometry":{"type":"Polygon","coordinates":[[[106.14226,31.5063],[106.142155,31.506301],[106.142156,31.506391],[106.142262,31.50639],[106.14226,31.5063]]]}},{"type":"Feature","id":"citrus-parcels-152","properties":{"sourceId":"citrus-parcels","CLASS_ID":"1","CLASS_NAME":"掩膜提取2_tif [Classvalue=1]","AREA":2,"name":"掩膜提取2_tif [Classvalue=1]","orchardType":"掩膜提取2_tif [Classvalue=1]","areaMu":0},"geometry":{"type":"Polygon","coordinates":[[[106.142682,31.506296],[106.142576,31.506297],[106.142579,31.506478],[106.142684,31.506477],[106.142682,31.506296]]]}},{"type":"Feature","id":"citrus-parcels-153","properties":{"sourceId":"citrus-parcels","CLASS_ID":"1","CLASS_NAME":"掩膜提取2_tif [Classvalue=1]","AREA":16,"name":"掩膜提取2_tif [Classvalue=1]","orchardType":"掩膜提取2_tif [Classvalue=1]","areaMu":0.02},"geometry":{"type":"Polygon","coordinates":[[[106.140364,31.506227],[106.140259,31.506228],[106.140261,31.506408],[106.14005,31.50641],[106.140052,31.5065],[106.140367,31.506497],[106.140369,31.506588],[106.140684,31.506585],[106.140686,31.506675],[106.140791,31.506674],[106.14079,31.506584],[106.141,31.506582],[106.140999,31.506492],[106.140683,31.506495],[106.140682,31.506404],[106.140472,31.506406],[106.140471,31.506316],[106.140365,31.506317],[106.140364,31.506227]]]}},{"type":"Feature","id":"citrus-parcels-154","properties":{"sourceId":"citrus-parcels","CLASS_ID":"1","CLASS_NAME":"掩膜提取2_tif [Classvalue=1]","AREA":1,"name":"掩膜提取2_tif [Classvalue=1]","orchardType":"掩膜提取2_tif [Classvalue=1]","areaMu":0},"geometry":{"type":"Polygon","coordinates":[[[106.142575,31.506207],[106.14247,31.506208],[106.142471,31.506298],[106.142576,31.506297],[106.142575,31.506207]]]}},{"type":"Feature","id":"citrus-parcels-155","properties":{"sourceId":"citrus-parcels","CLASS_ID":"1","CLASS_NAME":"掩膜提取2_tif [Classvalue=1]","AREA":3,"name":"掩膜提取2_tif [Classvalue=1]","orchardType":"掩膜提取2_tif [Classvalue=1]","areaMu":0},"geometry":{"type":"Polygon","coordinates":[[[106.142469,31.506118],[106.142258,31.50612],[106.14226,31.5063],[106.142366,31.506299],[106.142365,31.506209],[106.14247,31.506208],[106.142469,31.506118]]]}},{"type":"Feature","id":"citrus-parcels-156","properties":{"sourceId":"citrus-parcels","CLASS_ID":"1","CLASS_NAME":"掩膜提取2_tif [Classvalue=1]","AREA":2,"name":"掩膜提取2_tif [Classvalue=1]","orchardType":"掩膜提取2_tif [Classvalue=1]","areaMu":0},"geometry":{"type":"Polygon","coordinates":[[[106.14289,31.506114],[106.142679,31.506116],[106.142681,31.506206],[106.142891,31.506204],[106.14289,31.506114]]]}},{"type":"Feature","id":"citrus-parcels-157","properties":{"sourceId":"citrus-parcels","CLASS_ID":"1","CLASS_NAME":"掩膜提取2_tif [Classvalue=1]","AREA":1,"name":"掩膜提取2_tif [Classvalue=1]","orchardType":"掩膜提取2_tif [Classvalue=1]","areaMu":0},"geometry":{"type":"Polygon","coordinates":[[[106.143838,31.506106],[106.143732,31.506106],[106.143733,31.506197],[106.143839,31.506196],[106.143838,31.506106]]]}},{"type":"Feature","id":"citrus-parcels-158","properties":{"sourceId":"citrus-parcels","CLASS_ID":"1","CLASS_NAME":"掩膜提取2_tif [Classvalue=1]","AREA":6,"name":"掩膜提取2_tif [Classvalue=1]","orchardType":"掩膜提取2_tif [Classvalue=1]","areaMu":0.01},"geometry":{"type":"Polygon","coordinates":[[[106.144259,31.506102],[106.144153,31.506103],[106.144155,31.506193],[106.143944,31.506195],[106.143946,31.506375],[106.144157,31.506373],[106.144156,31.506283],[106.144261,31.506282],[106.144259,31.506102]]]}},{"type":"Feature","id":"citrus-parcels-159","properties":{"sourceId":"citrus-parcels","CLASS_ID":"1","CLASS_NAME":"掩膜提取2_tif [Classvalue=1]","AREA":4,"name":"掩膜提取2_tif [Classvalue=1]","orchardType":"掩膜提取2_tif [Classvalue=1]","areaMu":0.01},"geometry":{"type":"Polygon","coordinates":[[[106.143626,31.506017],[106.143521,31.506018],[106.143524,31.506289],[106.143734,31.506287],[106.143733,31.506197],[106.143628,31.506198],[106.143626,31.506017]]]}},{"type":"Feature","id":"citrus-parcels-160","properties":{"sourceId":"citrus-parcels","CLASS_ID":"1","CLASS_NAME":"掩膜提取2_tif [Classvalue=1]","AREA":1,"name":"掩膜提取2_tif [Classvalue=1]","orchardType":"掩膜提取2_tif [Classvalue=1]","areaMu":0},"geometry":{"type":"Polygon","coordinates":[[[106.144363,31.506011],[106.144258,31.506012],[106.144259,31.506102],[106.144364,31.506101],[106.144363,31.506011]]]}},{"type":"Feature","id":"citrus-parcels-161","properties":{"sourceId":"citrus-parcels","CLASS_ID":"1","CLASS_NAME":"掩膜提取2_tif [Classvalue=1]","AREA":17,"name":"掩膜提取2_tif [Classvalue=1]","orchardType":"掩膜提取2_tif [Classvalue=1]","areaMu":0.03},"geometry":{"type":"Polygon","coordinates":[[[106.141414,31.505947],[106.141203,31.505949],[106.141204,31.506039],[106.141099,31.50604],[106.141101,31.50622],[106.141206,31.506219],[106.141205,31.506129],[106.141521,31.506126],[106.141522,31.506216],[106.141943,31.506213],[106.141945,31.506303],[106.14205,31.506302],[106.142049,31.506212],[106.142154,31.506211],[106.142153,31.506121],[106.141837,31.506123],[106.141836,31.506033],[106.141415,31.506037],[106.141414,31.505947]]]}},{"type":"Feature","id":"citrus-parcels-162","properties":{"sourceId":"citrus-parcels","CLASS_ID":"1","CLASS_NAME":"掩膜提取2_tif [Classvalue=1]","AREA":2,"name":"掩膜提取2_tif [Classvalue=1]","orchardType":"掩膜提取2_tif [Classvalue=1]","areaMu":0},"geometry":{"type":"Polygon","coordinates":[[[106.142361,31.505938],[106.142151,31.50594],[106.142152,31.50603],[106.142362,31.506028],[106.142361,31.505938]]]}},{"type":"Feature","id":"citrus-parcels-163","properties":{"sourceId":"citrus-parcels","CLASS_ID":"1","CLASS_NAME":"掩膜提取2_tif [Classvalue=1]","AREA":1,"name":"掩膜提取2_tif [Classvalue=1]","orchardType":"掩膜提取2_tif [Classvalue=1]","areaMu":0},"geometry":{"type":"Polygon","coordinates":[[[106.142677,31.505935],[106.142572,31.505936],[106.142573,31.506027],[106.142678,31.506026],[106.142677,31.505935]]]}},{"type":"Feature","id":"citrus-parcels-164","properties":{"sourceId":"citrus-parcels","CLASS_ID":"1","CLASS_NAME":"掩膜提取2_tif [Classvalue=1]","AREA":1,"name":"掩膜提取2_tif [Classvalue=1]","orchardType":"掩膜提取2_tif [Classvalue=1]","areaMu":0},"geometry":{"type":"Polygon","coordinates":[[[106.144467,31.505919],[106.144362,31.50592],[106.144363,31.506011],[106.144468,31.50601],[106.144467,31.505919]]]}},{"type":"Feature","id":"citrus-parcels-165","properties":{"sourceId":"citrus-parcels","CLASS_ID":"1","CLASS_NAME":"掩膜提取2_tif [Classvalue=1]","AREA":4,"name":"掩膜提取2_tif [Classvalue=1]","orchardType":"掩膜提取2_tif [Classvalue=1]","areaMu":0.01},"geometry":{"type":"Polygon","coordinates":[[[106.140149,31.505868],[106.139833,31.505871],[106.139834,31.505961],[106.140045,31.505959],[106.140046,31.506049],[106.140151,31.506048],[106.140149,31.505868]]]}},{"type":"Feature","id":"citrus-parcels-166","properties":{"sourceId":"citrus-parcels","CLASS_ID":"1","CLASS_NAME":"掩膜提取2_tif [Classvalue=1]","AREA":15,"name":"掩膜提取2_tif [Classvalue=1]","orchardType":"掩膜提取2_tif [Classvalue=1]","areaMu":0.02},"geometry":{"type":"Polygon","coordinates":[[[106.140886,31.505861],[106.140676,31.505863],[106.140678,31.506044],[106.140467,31.506045],[106.140469,31.506226],[106.140575,31.506225],[106.140574,31.506135],[106.140784,31.506133],[106.140785,31.506223],[106.140891,31.506222],[106.140892,31.506312],[106.140997,31.506311],[106.140994,31.506041],[106.141099,31.50604],[106.141098,31.50595],[106.140887,31.505951],[106.140886,31.505861]]]}},{"type":"Feature","id":"citrus-parcels-167","properties":{"sourceId":"citrus-parcels","CLASS_ID":"1","CLASS_NAME":"掩膜提取2_tif [Classvalue=1]","AREA":1,"name":"掩膜提取2_tif [Classvalue=1]","orchardType":"掩膜提取2_tif [Classvalue=1]","areaMu":0},"geometry":{"type":"Polygon","coordinates":[[[106.142992,31.505842],[106.142887,31.505843],[106.142888,31.505934],[106.142993,31.505933],[106.142992,31.505842]]]}},{"type":"Feature","id":"citrus-parcels-168","properties":{"sourceId":"citrus-parcels","CLASS_ID":"1","CLASS_NAME":"掩膜提取2_tif [Classvalue=1]","AREA":1,"name":"掩膜提取2_tif [Classvalue=1]","orchardType":"掩膜提取2_tif [Classvalue=1]","areaMu":0},"geometry":{"type":"Polygon","coordinates":[[[106.14457,31.505738],[106.144465,31.505739],[106.144466,31.505829],[106.144571,31.505828],[106.14457,31.505738]]]}},{"type":"Feature","id":"citrus-parcels-169","properties":{"sourceId":"citrus-parcels","CLASS_ID":"1","CLASS_NAME":"掩膜提取2_tif [Classvalue=1]","AREA":1,"name":"掩膜提取2_tif [Classvalue=1]","orchardType":"掩膜提取2_tif [Classvalue=1]","areaMu":0},"geometry":{"type":"Polygon","coordinates":[[[106.144674,31.505647],[106.144569,31.505648],[106.14457,31.505738],[106.144675,31.505737],[106.144674,31.505647]]]}},{"type":"Feature","id":"citrus-parcels-170","properties":{"sourceId":"citrus-parcels","CLASS_ID":"1","CLASS_NAME":"掩膜提取2_tif [Classvalue=1]","AREA":4,"name":"掩膜提取2_tif [Classvalue=1]","orchardType":"掩膜提取2_tif [Classvalue=1]","areaMu":0.01},"geometry":{"type":"Polygon","coordinates":[[[106.13983,31.5056],[106.139725,31.505601],[106.139727,31.505781],[106.139622,31.505782],[106.139623,31.505872],[106.139833,31.505871],[106.13983,31.5056]]]}},{"type":"Feature","id":"citrus-parcels-171","properties":{"sourceId":"citrus-parcels","CLASS_ID":"1","CLASS_NAME":"掩膜提取2_tif [Classvalue=1]","AREA":2,"name":"掩膜提取2_tif [Classvalue=1]","orchardType":"掩膜提取2_tif [Classvalue=1]","areaMu":0},"geometry":{"type":"Polygon","coordinates":[[[106.144884,31.505555],[106.144673,31.505557],[106.144674,31.505647],[106.144885,31.505645],[106.144884,31.505555]]]}},{"type":"Feature","id":"citrus-parcels-172","properties":{"sourceId":"citrus-parcels","CLASS_ID":"1","CLASS_NAME":"掩膜提取2_tif [Classvalue=1]","AREA":1,"name":"掩膜提取2_tif [Classvalue=1]","orchardType":"掩膜提取2_tif [Classvalue=1]","areaMu":0},"geometry":{"type":"Polygon","coordinates":[[[106.13825,31.505524],[106.138144,31.505525],[106.138145,31.505615],[106.138251,31.505614],[106.13825,31.505524]]]}},{"type":"Feature","id":"citrus-parcels-173","properties":{"sourceId":"citrus-parcels","CLASS_ID":"1","CLASS_NAME":"掩膜提取2_tif [Classvalue=1]","AREA":3,"name":"掩膜提取2_tif [Classvalue=1]","orchardType":"掩膜提取2_tif [Classvalue=1]","areaMu":0},"geometry":{"type":"Polygon","coordinates":[[[106.139092,31.505516],[106.138987,31.505517],[106.138989,31.505698],[106.139199,31.505696],[106.139198,31.505606],[106.139093,31.505607],[106.139092,31.505516]]]}},{"type":"Feature","id":"citrus-parcels-174","properties":{"sourceId":"citrus-parcels","CLASS_ID":"1","CLASS_NAME":"掩膜提取2_tif [Classvalue=1]","AREA":1,"name":"掩膜提取2_tif [Classvalue=1]","orchardType":"掩膜提取2_tif [Classvalue=1]","areaMu":0},"geometry":{"type":"Polygon","coordinates":[[[106.143409,31.505478],[106.143303,31.505479],[106.143305,31.505569],[106.14341,31.505568],[106.143409,31.505478]]]}},{"type":"Feature","id":"citrus-parcels-175","properties":{"sourceId":"citrus-parcels","CLASS_ID":"1","CLASS_NAME":"掩膜提取2_tif [Classvalue=1]","AREA":11,"name":"掩膜提取2_tif [Classvalue=1]","orchardType":"掩膜提取2_tif [Classvalue=1]","areaMu":0.02},"geometry":{"type":"Polygon","coordinates":[[[106.139933,31.505419],[106.139828,31.50542],[106.13983,31.5056],[106.140041,31.505598],[106.140042,31.505688],[106.139936,31.505689],[106.139938,31.505779],[106.140464,31.505775],[106.140463,31.505685],[106.140358,31.505686],[106.140356,31.505595],[106.140251,31.505596],[106.140252,31.505686],[106.140147,31.505687],[106.140145,31.505507],[106.139934,31.505509],[106.139933,31.505419]]]}},{"type":"Feature","id":"citrus-parcels-176","properties":{"sourceId":"citrus-parcels","CLASS_ID":"1","CLASS_NAME":"掩膜提取2_tif [Classvalue=1]","AREA":5,"name":"掩膜提取2_tif [Classvalue=1]","orchardType":"掩膜提取2_tif [Classvalue=1]","areaMu":0.01},"geometry":{"type":"Polygon","coordinates":[[[106.145303,31.505371],[106.144987,31.505374],[106.144988,31.505464],[106.144883,31.505465],[106.144884,31.505555],[106.145094,31.505553],[106.145093,31.505463],[106.145304,31.505461],[106.145303,31.505371]]]}},{"type":"Feature","id":"citrus-parcels-177","properties":{"sourceId":"citrus-parcels","CLASS_ID":"1","CLASS_NAME":"掩膜提取2_tif [Classvalue=1]","AREA":1,"name":"掩膜提取2_tif [Classvalue=1]","orchardType":"掩膜提取2_tif [Classvalue=1]","areaMu":0},"geometry":{"type":"Polygon","coordinates":[[[106.139827,31.505329],[106.139721,31.50533],[106.139723,31.505421],[106.139828,31.50542],[106.139827,31.505329]]]}},{"type":"Feature","id":"citrus-parcels-178","properties":{"sourceId":"citrus-parcels","CLASS_ID":"1","CLASS_NAME":"掩膜提取2_tif [Classvalue=1]","AREA":23,"name":"掩膜提取2_tif [Classvalue=1]","orchardType":"掩膜提取2_tif [Classvalue=1]","areaMu":0.03},"geometry":{"type":"Polygon","coordinates":[[[106.141722,31.505312],[106.141617,31.505313],[106.14162,31.505584],[106.141725,31.505583],[106.141729,31.505854],[106.141623,31.505855],[106.141624,31.505945],[106.14194,31.505942],[106.141937,31.505671],[106.141832,31.505672],[106.141831,31.505582],[106.142146,31.505579],[106.142144,31.505399],[106.142249,31.505398],[106.142248,31.505308],[106.141827,31.505312],[106.141828,31.505402],[106.141723,31.505403],[106.141722,31.505312]]]}},{"type":"Feature","id":"citrus-parcels-179","properties":{"sourceId":"citrus-parcels","CLASS_ID":"1","CLASS_NAME":"掩膜提取2_tif [Classvalue=1]","AREA":26,"name":"掩膜提取2_tif [Classvalue=1]","orchardType":"掩膜提取2_tif [Classvalue=1]","areaMu":0.04},"geometry":{"type":"Polygon","coordinates":[[[106.143828,31.505294],[106.143722,31.505295],[106.143724,31.505385],[106.143618,31.505386],[106.14362,31.505566],[106.143515,31.505567],[106.143516,31.505657],[106.143411,31.505658],[106.143412,31.505748],[106.143307,31.505749],[106.143308,31.50584],[106.143203,31.505841],[106.143204,31.505931],[106.143414,31.505929],[106.143413,31.505839],[106.143518,31.505838],[106.143517,31.505748],[106.143623,31.505747],[106.143624,31.505837],[106.143834,31.505835],[106.143832,31.505655],[106.143937,31.505654],[106.143938,31.505744],[106.144254,31.505741],[106.144253,31.505651],[106.144148,31.505652],[106.144147,31.505561],[106.143936,31.505563],[106.143934,31.505383],[106.143829,31.505384],[106.143828,31.505294]]]}},{"type":"Feature","id":"citrus-parcels-180","properties":{"sourceId":"citrus-parcels","CLASS_ID":"1","CLASS_NAME":"掩膜提取2_tif [Classvalue=1]","AREA":1,"name":"掩膜提取2_tif [Classvalue=1]","orchardType":"掩膜提取2_tif [Classvalue=1]","areaMu":0},"geometry":{"type":"Polygon","coordinates":[[[106.144881,31.505284],[106.144775,31.505285],[106.144776,31.505375],[106.144882,31.505374],[106.144881,31.505284]]]}},{"type":"Feature","id":"citrus-parcels-181","properties":{"sourceId":"citrus-parcels","CLASS_ID":"1","CLASS_NAME":"掩膜提取2_tif [Classvalue=1]","AREA":1,"name":"掩膜提取2_tif [Classvalue=1]","orchardType":"掩膜提取2_tif [Classvalue=1]","areaMu":0},"geometry":{"type":"Polygon","coordinates":[[[106.142458,31.505216],[106.142353,31.505217],[106.142354,31.505307],[106.142459,31.505306],[106.142458,31.505216]]]}},{"type":"Feature","id":"citrus-parcels-182","properties":{"sourceId":"citrus-parcels","CLASS_ID":"1","CLASS_NAME":"掩膜提取2_tif [Classvalue=1]","AREA":7,"name":"掩膜提取2_tif [Classvalue=1]","orchardType":"掩膜提取2_tif [Classvalue=1]","areaMu":0.01},"geometry":{"type":"Polygon","coordinates":[[[106.145614,31.505007],[106.145509,31.505008],[106.14551,31.505098],[106.145405,31.505099],[106.145406,31.505189],[106.145301,31.50519],[106.145302,31.50528],[106.145723,31.505277],[106.145722,31.505187],[106.145616,31.505187],[106.145614,31.505007]]]}},{"type":"Feature","id":"citrus-parcels-183","properties":{"sourceId":"citrus-parcels","CLASS_ID":"1","CLASS_NAME":"掩膜提取2_tif [Classvalue=1]","AREA":2,"name":"掩膜提取2_tif [Classvalue=1]","orchardType":"掩膜提取2_tif [Classvalue=1]","areaMu":0},"geometry":{"type":"Polygon","coordinates":[[[106.145825,31.505005],[106.14572,31.505006],[106.145722,31.505187],[106.145827,31.505186],[106.145825,31.505005]]]}},{"type":"Feature","id":"citrus-parcels-184","properties":{"sourceId":"citrus-parcels","CLASS_ID":"1","CLASS_NAME":"掩膜提取2_tif [Classvalue=1]","AREA":13,"name":"掩膜提取2_tif [Classvalue=1]","orchardType":"掩膜提取2_tif [Classvalue=1]","areaMu":0.02},"geometry":{"type":"Polygon","coordinates":[[[106.139085,31.504975],[106.138875,31.504977],[106.138876,31.505067],[106.138981,31.505066],[106.138982,31.505156],[106.139088,31.505156],[106.139089,31.505246],[106.139299,31.505244],[106.139301,31.505424],[106.139407,31.505423],[106.139406,31.505333],[106.139511,31.505332],[106.139512,31.505422],[106.139617,31.505421],[106.139615,31.505241],[106.139405,31.505243],[106.139403,31.505153],[106.139298,31.505154],[106.139297,31.505063],[106.139086,31.505065],[106.139085,31.504975]]]}},{"type":"Feature","id":"citrus-parcels-185","properties":{"sourceId":"citrus-parcels","CLASS_ID":"1","CLASS_NAME":"掩膜提取2_tif [Classvalue=1]","AREA":1,"name":"掩膜提取2_tif [Classvalue=1]","orchardType":"掩膜提取2_tif [Classvalue=1]","areaMu":0},"geometry":{"type":"Polygon","coordinates":[[[106.142981,31.50494],[106.142876,31.504941],[106.142877,31.505032],[106.142982,31.505031],[106.142981,31.50494]]]}},{"type":"Feature","id":"citrus-parcels-186","properties":{"sourceId":"citrus-parcels","CLASS_ID":"1","CLASS_NAME":"掩膜提取2_tif [Classvalue=1]","AREA":11,"name":"掩膜提取2_tif [Classvalue=1]","orchardType":"掩膜提取2_tif [Classvalue=1]","areaMu":0.02},"geometry":{"type":"Polygon","coordinates":[[[106.144139,31.50493],[106.143929,31.504932],[106.14393,31.505022],[106.144035,31.505021],[106.144036,31.505111],[106.143931,31.505112],[106.143932,31.505203],[106.143827,31.505203],[106.143828,31.505294],[106.143933,31.505293],[106.143934,31.505383],[106.144039,31.505382],[106.144037,31.505202],[106.144248,31.5052],[106.144247,31.505109],[106.144352,31.505109],[106.144351,31.505018],[106.14414,31.50502],[106.144139,31.50493]]]}},{"type":"Feature","id":"citrus-parcels-187","properties":{"sourceId":"citrus-parcels","CLASS_ID":"1","CLASS_NAME":"掩膜提取2_tif [Classvalue=1]","AREA":1,"name":"掩膜提取2_tif [Classvalue=1]","orchardType":"掩膜提取2_tif [Classvalue=1]","areaMu":0},"geometry":{"type":"Polygon","coordinates":[[[106.145717,31.504826],[106.145612,31.504827],[106.145613,31.504917],[106.145718,31.504916],[106.145717,31.504826]]]}},{"type":"Feature","id":"citrus-parcels-188","properties":{"sourceId":"citrus-parcels","CLASS_ID":"1","CLASS_NAME":"掩膜提取2_tif [Classvalue=1]","AREA":1,"name":"掩膜提取2_tif [Classvalue=1]","orchardType":"掩膜提取2_tif [Classvalue=1]","areaMu":0},"geometry":{"type":"Polygon","coordinates":[[[106.14677,31.504816],[106.146665,31.504817],[106.146666,31.504907],[106.146771,31.504906],[106.14677,31.504816]]]}},{"type":"Feature","id":"citrus-parcels-189","properties":{"sourceId":"citrus-parcels","CLASS_ID":"1","CLASS_NAME":"掩膜提取2_tif [Classvalue=1]","AREA":6,"name":"掩膜提取2_tif [Classvalue=1]","orchardType":"掩膜提取2_tif [Classvalue=1]","areaMu":0.01},"geometry":{"type":"Polygon","coordinates":[[[106.138556,31.504709],[106.13845,31.50471],[106.138453,31.504891],[106.138663,31.504889],[106.138664,31.504979],[106.138875,31.504977],[106.138874,31.504887],[106.138768,31.504888],[106.138767,31.504798],[106.138557,31.504799],[106.138556,31.504709]]]}},{"type":"Feature","id":"citrus-parcels-190","properties":{"sourceId":"citrus-parcels","CLASS_ID":"1","CLASS_NAME":"掩膜提取2_tif [Classvalue=1]","AREA":3,"name":"掩膜提取2_tif [Classvalue=1]","orchardType":"掩膜提取2_tif [Classvalue=1]","areaMu":0},"geometry":{"type":"Polygon","coordinates":[[[106.145504,31.504557],[106.145398,31.504558],[106.145402,31.504829],[106.145507,31.504828],[106.145504,31.504557]]]}},{"type":"Feature","id":"citrus-parcels-191","properties":{"sourceId":"citrus-parcels","CLASS_ID":"1","CLASS_NAME":"掩膜提取2_tif [Classvalue=1]","AREA":1,"name":"掩膜提取2_tif [Classvalue=1]","orchardType":"掩膜提取2_tif [Classvalue=1]","areaMu":0},"geometry":{"type":"Polygon","coordinates":[[[106.144868,31.504292],[106.144763,31.504293],[106.144764,31.504383],[106.14487,31.504382],[106.144868,31.504292]]]}},{"type":"Feature","id":"citrus-parcels-192","properties":{"sourceId":"citrus-parcels","CLASS_ID":"1","CLASS_NAME":"掩膜提取2_tif [Classvalue=1]","AREA":42,"name":"掩膜提取2_tif [Classvalue=1]","orchardType":"掩膜提取2_tif [Classvalue=1]","areaMu":0.06},"geometry":{"type":"Polygon","coordinates":[[[106.144341,31.504206],[106.144236,31.504207],[106.14424,31.504568],[106.144451,31.504566],[106.144452,31.504657],[106.144346,31.504658],[106.144348,31.504748],[106.144453,31.504747],[106.144454,31.504837],[106.144138,31.50484],[106.144139,31.50493],[106.144455,31.504927],[106.144458,31.505198],[106.144669,31.505196],[106.144667,31.505016],[106.144772,31.505015],[106.144771,31.504924],[106.144666,31.504925],[106.144663,31.504745],[106.144874,31.504743],[106.144873,31.504653],[106.144978,31.504652],[106.144977,31.504562],[106.145082,31.504561],[106.145083,31.504651],[106.145189,31.50465],[106.145187,31.50447],[106.145081,31.504471],[106.14508,31.50438],[106.14487,31.504382],[106.144871,31.504472],[106.14466,31.504474],[106.144659,31.504384],[106.144343,31.504387],[106.144341,31.504206]]]}},{"type":"Feature","id":"citrus-parcels-193","properties":{"sourceId":"citrus-parcels","CLASS_ID":"1","CLASS_NAME":"掩膜提取2_tif [Classvalue=1]","AREA":4,"name":"掩膜提取2_tif [Classvalue=1]","orchardType":"掩膜提取2_tif [Classvalue=1]","areaMu":0.01},"geometry":{"type":"Polygon","coordinates":[[[106.145289,31.504198],[106.145078,31.5042],[106.14508,31.50438],[106.145291,31.504378],[106.145289,31.504198]]]}},{"type":"Feature","id":"citrus-parcels-194","properties":{"sourceId":"citrus-parcels","CLASS_ID":"1","CLASS_NAME":"掩膜提取2_tif [Classvalue=1]","AREA":2,"name":"掩膜提取2_tif [Classvalue=1]","orchardType":"掩膜提取2_tif [Classvalue=1]","areaMu":0},"geometry":{"type":"Polygon","coordinates":[[[106.144656,31.504113],[106.14455,31.504114],[106.144553,31.504295],[106.144658,31.504294],[106.144656,31.504113]]]}},{"type":"Feature","id":"citrus-parcels-195","properties":{"sourceId":"citrus-parcels","CLASS_ID":"1","CLASS_NAME":"掩膜提取2_tif [Classvalue=1]","AREA":1,"name":"掩膜提取2_tif [Classvalue=1]","orchardType":"掩膜提取2_tif [Classvalue=1]","areaMu":0},"geometry":{"type":"Polygon","coordinates":[[[106.14476,31.504022],[106.144655,31.504023],[106.144656,31.504113],[106.144761,31.504113],[106.14476,31.504022]]]}},{"type":"Feature","id":"citrus-parcels-196","properties":{"sourceId":"citrus-parcels","CLASS_ID":"1","CLASS_NAME":"掩膜提取2_tif [Classvalue=1]","AREA":4,"name":"掩膜提取2_tif [Classvalue=1]","orchardType":"掩膜提取2_tif [Classvalue=1]","areaMu":0.01},"geometry":{"type":"Polygon","coordinates":[[[106.148234,31.503991],[106.148024,31.503993],[106.148025,31.504083],[106.14792,31.504084],[106.147921,31.504174],[106.148131,31.504173],[106.14813,31.504082],[106.148235,31.504081],[106.148234,31.503991]]]}},{"type":"Feature","id":"citrus-parcels-197","properties":{"sourceId":"citrus-parcels","CLASS_ID":"1","CLASS_NAME":"掩膜提取2_tif [Classvalue=1]","AREA":3,"name":"掩膜提取2_tif [Classvalue=1]","orchardType":"掩膜提取2_tif [Classvalue=1]","areaMu":0},"geometry":{"type":"Polygon","coordinates":[[[106.14318,31.503946],[106.143074,31.503947],[106.143075,31.504037],[106.14297,31.504038],[106.142971,31.504129],[106.143182,31.504127],[106.14318,31.503946]]]}},{"type":"Feature","id":"citrus-parcels-198","properties":{"sourceId":"citrus-parcels","CLASS_ID":"1","CLASS_NAME":"掩膜提取2_tif [Classvalue=1]","AREA":3,"name":"掩膜提取2_tif [Classvalue=1]","orchardType":"掩膜提取2_tif [Classvalue=1]","areaMu":0},"geometry":{"type":"Polygon","coordinates":[[[106.145391,31.503926],[106.145285,31.503927],[106.145287,31.504108],[106.145498,31.504106],[106.145497,31.504016],[106.145392,31.504017],[106.145391,31.503926]]]}},{"type":"Feature","id":"citrus-parcels-199","properties":{"sourceId":"citrus-parcels","CLASS_ID":"1","CLASS_NAME":"掩膜提取2_tif [Classvalue=1]","AREA":2,"name":"掩膜提取2_tif [Classvalue=1]","orchardType":"掩膜提取2_tif [Classvalue=1]","areaMu":0},"geometry":{"type":"Polygon","coordinates":[[[106.143915,31.503849],[106.143705,31.503851],[106.143706,31.503942],[106.143917,31.50394],[106.143915,31.503849]]]}},{"type":"Feature","id":"citrus-parcels-200","properties":{"sourceId":"citrus-parcels","CLASS_ID":"1","CLASS_NAME":"掩膜提取2_tif [Classvalue=1]","AREA":2,"name":"掩膜提取2_tif [Classvalue=1]","orchardType":"掩膜提取2_tif [Classvalue=1]","areaMu":0},"geometry":{"type":"Polygon","coordinates":[[[106.144758,31.503842],[106.144547,31.503844],[106.144548,31.503934],[106.144759,31.503932],[106.144758,31.503842]]]}},{"type":"Feature","id":"citrus-parcels-201","properties":{"sourceId":"citrus-parcels","CLASS_ID":"1","CLASS_NAME":"掩膜提取2_tif [Classvalue=1]","AREA":9,"name":"掩膜提取2_tif [Classvalue=1]","orchardType":"掩膜提取2_tif [Classvalue=1]","areaMu":0.01},"geometry":{"type":"Polygon","coordinates":[[[106.145179,31.503838],[106.145074,31.503839],[106.145076,31.504019],[106.14497,31.50402],[106.144969,31.50393],[106.144759,31.503932],[106.14476,31.504022],[106.144865,31.504021],[106.144867,31.504202],[106.145078,31.5042],[106.145077,31.50411],[106.145182,31.504109],[106.145179,31.503838]]]}},{"type":"Feature","id":"citrus-parcels-202","properties":{"sourceId":"citrus-parcels","CLASS_ID":"1","CLASS_NAME":"掩膜提取2_tif [Classvalue=1]","AREA":2,"name":"掩膜提取2_tif [Classvalue=1]","orchardType":"掩膜提取2_tif [Classvalue=1]","areaMu":0},"geometry":{"type":"Polygon","coordinates":[[[106.147495,31.503817],[106.14739,31.503818],[106.147392,31.503999],[106.147497,31.503998],[106.147495,31.503817]]]}},{"type":"Feature","id":"citrus-parcels-203","properties":{"sourceId":"citrus-parcels","CLASS_ID":"1","CLASS_NAME":"掩膜提取2_tif [Classvalue=1]","AREA":1,"name":"掩膜提取2_tif [Classvalue=1]","orchardType":"掩膜提取2_tif [Classvalue=1]","areaMu":0},"geometry":{"type":"Polygon","coordinates":[[[106.135913,31.50383],[106.135807,31.503831],[106.135808,31.503922],[106.135914,31.503921],[106.135913,31.50383]]]}},{"type":"Feature","id":"citrus-parcels-204","properties":{"sourceId":"citrus-parcels","CLASS_ID":"1","CLASS_NAME":"掩膜提取2_tif [Classvalue=1]","AREA":9,"name":"掩膜提取2_tif [Classvalue=1]","orchardType":"掩膜提取2_tif [Classvalue=1]","areaMu":0.01},"geometry":{"type":"Polygon","coordinates":[[[106.144441,31.503755],[106.144335,31.503755],[106.144338,31.503936],[106.144232,31.503937],[106.144231,31.503847],[106.144126,31.503848],[106.144127,31.503938],[106.144022,31.503939],[106.144023,31.504029],[106.144128,31.504028],[106.144129,31.504118],[106.14434,31.504116],[106.144339,31.504026],[106.144444,31.504025],[106.144441,31.503755]]]}},{"type":"Feature","id":"citrus-parcels-205","properties":{"sourceId":"citrus-parcels","CLASS_ID":"1","CLASS_NAME":"掩膜提取2_tif [Classvalue=1]","AREA":161,"name":"掩膜提取2_tif [Classvalue=1]","orchardType":"掩膜提取2_tif [Classvalue=1]","areaMu":0.24},"geometry":{"type":"MultiPolygon","coordinates":[[[[106.136121,31.503648],[106.136016,31.503649],[106.136019,31.50392],[106.136124,31.503919],[106.136125,31.504009],[106.136231,31.504008],[106.136232,31.504098],[106.136021,31.5041],[106.136023,31.504281],[106.136129,31.50428],[106.13613,31.50437],[106.136235,31.504369],[106.136237,31.504549],[106.136448,31.504547],[106.136447,31.504457],[106.136763,31.504454],[106.136764,31.504545],[106.136974,31.504543],[106.136975,31.504633],[106.137081,31.504632],[106.137082,31.504722],[106.137187,31.504721],[106.137188,31.504812],[106.137293,31.504811],[106.137294,31.504901],[106.1374,31.5049],[106.137399,31.50481],[106.137504,31.504809],[106.137505,31.504899],[106.137716,31.504897],[106.137719,31.505168],[106.137824,31.505167],[106.137825,31.505257],[106.13772,31.505258],[106.137722,31.505438],[106.137827,31.505437],[106.137828,31.505528],[106.138144,31.505525],[106.138142,31.505344],[106.138247,31.505343],[106.138249,31.505434],[106.138354,31.505433],[106.138353,31.505342],[106.138458,31.505342],[106.138459,31.505432],[106.138354,31.505433],[106.138356,31.505613],[106.138672,31.50561],[106.138673,31.505701],[106.138884,31.505699],[106.138882,31.505608],[106.138777,31.505609],[106.138776,31.505519],[106.138566,31.505521],[106.138563,31.505341],[106.138774,31.505339],[106.138773,31.505249],[106.138668,31.505249],[106.138664,31.504979],[106.138454,31.504981],[106.138453,31.504891],[106.138347,31.504891],[106.138348,31.504982],[106.138243,31.504983],[106.138242,31.504892],[106.138347,31.504891],[106.138345,31.504711],[106.13824,31.504712],[106.138239,31.504622],[106.138028,31.504624],[106.138027,31.504533],[106.137922,31.504534],[106.137921,31.504444],[106.137815,31.504445],[106.137816,31.504535],[106.137711,31.504536],[106.13771,31.504446],[106.1375,31.504448],[106.137498,31.504358],[106.137393,31.504359],[106.137392,31.504268],[106.137287,31.504269],[106.137288,31.50436],[106.137183,31.504361],[106.137181,31.50427],[106.137076,31.504271],[106.137075,31.504181],[106.13697,31.504182],[106.136969,31.504092],[106.136653,31.504095],[106.136652,31.504004],[106.136336,31.504007],[106.136335,31.503917],[106.13623,31.503918],[106.136228,31.503828],[106.136123,31.503829],[106.136121,31.503648]]],[[[106.136551,31.504366],[106.13634,31.504368],[106.136339,31.504278],[106.136444,31.504277],[106.136443,31.504187],[106.136549,31.504186],[106.136551,31.504366]]]]}},{"type":"Feature","id":"citrus-parcels-206","properties":{"sourceId":"citrus-parcels","CLASS_ID":"1","CLASS_NAME":"掩膜提取2_tif [Classvalue=1]","AREA":3,"name":"掩膜提取2_tif [Classvalue=1]","orchardType":"掩膜提取2_tif [Classvalue=1]","areaMu":0},"geometry":{"type":"Polygon","coordinates":[[[106.144965,31.503569],[106.14486,31.50357],[106.144863,31.503841],[106.144968,31.50384],[106.144965,31.503569]]]}},{"type":"Feature","id":"citrus-parcels-207","properties":{"sourceId":"citrus-parcels","CLASS_ID":"1","CLASS_NAME":"掩膜提取2_tif [Classvalue=1]","AREA":1,"name":"掩膜提取2_tif [Classvalue=1]","orchardType":"掩膜提取2_tif [Classvalue=1]","areaMu":0},"geometry":{"type":"Polygon","coordinates":[[[106.146018,31.50356],[106.145913,31.503561],[106.145914,31.503651],[106.146019,31.50365],[106.146018,31.50356]]]}},{"type":"Feature","id":"citrus-parcels-208","properties":{"sourceId":"citrus-parcels","CLASS_ID":"1","CLASS_NAME":"掩膜提取2_tif [Classvalue=1]","AREA":1,"name":"掩膜提取2_tif [Classvalue=1]","orchardType":"掩膜提取2_tif [Classvalue=1]","areaMu":0},"geometry":{"type":"Polygon","coordinates":[[[106.086003,31.503993],[106.085898,31.503994],[106.085899,31.504084],[106.086004,31.504083],[106.086003,31.503993]]]}},{"type":"Feature","id":"citrus-parcels-209","properties":{"sourceId":"citrus-parcels","CLASS_ID":"1","CLASS_NAME":"掩膜提取2_tif [Classvalue=1]","AREA":2,"name":"掩膜提取2_tif [Classvalue=1]","orchardType":"掩膜提取2_tif [Classvalue=1]","areaMu":0},"geometry":{"type":"Polygon","coordinates":[[[106.143594,31.503401],[106.143489,31.503402],[106.143491,31.503583],[106.143596,31.503582],[106.143594,31.503401]]]}},{"type":"Feature","id":"citrus-parcels-210","properties":{"sourceId":"citrus-parcels","CLASS_ID":"1","CLASS_NAME":"掩膜提取2_tif [Classvalue=1]","AREA":2,"name":"掩膜提取2_tif [Classvalue=1]","orchardType":"掩膜提取2_tif [Classvalue=1]","areaMu":0},"geometry":{"type":"Polygon","coordinates":[[[106.146121,31.503379],[106.14591,31.50338],[106.145911,31.503471],[106.146122,31.503469],[106.146121,31.503379]]]}},{"type":"Feature","id":"citrus-parcels-211","properties":{"sourceId":"citrus-parcels","CLASS_ID":"1","CLASS_NAME":"掩膜提取2_tif [Classvalue=1]","AREA":17,"name":"掩膜提取2_tif [Classvalue=1]","orchardType":"掩膜提取2_tif [Classvalue=1]","areaMu":0.03},"geometry":{"type":"Polygon","coordinates":[[[106.135693,31.503111],[106.135588,31.503112],[106.135589,31.503202],[106.135484,31.503203],[106.135487,31.503473],[106.135592,31.503472],[106.135593,31.503563],[106.135699,31.503562],[106.135701,31.503742],[106.135806,31.503741],[106.135804,31.503561],[106.136015,31.503559],[106.136013,31.503469],[106.135908,31.50347],[106.135907,31.503379],[106.135802,31.50338],[106.1358,31.5032],[106.135694,31.503201],[106.135693,31.503111]]]}},{"type":"Feature","id":"citrus-parcels-212","properties":{"sourceId":"citrus-parcels","CLASS_ID":"1","CLASS_NAME":"掩膜提取2_tif [Classvalue=1]","AREA":23,"name":"掩膜提取2_tif [Classvalue=1]","orchardType":"掩膜提取2_tif [Classvalue=1]","areaMu":0.03},"geometry":{"type":"Polygon","coordinates":[[[106.144537,31.503032],[106.144327,31.503034],[106.144329,31.503214],[106.144224,31.503215],[106.144225,31.503305],[106.14433,31.503304],[106.144332,31.503485],[106.144543,31.503483],[106.144545,31.503663],[106.144755,31.503661],[106.144754,31.503571],[106.14486,31.50357],[106.144859,31.50348],[106.144964,31.503479],[106.144963,31.503389],[106.144857,31.50339],[106.144855,31.503209],[106.14475,31.50321],[106.144753,31.503481],[106.144648,31.503482],[106.144646,31.503302],[106.144541,31.503303],[106.144539,31.503212],[106.144645,31.503211],[106.144644,31.503121],[106.144538,31.503122],[106.144537,31.503032]]]}},{"type":"Feature","id":"citrus-parcels-213","properties":{"sourceId":"citrus-parcels","CLASS_ID":"1","CLASS_NAME":"掩膜提取2_tif [Classvalue=1]","AREA":2,"name":"掩膜提取2_tif [Classvalue=1]","orchardType":"掩膜提取2_tif [Classvalue=1]","areaMu":0},"geometry":{"type":"Polygon","coordinates":[[[106.135376,31.503023],[106.135271,31.503024],[106.135273,31.503205],[106.135379,31.503204],[106.135376,31.503023]]]}},{"type":"Feature","id":"citrus-parcels-214","properties":{"sourceId":"citrus-parcels","CLASS_ID":"1","CLASS_NAME":"掩膜提取2_tif [Classvalue=1]","AREA":2,"name":"掩膜提取2_tif [Classvalue=1]","orchardType":"掩膜提取2_tif [Classvalue=1]","areaMu":0},"geometry":{"type":"Polygon","coordinates":[[[106.144115,31.502945],[106.143904,31.502947],[106.143906,31.503038],[106.144116,31.503036],[106.144115,31.502945]]]}},{"type":"Feature","id":"citrus-parcels-215","properties":{"sourceId":"citrus-parcels","CLASS_ID":"1","CLASS_NAME":"掩膜提取2_tif [Classvalue=1]","AREA":2,"name":"掩膜提取2_tif [Classvalue=1]","orchardType":"掩膜提取2_tif [Classvalue=1]","areaMu":0},"geometry":{"type":"Polygon","coordinates":[[[106.145905,31.502929],[106.1458,31.50293],[106.145802,31.503111],[106.145907,31.50311],[106.145905,31.502929]]]}},{"type":"Feature","id":"citrus-parcels-216","properties":{"sourceId":"citrus-parcels","CLASS_ID":"1","CLASS_NAME":"掩膜提取2_tif [Classvalue=1]","AREA":35,"name":"掩膜提取2_tif [Classvalue=1]","orchardType":"掩膜提取2_tif [Classvalue=1]","areaMu":0.05},"geometry":{"type":"MultiPolygon","coordinates":[[[[106.143482,31.502861],[106.143377,31.502862],[106.143378,31.502952],[106.143062,31.502955],[106.143064,31.503135],[106.142959,31.503136],[106.142963,31.503497],[106.142858,31.503498],[106.14286,31.503678],[106.142755,31.503679],[106.142758,31.50395],[106.142969,31.503948],[106.142968,31.503858],[106.143073,31.503857],[106.143068,31.503406],[106.143489,31.503402],[106.143482,31.502861]]],[[[106.143382,31.503313],[106.143277,31.503314],[106.143276,31.503224],[106.143381,31.503223],[106.143382,31.503313]]],[[[106.14338,31.503132],[106.143275,31.503133],[106.143274,31.503043],[106.143379,31.503042],[106.14338,31.503132]]]]}},{"type":"Feature","id":"citrus-parcels-217","properties":{"sourceId":"citrus-parcels","CLASS_ID":"1","CLASS_NAME":"掩膜提取2_tif [Classvalue=1]","AREA":3,"name":"掩膜提取2_tif [Classvalue=1]","orchardType":"掩膜提取2_tif [Classvalue=1]","areaMu":0},"geometry":{"type":"Polygon","coordinates":[[[106.143693,31.502859],[106.143587,31.50286],[106.143591,31.503131],[106.143696,31.50313],[106.143693,31.502859]]]}},{"type":"Feature","id":"citrus-parcels-218","properties":{"sourceId":"citrus-parcels","CLASS_ID":"1","CLASS_NAME":"掩膜提取2_tif [Classvalue=1]","AREA":1,"name":"掩膜提取2_tif [Classvalue=1]","orchardType":"掩膜提取2_tif [Classvalue=1]","areaMu":0},"geometry":{"type":"Polygon","coordinates":[[[106.143903,31.502857],[106.143798,31.502858],[106.143799,31.502948],[106.143904,31.502947],[106.143903,31.502857]]]}},{"type":"Feature","id":"citrus-parcels-219","properties":{"sourceId":"citrus-parcels","CLASS_ID":"1","CLASS_NAME":"掩膜提取2_tif [Classvalue=1]","AREA":5,"name":"掩膜提取2_tif [Classvalue=1]","orchardType":"掩膜提取2_tif [Classvalue=1]","areaMu":0.01},"geometry":{"type":"Polygon","coordinates":[[[106.14622,31.502836],[106.146009,31.502838],[106.146011,31.503019],[106.146117,31.503018],[106.146118,31.503108],[106.146223,31.503107],[106.14622,31.502836]]]}},{"type":"Feature","id":"citrus-parcels-220","properties":{"sourceId":"citrus-parcels","CLASS_ID":"1","CLASS_NAME":"掩膜提取2_tif [Classvalue=1]","AREA":1,"name":"掩膜提取2_tif [Classvalue=1]","orchardType":"掩膜提取2_tif [Classvalue=1]","areaMu":0},"geometry":{"type":"Polygon","coordinates":[[[106.135585,31.502841],[106.135479,31.502842],[106.135481,31.502932],[106.135586,31.502931],[106.135585,31.502841]]]}},{"type":"Feature","id":"citrus-parcels-221","properties":{"sourceId":"citrus-parcels","CLASS_ID":"1","CLASS_NAME":"掩膜提取2_tif [Classvalue=1]","AREA":6,"name":"掩膜提取2_tif [Classvalue=1]","orchardType":"掩膜提取2_tif [Classvalue=1]","areaMu":0.01},"geometry":{"type":"Polygon","coordinates":[[[106.147902,31.502641],[106.147797,31.502642],[106.147799,31.502822],[106.147904,31.502821],[106.147906,31.503002],[106.148012,31.503001],[106.148011,31.502911],[106.148116,31.50291],[106.148115,31.502819],[106.148009,31.50282],[106.148008,31.50273],[106.147903,31.502731],[106.147902,31.502641]]]}},{"type":"Feature","id":"citrus-parcels-222","properties":{"sourceId":"citrus-parcels","CLASS_ID":"1","CLASS_NAME":"掩膜提取2_tif [Classvalue=1]","AREA":1,"name":"掩膜提取2_tif [Classvalue=1]","orchardType":"掩膜提取2_tif [Classvalue=1]","areaMu":0},"geometry":{"type":"Polygon","coordinates":[[[106.135477,31.502662],[106.135372,31.502662],[106.135373,31.502753],[106.135478,31.502752],[106.135477,31.502662]]]}},{"type":"Feature","id":"citrus-parcels-223","properties":{"sourceId":"citrus-parcels","CLASS_ID":"1","CLASS_NAME":"掩膜提取2_tif [Classvalue=1]","AREA":24,"name":"掩膜提取2_tif [Classvalue=1]","orchardType":"掩膜提取2_tif [Classvalue=1]","areaMu":0.04},"geometry":{"type":"Polygon","coordinates":[[[106.145268,31.502484],[106.145162,31.502485],[106.145166,31.502756],[106.14506,31.502757],[106.14507,31.503568],[106.145176,31.503567],[106.145179,31.503838],[106.145389,31.503836],[106.145387,31.503656],[106.145282,31.503657],[106.145274,31.503025],[106.145169,31.503026],[106.145167,31.502846],[106.145272,31.502845],[106.145268,31.502484]]]}},{"type":"Feature","id":"citrus-parcels-224","properties":{"sourceId":"citrus-parcels","CLASS_ID":"1","CLASS_NAME":"掩膜提取2_tif [Classvalue=1]","AREA":1,"name":"掩膜提取2_tif [Classvalue=1]","orchardType":"掩膜提取2_tif [Classvalue=1]","areaMu":0},"geometry":{"type":"Polygon","coordinates":[[[106.14611,31.502477],[106.146005,31.502477],[106.146006,31.502568],[106.146111,31.502567],[106.14611,31.502477]]]}},{"type":"Feature","id":"citrus-parcels-225","properties":{"sourceId":"citrus-parcels","CLASS_ID":"1","CLASS_NAME":"掩膜提取2_tif [Classvalue=1]","AREA":24,"name":"掩膜提取2_tif [Classvalue=1]","orchardType":"掩膜提取2_tif [Classvalue=1]","areaMu":0.04},"geometry":{"type":"Polygon","coordinates":[[[106.145895,31.502118],[106.145369,31.502122],[106.145371,31.502303],[106.145265,31.502304],[106.145268,31.502484],[106.145373,31.502483],[106.145372,31.502393],[106.145477,31.502392],[106.145478,31.502482],[106.145583,31.502481],[106.145585,31.502571],[106.14569,31.502571],[106.145692,31.502751],[106.145797,31.50275],[106.145796,31.50266],[106.145902,31.502659],[106.145899,31.502478],[106.145794,31.502479],[106.145791,31.502209],[106.145896,31.502208],[106.145895,31.502118]]]}},{"type":"Feature","id":"citrus-parcels-226","properties":{"sourceId":"citrus-parcels","CLASS_ID":"1","CLASS_NAME":"掩膜提取2_tif [Classvalue=1]","AREA":344,"name":"掩膜提取2_tif [Classvalue=1]","orchardType":"掩膜提取2_tif [Classvalue=1]","areaMu":0.52},"geometry":{"type":"MultiPolygon","coordinates":[[[[106.146737,31.50211],[106.146211,31.502115],[106.146215,31.502476],[106.14632,31.502475],[106.146318,31.502294],[106.146424,31.502293],[106.146433,31.503105],[106.146539,31.503104],[106.14654,31.503194],[106.14675,31.503193],[106.146752,31.503283],[106.146857,31.503282],[106.146858,31.503372],[106.146963,31.503371],[106.146961,31.503191],[106.147066,31.50319],[106.147067,31.50328],[106.147173,31.503279],[106.147176,31.50355],[106.146965,31.503551],[106.146966,31.503642],[106.146756,31.503644],[106.146755,31.503553],[106.14686,31.503552],[106.146859,31.503462],[106.146754,31.503463],[106.146752,31.503283],[106.146646,31.503284],[106.146648,31.503464],[106.146543,31.503465],[106.146542,31.503375],[106.146437,31.503376],[106.146439,31.503556],[106.146544,31.503555],[106.146546,31.503736],[106.146652,31.503735],[106.146653,31.503825],[106.146548,31.503826],[106.146549,31.503916],[106.146443,31.503917],[106.146442,31.503827],[106.146232,31.503829],[106.146231,31.503738],[106.146125,31.503739],[106.146129,31.50401],[106.145918,31.504012],[106.145919,31.504102],[106.145498,31.504106],[106.145501,31.504377],[106.145607,31.504376],[106.14561,31.504646],[106.14582,31.504644],[106.145825,31.505005],[106.146035,31.505003],[106.146037,31.505093],[106.146352,31.505091],[106.146351,31.505],[106.146457,31.504999],[106.146455,31.504909],[106.14635,31.50491],[106.146349,31.50482],[106.146244,31.504821],[106.146245,31.504911],[106.14614,31.504912],[106.146139,31.504822],[106.146033,31.504823],[106.146034,31.504913],[106.145929,31.504914],[106.145926,31.504643],[106.146136,31.504641],[106.146135,31.504551],[106.146241,31.50455],[106.146243,31.504731],[106.146348,31.50473],[106.146349,31.50482],[106.146665,31.504817],[106.146664,31.504727],[106.146559,31.504728],[106.146557,31.504638],[106.146663,31.504637],[106.146664,31.504727],[106.146874,31.504725],[106.146872,31.504545],[106.146767,31.504546],[106.146766,31.504455],[106.146976,31.504454],[106.146974,31.504273],[106.147079,31.504272],[106.147074,31.503821],[106.147179,31.50382],[106.147178,31.50373],[106.147494,31.503727],[106.147493,31.503637],[106.147598,31.503636],[106.147597,31.503546],[106.148018,31.503542],[106.148017,31.503452],[106.148122,31.503451],[106.148124,31.503541],[106.148334,31.503539],[106.148335,31.503629],[106.14844,31.503628],[106.148442,31.503719],[106.148336,31.50372],[106.148337,31.50381],[106.148232,31.503811],[106.148234,31.503991],[106.148445,31.503989],[106.148444,31.503899],[106.148549,31.503898],[106.148547,31.503718],[106.148863,31.503715],[106.148862,31.503625],[106.148756,31.503626],[106.148755,31.503535],[106.14865,31.503536],[106.148649,31.503446],[106.148544,31.503447],[106.148541,31.503267],[106.148436,31.503268],[106.148437,31.503358],[106.148332,31.503359],[106.148331,31.503269],[106.148436,31.503268],[106.148435,31.503177],[106.14833,31.503178],[106.148329,31.503088],[106.148223,31.503089],[106.148221,31.502909],[106.148116,31.50291],[106.148118,31.50309],[106.147907,31.503092],[106.14791,31.503272],[106.147699,31.503274],[106.147698,31.503184],[106.147593,31.503185],[106.147589,31.502914],[106.1478,31.502912],[106.147799,31.502822],[106.147588,31.502824],[106.147587,31.502734],[106.147482,31.502735],[106.14748,31.502554],[106.147585,31.502554],[106.147584,31.502463],[106.147373,31.502465],[106.147377,31.502736],[106.147271,31.502737],[106.14727,31.502647],[106.147165,31.502648],[106.147164,31.502557],[106.147269,31.502556],[106.147267,31.502376],[106.147372,31.502375],[106.147371,31.502285],[106.147161,31.502287],[106.147159,31.502196],[106.147054,31.502197],[106.147055,31.502288],[106.14695,31.502289],[106.146949,31.502198],[106.146738,31.5022],[106.146737,31.50211]]],[[[106.14697,31.503912],[106.146865,31.503913],[106.146863,31.503823],[106.146969,31.503822],[106.14697,31.503912]]],[[[106.146849,31.50265],[106.146744,31.502651],[106.146742,31.502471],[106.146847,31.50247],[106.146849,31.50265]]]]}},{"type":"Feature","id":"citrus-parcels-227","properties":{"sourceId":"citrus-parcels","CLASS_ID":"1","CLASS_NAME":"掩膜提取2_tif [Classvalue=1]","AREA":1,"name":"掩膜提取2_tif [Classvalue=1]","orchardType":"掩膜提取2_tif [Classvalue=1]","areaMu":0},"geometry":{"type":"Polygon","coordinates":[[[106.147053,31.502107],[106.146948,31.502108],[106.146949,31.502198],[106.147054,31.502197],[106.147053,31.502107]]]}},{"type":"Feature","id":"citrus-parcels-228","properties":{"sourceId":"citrus-parcels","CLASS_ID":"1","CLASS_NAME":"掩膜提取2_tif [Classvalue=1]","AREA":17,"name":"掩膜提取2_tif [Classvalue=1]","orchardType":"掩膜提取2_tif [Classvalue=1]","areaMu":0.03},"geometry":{"type":"Polygon","coordinates":[[[106.135047,31.501944],[106.134942,31.501945],[106.134944,31.502125],[106.134839,31.502126],[106.134841,31.502306],[106.134946,31.502305],[106.134949,31.502486],[106.135159,31.502484],[106.13516,31.502574],[106.135266,31.502573],[106.135267,31.502663],[106.135372,31.502662],[106.13537,31.502482],[106.135265,31.502483],[106.135262,31.502303],[106.135157,31.502304],[106.135155,31.502123],[106.13505,31.502124],[106.135047,31.501944]]]}},{"type":"Feature","id":"citrus-parcels-229","properties":{"sourceId":"citrus-parcels","CLASS_ID":"1","CLASS_NAME":"掩膜提取2_tif [Classvalue=1]","AREA":1,"name":"掩膜提取2_tif [Classvalue=1]","orchardType":"掩膜提取2_tif [Classvalue=1]","areaMu":0},"geometry":{"type":"Polygon","coordinates":[[[106.13473,31.501856],[106.134625,31.501857],[106.134626,31.501947],[106.134732,31.501946],[106.13473,31.501856]]]}},{"type":"Feature","id":"citrus-parcels-230","properties":{"sourceId":"citrus-parcels","CLASS_ID":"1","CLASS_NAME":"掩膜提取2_tif [Classvalue=1]","AREA":3931,"name":"掩膜提取2_tif [Classvalue=1]","orchardType":"掩膜提取2_tif [Classvalue=1]","areaMu":5.9},"geometry":{"type":"MultiPolygon","coordinates":[[[[106.089141,31.502162],[106.08893,31.502164],[106.088931,31.502254],[106.0883,31.50226],[106.088301,31.50235],[106.088195,31.502351],[106.088197,31.502441],[106.088091,31.502442],[106.088092,31.502532],[106.087987,31.502533],[106.087988,31.502623],[106.087883,31.502624],[106.087884,31.502714],[106.087779,31.502715],[106.08778,31.502805],[106.087674,31.502806],[106.087675,31.502896],[106.08757,31.502897],[106.087571,31.502987],[106.087466,31.502988],[106.087467,31.503079],[106.087151,31.503081],[106.087152,31.503171],[106.087363,31.50317],[106.087366,31.50344],[106.08726,31.503441],[106.087261,31.503531],[106.087051,31.503533],[106.087053,31.503714],[106.086948,31.503714],[106.086949,31.503805],[106.086843,31.503806],[106.086846,31.503986],[106.08674,31.503987],[106.086747,31.504528],[106.086641,31.504529],[106.086642,31.504619],[106.086537,31.50462],[106.086535,31.50444],[106.08643,31.504441],[106.086428,31.50426],[106.086322,31.504261],[106.086321,31.504171],[106.086216,31.504172],[106.086215,31.504082],[106.08611,31.504082],[106.086111,31.504173],[106.0859,31.504174],[106.085899,31.504084],[106.085688,31.504086],[106.085687,31.503996],[106.085582,31.503997],[106.085581,31.503907],[106.085476,31.503907],[106.085475,31.503817],[106.085369,31.503818],[106.085368,31.503728],[106.085263,31.503729],[106.085262,31.503639],[106.085157,31.503639],[106.085155,31.503459],[106.08526,31.503458],[106.085261,31.503548],[106.085366,31.503547],[106.085364,31.503367],[106.085154,31.503369],[106.085152,31.503188],[106.085046,31.503189],[106.085045,31.503099],[106.08494,31.5031],[106.084939,31.50301],[106.084834,31.503011],[106.084835,31.503101],[106.084729,31.503102],[106.08473,31.503192],[106.084625,31.503193],[106.084626,31.503283],[106.084521,31.503284],[106.084522,31.503374],[106.084417,31.503375],[106.084418,31.503465],[106.084312,31.503466],[106.084317,31.503827],[106.084211,31.503828],[106.084213,31.504008],[106.084319,31.504007],[106.08432,31.504098],[106.084425,31.504097],[106.084428,31.504367],[106.084639,31.504366],[106.08464,31.504456],[106.08485,31.504454],[106.084851,31.504544],[106.085062,31.504542],[106.085063,31.504633],[106.085379,31.50463],[106.08538,31.50472],[106.085485,31.504719],[106.085487,31.5049],[106.085803,31.504897],[106.085806,31.505168],[106.085596,31.505169],[106.085597,31.50526],[106.085702,31.505259],[106.085703,31.505349],[106.085598,31.50535],[106.085599,31.50544],[106.085493,31.505441],[106.085496,31.505621],[106.08539,31.505622],[106.085392,31.505803],[106.085287,31.505804],[106.085289,31.505984],[106.085079,31.505986],[106.085086,31.506617],[106.085191,31.506616],[106.085193,31.506797],[106.085299,31.506796],[106.0853,31.506886],[106.085405,31.506885],[106.085407,31.507066],[106.085512,31.507065],[106.085513,31.507155],[106.085619,31.507154],[106.085621,31.507334],[106.085726,31.507334],[106.085727,31.507424],[106.085832,31.507423],[106.085833,31.507513],[106.086044,31.507511],[106.086045,31.507602],[106.08615,31.507601],[106.086151,31.507691],[106.086257,31.50769],[106.086258,31.50778],[106.086468,31.507778],[106.086469,31.507869],[106.086575,31.507868],[106.086576,31.507958],[106.086786,31.507956],[106.086789,31.508227],[106.086895,31.508226],[106.086898,31.508496],[106.086792,31.508497],[106.086795,31.508678],[106.086689,31.508679],[106.08669,31.508769],[106.086585,31.50877],[106.086586,31.50886],[106.086481,31.508861],[106.086482,31.508951],[106.086376,31.508952],[106.086378,31.509042],[106.086272,31.509043],[106.086274,31.509223],[106.086169,31.509224],[106.086173,31.509585],[106.086068,31.509586],[106.086071,31.509857],[106.085755,31.509859],[106.085756,31.50995],[106.085546,31.509951],[106.085547,31.510042],[106.085336,31.510043],[106.085337,31.510134],[106.085127,31.510135],[106.085128,31.510226],[106.084917,31.510227],[106.084916,31.510137],[106.084811,31.510138],[106.084806,31.509777],[106.084701,31.509778],[106.0847,31.509688],[106.084805,31.509687],[106.084804,31.509597],[106.084699,31.509598],[106.084697,31.509417],[106.084802,31.509416],[106.084799,31.509146],[106.084694,31.509147],[106.084693,31.509056],[106.084588,31.509057],[106.084586,31.508967],[106.084481,31.508968],[106.084479,31.508788],[106.084374,31.508789],[106.084373,31.508698],[106.084057,31.508701],[106.084059,31.508881],[106.083954,31.508882],[106.083957,31.509153],[106.084062,31.509152],[106.084064,31.509332],[106.083959,31.509333],[106.08396,31.509424],[106.084065,31.509423],[106.084067,31.509603],[106.084173,31.509602],[106.084174,31.509692],[106.084068,31.509693],[106.084069,31.509784],[106.084175,31.509783],[106.084178,31.510053],[106.084283,31.510052],[106.084285,31.510233],[106.084075,31.510235],[106.084076,31.510325],[106.08397,31.510326],[106.083971,31.510416],[106.083761,31.510418],[106.083762,31.510508],[106.083657,31.510509],[106.083658,31.510599],[106.083552,31.5106],[106.083553,31.51069],[106.083448,31.510691],[106.083449,31.510781],[106.083554,31.51078],[106.083555,31.51087],[106.08345,31.510871],[106.083449,31.510781],[106.083344,31.510782],[106.083345,31.510872],[106.08324,31.510873],[106.083241,31.510963],[106.083451,31.510962],[106.083453,31.511142],[106.083243,31.511144],[106.083244,31.511234],[106.083033,31.511236],[106.083034,31.511326],[106.082613,31.51133],[106.082612,31.511239],[106.082401,31.511241],[106.082394,31.51061],[106.082289,31.510611],[106.082288,31.51052],[106.082182,31.510521],[106.082181,31.510431],[106.082076,31.510432],[106.082075,31.510342],[106.081864,31.510343],[106.081868,31.510614],[106.081762,31.510615],[106.081763,31.510705],[106.081658,31.510706],[106.081661,31.510977],[106.081556,31.510978],[106.081559,31.511248],[106.081454,31.511249],[106.081456,31.51143],[106.08135,31.51143],[106.081354,31.511701],[106.081248,31.511702],[106.081252,31.512063],[106.081358,31.512062],[106.081362,31.512423],[106.081467,31.512422],[106.08147,31.512692],[106.081576,31.512692],[106.081577,31.512782],[106.081682,31.512781],[106.081683,31.512871],[106.082104,31.512868],[106.082106,31.513048],[106.082001,31.513049],[106.082,31.512959],[106.081895,31.51296],[106.081896,31.51305],[106.08179,31.513051],[106.081789,31.51296],[106.081684,31.512961],[106.081685,31.513052],[106.08158,31.513052],[106.081585,31.513503],[106.081796,31.513502],[106.081798,31.513682],[106.081692,31.513683],[106.081694,31.513863],[106.0818,31.513863],[106.081801,31.513953],[106.082011,31.513951],[106.082012,31.514041],[106.082118,31.51404],[106.082117,31.51395],[106.082222,31.513949],[106.082223,31.514039],[106.082328,31.514038],[106.082329,31.514129],[106.082435,31.514128],[106.082436,31.514218],[106.082541,31.514217],[106.08254,31.514127],[106.082645,31.514126],[106.082648,31.514397],[106.082754,31.514396],[106.082755,31.514486],[106.082965,31.514484],[106.082966,31.514574],[106.083177,31.514573],[106.083175,31.514392],[106.08307,31.514393],[106.083068,31.514303],[106.083174,31.514302],[106.083175,31.514392],[106.08328,31.514391],[106.083279,31.514301],[106.083384,31.5143],[106.083383,31.51421],[106.083489,31.514209],[106.083487,31.514029],[106.083592,31.514028],[106.08359,31.513847],[106.083484,31.513848],[106.083483,31.513758],[106.083378,31.513759],[106.083377,31.513669],[106.083272,31.51367],[106.083271,31.513579],[106.083165,31.51358],[106.083166,31.513671],[106.083061,31.513671],[106.08306,31.513581],[106.083165,31.51358],[106.083164,31.51349],[106.083059,31.513491],[106.083058,31.513401],[106.082953,31.513402],[106.082952,31.513311],[106.082741,31.513313],[106.08274,31.513223],[106.082635,31.513224],[106.082633,31.513044],[106.082527,31.513044],[106.082528,31.513135],[106.082423,31.513135],[106.082422,31.513045],[106.082317,31.513046],[106.082315,31.512866],[106.08242,31.512865],[106.082419,31.512775],[106.082208,31.512776],[106.082206,31.512596],[106.082312,31.512595],[106.082313,31.512685],[106.082839,31.512681],[106.082838,31.512591],[106.082943,31.51259],[106.082942,31.5125],[106.083258,31.512497],[106.083257,31.512407],[106.083363,31.512406],[106.083364,31.512496],[106.083785,31.512492],[106.083784,31.512402],[106.084205,31.512399],[106.084204,31.512308],[106.084309,31.512308],[106.084308,31.512217],[106.084413,31.512216],[106.084412,31.512126],[106.084307,31.512127],[106.084303,31.511766],[106.084198,31.511767],[106.084197,31.511677],[106.084407,31.511675],[106.084406,31.511585],[106.084511,31.511584],[106.084512,31.511674],[106.084618,31.511673],[106.084619,31.511764],[106.084829,31.511762],[106.084828,31.511672],[106.084723,31.511673],[106.084722,31.511582],[106.085459,31.511576],[106.08546,31.511666],[106.085881,31.511663],[106.08588,31.511573],[106.085775,31.511573],[106.085773,31.511393],[106.085668,31.511394],[106.085665,31.511213],[106.08556,31.511214],[106.085559,31.511124],[106.085454,31.511125],[106.085452,31.510945],[106.085873,31.510941],[106.085872,31.510851],[106.085977,31.51085],[106.085976,31.51076],[106.086187,31.510758],[106.086188,31.510848],[106.086293,31.510847],[106.086294,31.510937],[106.086399,31.510937],[106.086402,31.511117],[106.086507,31.511116],[106.086508,31.511206],[106.086613,31.511205],[106.086616,31.511476],[106.086722,31.511475],[106.086723,31.511565],[106.086828,31.511564],[106.086827,31.511474],[106.086932,31.511473],[106.086934,31.511654],[106.08704,31.511653],[106.087041,31.511743],[106.087672,31.511738],[106.087673,31.511828],[106.087989,31.511825],[106.087988,31.511735],[106.088094,31.511734],[106.088091,31.511554],[106.087881,31.511556],[106.08788,31.511465],[106.087775,31.511466],[106.087774,31.511376],[106.087668,31.511377],[106.087667,31.511287],[106.087562,31.511288],[106.087561,31.511197],[106.087456,31.511198],[106.087453,31.511018],[106.087348,31.511019],[106.087344,31.510658],[106.087239,31.510659],[106.087234,31.510298],[106.087129,31.510299],[106.087127,31.510118],[106.087022,31.510119],[106.087019,31.509849],[106.087124,31.509848],[106.087122,31.509667],[106.087227,31.509666],[106.087225,31.509486],[106.08733,31.509485],[106.087328,31.509305],[106.087434,31.509304],[106.087432,31.509123],[106.087537,31.509123],[106.087536,31.509032],[106.087641,31.509031],[106.087639,31.508851],[106.087744,31.50885],[106.087739,31.508399],[106.087844,31.508398],[106.08784,31.508037],[106.087945,31.508036],[106.087944,31.507946],[106.087839,31.507947],[106.087838,31.507857],[106.087943,31.507856],[106.087942,31.507766],[106.088153,31.507764],[106.088152,31.507674],[106.088362,31.507672],[106.088361,31.507582],[106.088572,31.50758],[106.088571,31.50749],[106.088782,31.507488],[106.08878,31.507398],[106.088991,31.507396],[106.088989,31.507216],[106.088884,31.507217],[106.088882,31.507036],[106.088987,31.507035],[106.088988,31.507125],[106.089093,31.507125],[106.089094,31.507215],[106.08941,31.507212],[106.089409,31.507122],[106.08962,31.50712],[106.089619,31.50703],[106.089829,31.507028],[106.089828,31.506938],[106.090039,31.506936],[106.090038,31.506846],[106.090248,31.506844],[106.090247,31.506754],[106.090458,31.506752],[106.09046,31.506932],[106.090565,31.506932],[106.090566,31.507022],[106.090672,31.507021],[106.090673,31.507111],[106.090778,31.50711],[106.090777,31.50702],[106.090882,31.507019],[106.090881,31.506929],[106.091092,31.506927],[106.091091,31.506837],[106.091196,31.506836],[106.091195,31.506746],[106.0913,31.506745],[106.091293,31.506113],[106.091398,31.506112],[106.091396,31.505932],[106.091501,31.505931],[106.091499,31.505751],[106.091604,31.50575],[106.091602,31.505569],[106.091813,31.505568],[106.091812,31.505477],[106.091917,31.505477],[106.091916,31.505386],[106.092127,31.505385],[106.092126,31.505294],[106.092231,31.505293],[106.09223,31.505203],[106.092335,31.505202],[106.092334,31.505112],[106.092545,31.50511],[106.092542,31.50484],[106.092647,31.504839],[106.092645,31.504658],[106.092539,31.504659],[106.092538,31.504569],[106.092433,31.50457],[106.092431,31.50439],[106.092326,31.50439],[106.092325,31.5043],[106.092219,31.504301],[106.092217,31.504121],[106.092112,31.504122],[106.092111,31.504031],[106.092006,31.504032],[106.092004,31.503852],[106.091898,31.503853],[106.091897,31.503763],[106.091792,31.503763],[106.091793,31.503854],[106.090845,31.503862],[106.090846,31.503952],[106.090636,31.503954],[106.090637,31.504044],[106.090532,31.504045],[106.090533,31.504135],[106.090322,31.504137],[106.090323,31.504227],[106.090113,31.504229],[106.090112,31.504139],[106.089901,31.50414],[106.089902,31.504231],[106.089797,31.504232],[106.089795,31.504051],[106.090005,31.504049],[106.090003,31.503869],[106.089898,31.50387],[106.089895,31.503599],[106.089789,31.5036],[106.089787,31.50342],[106.089682,31.503421],[106.08968,31.50324],[106.089575,31.503241],[106.089569,31.50279],[106.089675,31.502789],[106.089673,31.502609],[106.089567,31.50261],[106.089566,31.502519],[106.089461,31.50252],[106.089459,31.50234],[106.089354,31.502341],[106.089353,31.502251],[106.089142,31.502252],[106.089141,31.502162]]],[[[106.082537,31.513856],[106.082431,31.513857],[106.08243,31.513767],[106.082536,31.513766],[106.082537,31.513856]]],[[[106.082958,31.513853],[106.082853,31.513854],[106.082852,31.513763],[106.082957,31.513763],[106.082958,31.513853]]],[[[106.082006,31.5135],[106.081901,31.513501],[106.0819,31.513411],[106.08211,31.513409],[106.082112,31.513589],[106.082007,31.51359],[106.082006,31.5135]]],[[[106.082531,31.513315],[106.082425,31.513316],[106.082424,31.513226],[106.082529,31.513225],[106.082531,31.513315]]],[[[106.082307,31.512234],[106.082202,31.512235],[106.082201,31.512145],[106.082306,31.512144],[106.082307,31.512234]]],[[[106.082408,31.511782],[106.082302,31.511783],[106.082303,31.511873],[106.082198,31.511874],[106.082196,31.511694],[106.082407,31.511692],[106.082408,31.511782]]],[[[106.08608,31.510669],[106.085975,31.51067],[106.085974,31.510579],[106.086079,31.510578],[106.08608,31.510669]]],[[[106.086291,31.510667],[106.086186,31.510668],[106.086185,31.510578],[106.08629,31.510577],[106.086291,31.510667]]],[[[106.084485,31.509329],[106.08438,31.50933],[106.084379,31.50924],[106.084484,31.509239],[106.084485,31.509329]]],[[[106.087532,31.508672],[106.087426,31.508672],[106.087427,31.508763],[106.087217,31.508764],[106.087214,31.508494],[106.087424,31.508492],[106.087425,31.508582],[106.087531,31.508581],[106.087532,31.508672]]],[[[106.087525,31.50813],[106.08742,31.508131],[106.087419,31.508041],[106.087524,31.50804],[106.087525,31.50813]]],[[[106.086349,31.506607],[106.086244,31.506607],[106.08624,31.506247],[106.086345,31.506246],[106.086343,31.506065],[106.086448,31.506064],[106.086446,31.505884],[106.086552,31.505883],[106.08654,31.504891],[106.086645,31.50489],[106.086644,31.5048],[106.08675,31.504799],[106.086752,31.504979],[106.086646,31.50498],[106.086647,31.50507],[106.086753,31.505069],[106.086754,31.50516],[106.086859,31.505159],[106.08686,31.505249],[106.087071,31.505247],[106.087072,31.505337],[106.087177,31.505336],[106.087178,31.505427],[106.087283,31.505426],[106.087285,31.505606],[106.087391,31.505605],[106.087392,31.505696],[106.087497,31.505695],[106.087498,31.505785],[106.087603,31.505784],[106.087604,31.505874],[106.08771,31.505873],[106.087711,31.505963],[106.087816,31.505963],[106.087817,31.506053],[106.088028,31.506051],[106.088029,31.506141],[106.088134,31.50614],[106.088131,31.50587],[106.088236,31.505869],[106.088238,31.506049],[106.088344,31.506048],[106.088345,31.506139],[106.088239,31.506139],[106.08824,31.50623],[106.088556,31.506227],[106.088557,31.506317],[106.088768,31.506315],[106.088769,31.506406],[106.088874,31.506405],[106.088876,31.506585],[106.088982,31.506584],[106.088983,31.506674],[106.089088,31.506673],[106.089089,31.506764],[106.088773,31.506766],[106.088774,31.506857],[106.088458,31.506859],[106.088459,31.506949],[106.088354,31.50695],[106.088355,31.507041],[106.08825,31.507041],[106.088251,31.507132],[106.088146,31.507133],[106.088145,31.507042],[106.088039,31.507043],[106.08804,31.507133],[106.08783,31.507135],[106.087831,31.507225],[106.087725,31.507226],[106.087726,31.507317],[106.087621,31.507317],[106.087622,31.507408],[106.087412,31.507409],[106.087413,31.5075],[106.087202,31.507501],[106.087201,31.507411],[106.08678,31.507415],[106.086779,31.507325],[106.086674,31.507326],[106.086673,31.507235],[106.086567,31.507236],[106.086566,31.507146],[106.086461,31.507147],[106.08646,31.507057],[106.086355,31.507058],[106.086349,31.506607]]],[[[106.088569,31.507309],[106.088464,31.50731],[106.088462,31.50722],[106.088568,31.507219],[106.088569,31.507309]]],[[[106.089818,31.506036],[106.089712,31.506037],[106.089711,31.505946],[106.089817,31.505946],[106.089818,31.506036]]],[[[106.090126,31.505402],[106.090021,31.505402],[106.09002,31.505312],[106.090125,31.505311],[106.090126,31.505402],[106.090337,31.5054],[106.090338,31.50549],[106.090443,31.505489],[106.090444,31.505579],[106.090339,31.50558],[106.090341,31.505761],[106.090236,31.505762],[106.090235,31.505671],[106.090129,31.505672],[106.090126,31.505402]]],[[[106.087911,31.50506],[106.087806,31.50506],[106.087804,31.50488],[106.087909,31.504879],[106.087911,31.50506]]],[[[106.087486,31.504702],[106.087275,31.504704],[106.087274,31.504614],[106.087485,31.504612],[106.087486,31.504702]]],[[[106.089482,31.504324],[106.089377,31.504325],[106.089376,31.504235],[106.089481,31.504234],[106.089482,31.504324],[106.089587,31.504324],[106.089588,31.504414],[106.089483,31.504415],[106.089482,31.504324]]],[[[106.089691,31.504232],[106.089586,31.504233],[106.089585,31.504143],[106.08969,31.504142],[106.089691,31.504232]]],[[[106.088741,31.50397],[106.088635,31.503971],[106.088636,31.504061],[106.088531,31.504062],[106.088528,31.503791],[106.088739,31.503789],[106.088741,31.50397]]],[[[106.089477,31.503873],[106.089371,31.503874],[106.089372,31.503965],[106.089162,31.503966],[106.089163,31.504057],[106.089058,31.504057],[106.089056,31.503877],[106.089371,31.503874],[106.089369,31.503694],[106.089475,31.503693],[106.089477,31.503873]]],[[[106.088424,31.503882],[106.088319,31.503883],[106.088317,31.503793],[106.088423,31.503792],[106.088424,31.503882]]],[[[106.087686,31.503798],[106.08758,31.503799],[106.087579,31.503709],[106.087685,31.503708],[106.087686,31.503798]]]]}},{"type":"Feature","id":"citrus-parcels-231","properties":{"sourceId":"citrus-parcels","CLASS_ID":"1","CLASS_NAME":"掩膜提取2_tif [Classvalue=1]","AREA":1,"name":"掩膜提取2_tif [Classvalue=1]","orchardType":"掩膜提取2_tif [Classvalue=1]","areaMu":0},"geometry":{"type":"Polygon","coordinates":[[[106.13494,31.501764],[106.134835,31.501765],[106.134836,31.501855],[106.134941,31.501854],[106.13494,31.501764]]]}},{"type":"Feature","id":"citrus-parcels-232","properties":{"sourceId":"citrus-parcels","CLASS_ID":"1","CLASS_NAME":"掩膜提取2_tif [Classvalue=1]","AREA":1,"name":"掩膜提取2_tif [Classvalue=1]","orchardType":"掩膜提取2_tif [Classvalue=1]","areaMu":0},"geometry":{"type":"Polygon","coordinates":[[[106.134412,31.501679],[106.134307,31.50168],[106.134308,31.50177],[106.134414,31.501769],[106.134412,31.501679]]]}},{"type":"Feature","id":"citrus-parcels-233","properties":{"sourceId":"citrus-parcels","CLASS_ID":"1","CLASS_NAME":"掩膜提取2_tif [Classvalue=1]","AREA":4,"name":"掩膜提取2_tif [Classvalue=1]","orchardType":"掩膜提取2_tif [Classvalue=1]","areaMu":0.01},"geometry":{"type":"Polygon","coordinates":[[[106.134306,31.501589],[106.133885,31.501593],[106.133886,31.501683],[106.134307,31.50168],[106.134306,31.501589]]]}},{"type":"Feature","id":"citrus-parcels-234","properties":{"sourceId":"citrus-parcels","CLASS_ID":"1","CLASS_NAME":"掩膜提取2_tif [Classvalue=1]","AREA":1,"name":"掩膜提取2_tif [Classvalue=1]","orchardType":"掩膜提取2_tif [Classvalue=1]","areaMu":0},"geometry":{"type":"Polygon","coordinates":[[[106.133779,31.501504],[106.133673,31.501505],[106.133674,31.501595],[106.13378,31.501594],[106.133779,31.501504]]]}},{"type":"Feature","id":"citrus-parcels-235","properties":{"sourceId":"citrus-parcels","CLASS_ID":"1","CLASS_NAME":"掩膜提取2_tif [Classvalue=1]","AREA":1,"name":"掩膜提取2_tif [Classvalue=1]","orchardType":"掩膜提取2_tif [Classvalue=1]","areaMu":0},"geometry":{"type":"Polygon","coordinates":[[[106.133672,31.501415],[106.133567,31.501415],[106.133568,31.501506],[106.133673,31.501505],[106.133672,31.501415]]]}},{"type":"Feature","id":"citrus-parcels-236","properties":{"sourceId":"citrus-parcels","CLASS_ID":"1","CLASS_NAME":"掩膜提取2_tif [Classvalue=1]","AREA":1,"name":"掩膜提取2_tif [Classvalue=1]","orchardType":"掩膜提取2_tif [Classvalue=1]","areaMu":0},"geometry":{"type":"Polygon","coordinates":[[[106.134513,31.501317],[106.134408,31.501318],[106.134409,31.501408],[106.134514,31.501407],[106.134513,31.501317]]]}},{"type":"Feature","id":"citrus-parcels-237","properties":{"sourceId":"citrus-parcels","CLASS_ID":"1","CLASS_NAME":"掩膜提取2_tif [Classvalue=1]","AREA":6,"name":"掩膜提取2_tif [Classvalue=1]","orchardType":"掩膜提取2_tif [Classvalue=1]","areaMu":0.01},"geometry":{"type":"Polygon","coordinates":[[[106.134196,31.501229],[106.133986,31.501231],[106.133989,31.501502],[106.1342,31.5015],[106.134196,31.501229]]]}},{"type":"Feature","id":"citrus-parcels-238","properties":{"sourceId":"citrus-parcels","CLASS_ID":"1","CLASS_NAME":"掩膜提取2_tif [Classvalue=1]","AREA":3,"name":"掩膜提取2_tif [Classvalue=1]","orchardType":"掩膜提取2_tif [Classvalue=1]","areaMu":0},"geometry":{"type":"Polygon","coordinates":[[[106.133773,31.501053],[106.133668,31.501054],[106.13367,31.501234],[106.133881,31.501232],[106.133879,31.501142],[106.133774,31.501143],[106.133773,31.501053]]]}},{"type":"Feature","id":"citrus-parcels-239","properties":{"sourceId":"citrus-parcels","CLASS_ID":"1","CLASS_NAME":"掩膜提取2_tif [Classvalue=1]","AREA":1,"name":"掩膜提取2_tif [Classvalue=1]","orchardType":"掩膜提取2_tif [Classvalue=1]","areaMu":0},"geometry":{"type":"Polygon","coordinates":[[[106.134615,31.501045],[106.13451,31.501046],[106.134511,31.501136],[106.134616,31.501135],[106.134615,31.501045]]]}},{"type":"Feature","id":"citrus-parcels-240","properties":{"sourceId":"citrus-parcels","CLASS_ID":"1","CLASS_NAME":"掩膜提取2_tif [Classvalue=1]","AREA":1,"name":"掩膜提取2_tif [Classvalue=1]","orchardType":"掩膜提取2_tif [Classvalue=1]","areaMu":0},"geometry":{"type":"Polygon","coordinates":[[[106.136195,31.501031],[106.136089,31.501032],[106.13609,31.501122],[106.136196,31.501121],[106.136195,31.501031]]]}},{"type":"Feature","id":"citrus-parcels-241","properties":{"sourceId":"citrus-parcels","CLASS_ID":"1","CLASS_NAME":"掩膜提取2_tif [Classvalue=1]","AREA":2,"name":"掩膜提取2_tif [Classvalue=1]","orchardType":"掩膜提取2_tif [Classvalue=1]","areaMu":0},"geometry":{"type":"Polygon","coordinates":[[[106.136087,31.500852],[106.135877,31.500854],[106.135878,31.500944],[106.136088,31.500942],[106.136087,31.500852]]]}},{"type":"Feature","id":"citrus-parcels-242","properties":{"sourceId":"citrus-parcels","CLASS_ID":"1","CLASS_NAME":"掩膜提取2_tif [Classvalue=1]","AREA":1,"name":"掩膜提取2_tif [Classvalue=1]","orchardType":"掩膜提取2_tif [Classvalue=1]","areaMu":0},"geometry":{"type":"Polygon","coordinates":[[[106.135875,31.500763],[106.13577,31.500764],[106.135771,31.500855],[106.135877,31.500854],[106.135875,31.500763]]]}},{"type":"Feature","id":"citrus-parcels-243","properties":{"sourceId":"citrus-parcels","CLASS_ID":"1","CLASS_NAME":"掩膜提取2_tif [Classvalue=1]","AREA":680,"name":"掩膜提取2_tif [Classvalue=1]","orchardType":"掩膜提取2_tif [Classvalue=1]","areaMu":1.02},"geometry":{"type":"Polygon","coordinates":[[[106.086596,31.50065],[106.086386,31.500652],[106.086387,31.500742],[106.086282,31.500743],[106.086283,31.500833],[106.086177,31.500834],[106.086178,31.500924],[106.086073,31.500925],[106.086074,31.501015],[106.085969,31.501016],[106.08597,31.501106],[106.085865,31.501107],[106.085866,31.501198],[106.08576,31.501198],[106.085761,31.501289],[106.085656,31.50129],[106.085657,31.50138],[106.085552,31.501381],[106.085554,31.501561],[106.085449,31.501562],[106.085451,31.501742],[106.085345,31.501743],[106.085348,31.501924],[106.085242,31.501925],[106.085244,31.502105],[106.085139,31.502106],[106.085142,31.502377],[106.085037,31.502377],[106.085039,31.502558],[106.084934,31.502559],[106.084936,31.502739],[106.08483,31.50274],[106.084833,31.50292],[106.084938,31.50292],[106.084939,31.50301],[106.085149,31.503008],[106.085151,31.503098],[106.085361,31.503096],[106.08536,31.503006],[106.085571,31.503004],[106.08557,31.502914],[106.08578,31.502912],[106.085779,31.502822],[106.085884,31.502821],[106.085885,31.502912],[106.085991,31.502911],[106.085993,31.503091],[106.086098,31.50309],[106.086101,31.503361],[106.086207,31.50336],[106.086209,31.50354],[106.086314,31.503539],[106.086317,31.50381],[106.086422,31.503809],[106.086424,31.50399],[106.08653,31.503989],[106.086532,31.504169],[106.086637,31.504168],[106.086635,31.503988],[106.08674,31.503987],[106.086738,31.503806],[106.086843,31.503806],[106.08684,31.503535],[106.086946,31.503534],[106.086944,31.503354],[106.087049,31.503353],[106.087048,31.503263],[106.087153,31.503262],[106.087152,31.503171],[106.086941,31.503173],[106.08694,31.503083],[106.087151,31.503081],[106.08715,31.502991],[106.08736,31.502989],[106.087358,31.502809],[106.087569,31.502807],[106.087568,31.502717],[106.087673,31.502716],[106.087672,31.502626],[106.087777,31.502625],[106.087776,31.502535],[106.087882,31.502534],[106.087881,31.502444],[106.087986,31.502443],[106.087984,31.502262],[106.088089,31.502261],[106.088088,31.502171],[106.088193,31.50217],[106.088191,31.50199],[106.088297,31.501989],[106.088296,31.501899],[106.088401,31.501898],[106.088399,31.501717],[106.088504,31.501716],[106.088502,31.501536],[106.088397,31.501537],[106.088395,31.501357],[106.088289,31.501357],[106.088288,31.501267],[106.087972,31.50127],[106.087971,31.50118],[106.087866,31.501181],[106.087865,31.50109],[106.08776,31.501091],[106.087759,31.501001],[106.087548,31.501003],[106.087547,31.500913],[106.087336,31.500914],[106.087335,31.500824],[106.08702,31.500827],[106.087019,31.500737],[106.086597,31.50074],[106.086596,31.50065]]]}},{"type":"Feature","id":"citrus-parcels-244","properties":{"sourceId":"citrus-parcels","CLASS_ID":"1","CLASS_NAME":"掩膜提取2_tif [Classvalue=1]","AREA":38,"name":"掩膜提取2_tif [Classvalue=1]","orchardType":"掩膜提取2_tif [Classvalue=1]","areaMu":0.06},"geometry":{"type":"Polygon","coordinates":[[[106.134075,31.499877],[106.133654,31.499881],[106.133655,31.499971],[106.133971,31.499968],[106.133972,31.500059],[106.133761,31.50006],[106.133762,31.500151],[106.133867,31.50015],[106.133869,31.50024],[106.133974,31.500239],[106.133976,31.500419],[106.134081,31.500418],[106.13408,31.500328],[106.134186,31.500327],[106.13419,31.500688],[106.134295,31.500687],[106.134297,31.500868],[106.134087,31.50087],[106.134083,31.500599],[106.133978,31.5006],[106.133976,31.500419],[106.133871,31.50042],[106.133877,31.500962],[106.134088,31.50096],[106.134089,31.50105],[106.134194,31.501049],[106.134193,31.500959],[106.134404,31.500957],[106.134403,31.500867],[106.134508,31.500866],[106.134507,31.500776],[106.134402,31.500777],[106.134398,31.500506],[106.134293,31.500507],[106.13429,31.500236],[106.134184,31.500237],[106.134183,31.500147],[106.134078,31.500148],[106.134075,31.499877]]]}},{"type":"Feature","id":"citrus-parcels-245","properties":{"sourceId":"citrus-parcels","CLASS_ID":"1","CLASS_NAME":"掩膜提取2_tif [Classvalue=1]","AREA":1,"name":"掩膜提取2_tif [Classvalue=1]","orchardType":"掩膜提取2_tif [Classvalue=1]","areaMu":0},"geometry":{"type":"Polygon","coordinates":[[[106.133018,31.499526],[106.132912,31.499527],[106.132913,31.499617],[106.133019,31.499616],[106.133018,31.499526]]]}},{"type":"Feature","id":"citrus-parcels-246","properties":{"sourceId":"citrus-parcels","CLASS_ID":"1","CLASS_NAME":"掩膜提取2_tif [Classvalue=1]","AREA":222,"name":"掩膜提取2_tif [Classvalue=1]","orchardType":"掩膜提取2_tif [Classvalue=1]","areaMu":0.33},"geometry":{"type":"MultiPolygon","coordinates":[[[[106.13449,31.499422],[106.134385,31.499423],[106.134386,31.499514],[106.134176,31.499515],[106.134177,31.499606],[106.134282,31.499605],[106.134283,31.499695],[106.134073,31.499697],[106.134074,31.499787],[106.134179,31.499786],[106.134181,31.499967],[106.134286,31.499966],[106.134284,31.499785],[106.13439,31.499784],[106.134392,31.499965],[106.134286,31.499966],[106.13429,31.500236],[106.134395,31.500235],[106.134397,31.500416],[106.134502,31.500415],[106.134505,31.500595],[106.13461,31.500594],[106.134608,31.500414],[106.134713,31.500413],[106.134715,31.500593],[106.13461,31.500594],[106.134613,31.500865],[106.134718,31.500864],[106.134722,31.501135],[106.134827,31.501134],[106.134831,31.501494],[106.134726,31.501495],[106.134724,31.501315],[106.134619,31.501316],[106.134622,31.501587],[106.134517,31.501587],[106.134518,31.501678],[106.134623,31.501677],[106.134624,31.501767],[106.134835,31.501765],[106.134832,31.501585],[106.134938,31.501584],[106.13494,31.501764],[106.135045,31.501763],[106.135047,31.501944],[106.135153,31.501943],[106.135155,31.502123],[106.13526,31.502122],[106.135262,31.502303],[106.135368,31.502302],[106.13537,31.502482],[106.135475,31.502481],[106.135477,31.502662],[106.135583,31.502661],[106.135584,31.502751],[106.135689,31.50275],[106.135691,31.50293],[106.135796,31.502929],[106.135799,31.50311],[106.135904,31.503109],[106.135905,31.503199],[106.13601,31.503198],[106.136012,31.503379],[106.136118,31.503378],[106.136114,31.503107],[106.136009,31.503108],[106.136006,31.502837],[106.135795,31.502839],[106.135794,31.502749],[106.135899,31.502748],[106.135898,31.502658],[106.136004,31.502657],[106.136006,31.502837],[106.136111,31.502836],[106.136106,31.502385],[106.135685,31.502389],[106.135683,31.502299],[106.135578,31.5023],[106.135579,31.50239],[106.135474,31.502391],[106.135473,31.502301],[106.135578,31.5023],[106.135577,31.50221],[106.135472,31.50221],[106.135471,31.50212],[106.135365,31.502121],[106.135362,31.501851],[106.135257,31.501852],[106.135254,31.501581],[106.135359,31.50158],[106.135358,31.50149],[106.135463,31.501489],[106.135462,31.501399],[106.135251,31.501401],[106.13525,31.50131],[106.135356,31.501309],[106.135353,31.501129],[106.135564,31.501127],[106.135565,31.501217],[106.13546,31.501218],[106.135461,31.501308],[106.135671,31.501307],[106.135673,31.501397],[106.135883,31.501395],[106.135878,31.500944],[106.135772,31.500945],[106.135773,31.501035],[106.135563,31.501037],[106.13556,31.500766],[106.135349,31.500768],[106.13535,31.500858],[106.135245,31.500859],[106.135244,31.500769],[106.134928,31.500772],[106.13493,31.500952],[106.134825,31.500953],[106.134823,31.500773],[106.134928,31.500772],[106.134926,31.500591],[106.135031,31.500591],[106.135029,31.50041],[106.134924,31.500411],[106.134921,31.500231],[106.135027,31.50023],[106.135028,31.50032],[106.135133,31.500319],[106.135132,31.500229],[106.135237,31.500228],[106.135232,31.499777],[106.135127,31.499778],[106.135125,31.499687],[106.134915,31.499689],[106.134914,31.499599],[106.134703,31.499601],[106.134702,31.499511],[106.134492,31.499513],[106.13449,31.499422]]],[[[106.136003,31.502567],[106.135897,31.502568],[106.135896,31.502477],[106.136001,31.502476],[106.136003,31.502567]]],[[[106.13504,31.501312],[106.134934,31.501313],[106.134933,31.501223],[106.135039,31.501222],[106.13504,31.501312]]],[[[106.134919,31.50005],[106.134814,31.500051],[106.134815,31.500141],[106.13471,31.500142],[106.134709,31.500052],[106.134814,31.500051],[106.134813,31.499961],[106.134918,31.49996],[106.134919,31.50005]]],[[[106.135131,31.500139],[106.135026,31.500139],[106.135025,31.500049],[106.13513,31.500048],[106.135131,31.500139]]]]}},{"type":"Feature","id":"citrus-parcels-247","properties":{"sourceId":"citrus-parcels","CLASS_ID":"1","CLASS_NAME":"掩膜提取2_tif [Classvalue=1]","AREA":25,"name":"掩膜提取2_tif [Classvalue=1]","orchardType":"掩膜提取2_tif [Classvalue=1]","areaMu":0.04},"geometry":{"type":"Polygon","coordinates":[[[106.133432,31.498981],[106.133327,31.498982],[106.13333,31.499252],[106.133225,31.499253],[106.133227,31.499434],[106.133332,31.499433],[106.133331,31.499343],[106.133437,31.499342],[106.13344,31.499612],[106.133545,31.499611],[106.133546,31.499701],[106.133336,31.499703],[106.133338,31.499884],[106.133443,31.499883],[106.133442,31.499793],[106.133547,31.499792],[106.133548,31.499882],[106.133654,31.499881],[106.133653,31.499791],[106.133758,31.49979],[106.133757,31.4997],[106.133862,31.499699],[106.133861,31.499608],[106.133756,31.499609],[106.133753,31.499429],[106.133648,31.49943],[106.133646,31.49925],[106.133435,31.499251],[106.133432,31.498981]]]}},{"type":"Feature","id":"citrus-parcels-248","properties":{"sourceId":"citrus-parcels","CLASS_ID":"1","CLASS_NAME":"掩膜提取2_tif [Classvalue=1]","AREA":1,"name":"掩膜提取2_tif [Classvalue=1]","orchardType":"掩膜提取2_tif [Classvalue=1]","areaMu":0},"geometry":{"type":"Polygon","coordinates":[[[106.133114,31.498803],[106.133009,31.498804],[106.13301,31.498894],[106.133115,31.498893],[106.133114,31.498803]]]}},{"type":"Feature","id":"citrus-parcels-249","properties":{"sourceId":"citrus-parcels","CLASS_ID":"1","CLASS_NAME":"掩膜提取2_tif [Classvalue=1]","AREA":1,"name":"掩膜提取2_tif [Classvalue=1]","orchardType":"掩膜提取2_tif [Classvalue=1]","areaMu":0},"geometry":{"type":"Polygon","coordinates":[[[106.13964,31.498655],[106.139535,31.498656],[106.139536,31.498746],[106.139642,31.498745],[106.13964,31.498655]]]}},{"type":"Feature","id":"citrus-parcels-250","properties":{"sourceId":"citrus-parcels","CLASS_ID":"1","CLASS_NAME":"掩膜提取2_tif [Classvalue=1]","AREA":1,"name":"掩膜提取2_tif [Classvalue=1]","orchardType":"掩膜提取2_tif [Classvalue=1]","areaMu":0},"geometry":{"type":"Polygon","coordinates":[[[106.139956,31.498652],[106.139851,31.498653],[106.139852,31.498743],[106.139957,31.498742],[106.139956,31.498652]]]}},{"type":"Feature","id":"citrus-parcels-251","properties":{"sourceId":"citrus-parcels","CLASS_ID":"1","CLASS_NAME":"掩膜提取2_tif [Classvalue=1]","AREA":107,"name":"掩膜提取2_tif [Classvalue=1]","orchardType":"掩膜提取2_tif [Classvalue=1]","areaMu":0.16},"geometry":{"type":"MultiPolygon","coordinates":[[[[106.132585,31.498537],[106.132479,31.498538],[106.13248,31.498628],[106.132375,31.498629],[106.132376,31.498719],[106.132481,31.498719],[106.132485,31.498989],[106.132379,31.49899],[106.132377,31.49881],[106.132272,31.498811],[106.132273,31.498901],[106.132168,31.498902],[106.13217,31.499082],[106.132065,31.499083],[106.132066,31.499173],[106.13196,31.499174],[106.131963,31.499355],[106.131857,31.499356],[106.131858,31.499446],[106.131753,31.499447],[106.131754,31.499537],[106.131649,31.499538],[106.13165,31.499628],[106.131545,31.499629],[106.131546,31.499719],[106.131335,31.499721],[106.131336,31.499811],[106.131968,31.499806],[106.131969,31.499896],[106.132917,31.499888],[106.132918,31.499978],[106.133234,31.499975],[106.133231,31.499794],[106.133126,31.499795],[106.133125,31.499705],[106.132915,31.499707],[106.132913,31.499617],[106.132808,31.499618],[106.132807,31.499528],[106.132912,31.499527],[106.132909,31.499256],[106.133014,31.499255],[106.133015,31.499345],[106.133121,31.499344],[106.133119,31.499164],[106.133013,31.499165],[106.133012,31.499075],[106.132907,31.499076],[106.132903,31.498715],[106.132797,31.498716],[106.132796,31.498626],[106.132586,31.498627],[106.132585,31.498537]]],[[[106.131862,31.499716],[106.131756,31.499717],[106.131755,31.499627],[106.131861,31.499626],[106.131862,31.499716]]],[[[106.132071,31.499624],[106.131966,31.499625],[106.131964,31.499445],[106.132069,31.499444],[106.132067,31.499264],[106.132172,31.499263],[106.132171,31.499172],[106.132382,31.499171],[106.132384,31.499351],[106.132489,31.49935],[106.132492,31.499621],[106.132598,31.49962],[106.1326,31.4998],[106.132494,31.499801],[106.132493,31.499711],[106.132388,31.499712],[106.132387,31.499622],[106.132176,31.499623],[106.132178,31.499714],[106.132283,31.499713],[106.132284,31.499803],[106.132073,31.499805],[106.132071,31.499624]]],[[[106.132802,31.499077],[106.132696,31.499077],[106.132695,31.498987],[106.132801,31.498986],[106.132802,31.499077]]]]}},{"type":"Feature","id":"citrus-parcels-252","properties":{"sourceId":"citrus-parcels","CLASS_ID":"1","CLASS_NAME":"掩膜提取2_tif [Classvalue=1]","AREA":5,"name":"掩膜提取2_tif [Classvalue=1]","orchardType":"掩膜提取2_tif [Classvalue=1]","areaMu":0.01},"geometry":{"type":"Polygon","coordinates":[[[106.139321,31.498387],[106.139216,31.498388],[106.139218,31.498569],[106.139324,31.498568],[106.139325,31.498658],[106.139535,31.498656],[106.139534,31.498566],[106.139429,31.498567],[106.139428,31.498476],[106.139322,31.498477],[106.139321,31.498387]]]}},{"type":"Feature","id":"citrus-parcels-253","properties":{"sourceId":"citrus-parcels","CLASS_ID":"1","CLASS_NAME":"掩膜提取2_tif [Classvalue=1]","AREA":3,"name":"掩膜提取2_tif [Classvalue=1]","orchardType":"掩膜提取2_tif [Classvalue=1]","areaMu":0},"geometry":{"type":"Polygon","coordinates":[[[106.139214,31.498208],[106.139003,31.49821],[106.139004,31.4983],[106.13911,31.498299],[106.139111,31.498389],[106.139216,31.498388],[106.139214,31.498208]]]}},{"type":"Feature","id":"citrus-parcels-254","properties":{"sourceId":"citrus-parcels","CLASS_ID":"1","CLASS_NAME":"掩膜提取2_tif [Classvalue=1]","AREA":1,"name":"掩膜提取2_tif [Classvalue=1]","orchardType":"掩膜提取2_tif [Classvalue=1]","areaMu":0},"geometry":{"type":"Polygon","coordinates":[[[106.141109,31.498191],[106.141004,31.498192],[106.141005,31.498282],[106.14111,31.498281],[106.141109,31.498191]]]}},{"type":"Feature","id":"citrus-parcels-255","properties":{"sourceId":"citrus-parcels","CLASS_ID":"1","CLASS_NAME":"掩膜提取2_tif [Classvalue=1]","AREA":1,"name":"掩膜提取2_tif [Classvalue=1]","orchardType":"掩膜提取2_tif [Classvalue=1]","areaMu":0},"geometry":{"type":"Polygon","coordinates":[[[106.139002,31.498119],[106.138897,31.49812],[106.138898,31.49821],[106.139003,31.49821],[106.139002,31.498119]]]}},{"type":"Feature","id":"citrus-parcels-256","properties":{"sourceId":"citrus-parcels","CLASS_ID":"1","CLASS_NAME":"掩膜提取2_tif [Classvalue=1]","AREA":1,"name":"掩膜提取2_tif [Classvalue=1]","orchardType":"掩膜提取2_tif [Classvalue=1]","areaMu":0},"geometry":{"type":"Polygon","coordinates":[[[106.141213,31.4981],[106.141108,31.498101],[106.141109,31.498191],[106.141214,31.49819],[106.141213,31.4981]]]}},{"type":"Feature","id":"citrus-parcels-257","properties":{"sourceId":"citrus-parcels","CLASS_ID":"1","CLASS_NAME":"掩膜提取2_tif [Classvalue=1]","AREA":1,"name":"掩膜提取2_tif [Classvalue=1]","orchardType":"掩膜提取2_tif [Classvalue=1]","areaMu":0},"geometry":{"type":"Polygon","coordinates":[[[106.138896,31.49803],[106.138791,31.498031],[106.138792,31.498121],[106.138897,31.49812],[106.138896,31.49803]]]}},{"type":"Feature","id":"citrus-parcels-258","properties":{"sourceId":"citrus-parcels","CLASS_ID":"1","CLASS_NAME":"掩膜提取2_tif [Classvalue=1]","AREA":1,"name":"掩膜提取2_tif [Classvalue=1]","orchardType":"掩膜提取2_tif [Classvalue=1]","areaMu":0},"geometry":{"type":"Polygon","coordinates":[[[106.141,31.497921],[106.140895,31.497922],[106.140896,31.498012],[106.141001,31.498011],[106.141,31.497921]]]}},{"type":"Feature","id":"citrus-parcels-259","properties":{"sourceId":"citrus-parcels","CLASS_ID":"1","CLASS_NAME":"掩膜提取2_tif [Classvalue=1]","AREA":3,"name":"掩膜提取2_tif [Classvalue=1]","orchardType":"掩膜提取2_tif [Classvalue=1]","areaMu":0},"geometry":{"type":"Polygon","coordinates":[[[106.097519,31.498211],[106.097413,31.498212],[106.097414,31.498302],[106.097309,31.498303],[106.09731,31.498393],[106.097521,31.498392],[106.097519,31.498211]]]}},{"type":"Feature","id":"citrus-parcels-260","properties":{"sourceId":"citrus-parcels","CLASS_ID":"1","CLASS_NAME":"掩膜提取2_tif [Classvalue=1]","AREA":6,"name":"掩膜提取2_tif [Classvalue=1]","orchardType":"掩膜提取2_tif [Classvalue=1]","areaMu":0.01},"geometry":{"type":"Polygon","coordinates":[[[106.139946,31.49784],[106.139841,31.497841],[106.139843,31.498022],[106.139949,31.498021],[106.139951,31.498201],[106.140161,31.498199],[106.14016,31.498109],[106.140055,31.49811],[106.140053,31.49793],[106.139948,31.497931],[106.139946,31.49784]]]}},{"type":"Feature","id":"citrus-parcels-261","properties":{"sourceId":"citrus-parcels","CLASS_ID":"1","CLASS_NAME":"掩膜提取2_tif [Classvalue=1]","AREA":1,"name":"掩膜提取2_tif [Classvalue=1]","orchardType":"掩膜提取2_tif [Classvalue=1]","areaMu":0},"geometry":{"type":"Polygon","coordinates":[[[106.097623,31.49812],[106.097517,31.498121],[106.097519,31.498211],[106.097624,31.49821],[106.097623,31.49812]]]}},{"type":"Feature","id":"citrus-parcels-262","properties":{"sourceId":"citrus-parcels","CLASS_ID":"1","CLASS_NAME":"掩膜提取2_tif [Classvalue=1]","AREA":1,"name":"掩膜提取2_tif [Classvalue=1]","orchardType":"掩膜提取2_tif [Classvalue=1]","areaMu":0},"geometry":{"type":"Polygon","coordinates":[[[106.097727,31.498029],[106.097622,31.49803],[106.097623,31.49812],[106.097728,31.498119],[106.097727,31.498029]]]}},{"type":"Feature","id":"citrus-parcels-263","properties":{"sourceId":"citrus-parcels","CLASS_ID":"1","CLASS_NAME":"掩膜提取2_tif [Classvalue=1]","AREA":4,"name":"掩膜提取2_tif [Classvalue=1]","orchardType":"掩膜提取2_tif [Classvalue=1]","areaMu":0.01},"geometry":{"type":"Polygon","coordinates":[[[106.139839,31.497661],[106.139628,31.497663],[106.139631,31.497843],[106.139841,31.497841],[106.139839,31.497661]]]}},{"type":"Feature","id":"citrus-parcels-264","properties":{"sourceId":"citrus-parcels","CLASS_ID":"1","CLASS_NAME":"掩膜提取2_tif [Classvalue=1]","AREA":1,"name":"掩膜提取2_tif [Classvalue=1]","orchardType":"掩膜提取2_tif [Classvalue=1]","areaMu":0},"geometry":{"type":"Polygon","coordinates":[[[106.137731,31.497499],[106.137626,31.4975],[106.137627,31.49759],[106.137732,31.497589],[106.137731,31.497499]]]}},{"type":"Feature","id":"citrus-parcels-265","properties":{"sourceId":"citrus-parcels","CLASS_ID":"1","CLASS_NAME":"掩膜提取2_tif [Classvalue=1]","AREA":2,"name":"掩膜提取2_tif [Classvalue=1]","orchardType":"掩膜提取2_tif [Classvalue=1]","areaMu":0},"geometry":{"type":"Polygon","coordinates":[[[106.097829,31.497757],[106.097724,31.497758],[106.097726,31.497939],[106.097831,31.497938],[106.097829,31.497757]]]}},{"type":"Feature","id":"citrus-parcels-266","properties":{"sourceId":"citrus-parcels","CLASS_ID":"1","CLASS_NAME":"掩膜提取2_tif [Classvalue=1]","AREA":45,"name":"掩膜提取2_tif [Classvalue=1]","orchardType":"掩膜提取2_tif [Classvalue=1]","areaMu":0.07},"geometry":{"type":"MultiPolygon","coordinates":[[[[106.138145,31.496864],[106.137934,31.496866],[106.137937,31.497136],[106.137832,31.497137],[106.137833,31.497228],[106.137728,31.497229],[106.137729,31.497319],[106.137624,31.49732],[106.137625,31.49741],[106.13773,31.497409],[106.137731,31.497499],[106.137837,31.497498],[106.137838,31.497588],[106.137943,31.497587],[106.137942,31.497497],[106.138468,31.497493],[106.138469,31.497583],[106.138575,31.497582],[106.138577,31.497762],[106.138682,31.497761],[106.138684,31.497942],[106.13879,31.497941],[106.138786,31.49767],[106.138681,31.497671],[106.138678,31.497401],[106.138467,31.497402],[106.138462,31.496951],[106.138356,31.496952],[106.138357,31.497042],[106.138252,31.497043],[106.138251,31.496953],[106.138146,31.496954],[106.138145,31.496864]]],[[[106.138255,31.497314],[106.138045,31.497316],[106.138043,31.497136],[106.138253,31.497134],[106.138255,31.497314]]]]}},{"type":"Feature","id":"citrus-parcels-267","properties":{"sourceId":"citrus-parcels","CLASS_ID":"1","CLASS_NAME":"掩膜提取2_tif [Classvalue=1]","AREA":1,"name":"掩膜提取2_tif [Classvalue=1]","orchardType":"掩膜提取2_tif [Classvalue=1]","areaMu":0},"geometry":{"type":"Polygon","coordinates":[[[106.097397,31.496859],[106.097292,31.49686],[106.097293,31.49695],[106.097398,31.496949],[106.097397,31.496859]]]}},{"type":"Feature","id":"citrus-parcels-268","properties":{"sourceId":"citrus-parcels","CLASS_ID":"1","CLASS_NAME":"掩膜提取2_tif [Classvalue=1]","AREA":10,"name":"掩膜提取2_tif [Classvalue=1]","orchardType":"掩膜提取2_tif [Classvalue=1]","areaMu":0.01},"geometry":{"type":"Polygon","coordinates":[[[106.097924,31.496854],[106.097819,31.496855],[106.097821,31.497036],[106.097715,31.497037],[106.097717,31.497217],[106.097612,31.497218],[106.097614,31.497398],[106.09772,31.497398],[106.097721,31.497488],[106.097826,31.497487],[106.097822,31.497126],[106.097927,31.497125],[106.097924,31.496854]]]}},{"type":"Feature","id":"citrus-parcels-269","properties":{"sourceId":"citrus-parcels","CLASS_ID":"1","CLASS_NAME":"掩膜提取2_tif [Classvalue=1]","AREA":1,"name":"掩膜提取2_tif [Classvalue=1]","orchardType":"掩膜提取2_tif [Classvalue=1]","areaMu":0},"geometry":{"type":"Polygon","coordinates":[[[106.099395,31.496571],[106.099289,31.496572],[106.09929,31.496662],[106.099396,31.496661],[106.099395,31.496571]]]}},{"type":"Feature","id":"citrus-parcels-270","properties":{"sourceId":"citrus-parcels","CLASS_ID":"1","CLASS_NAME":"掩膜提取2_tif [Classvalue=1]","AREA":4,"name":"掩膜提取2_tif [Classvalue=1]","orchardType":"掩膜提取2_tif [Classvalue=1]","areaMu":0.01},"geometry":{"type":"Polygon","coordinates":[[[106.099601,31.496209],[106.099496,31.496209],[106.099497,31.4963],[106.099391,31.496301],[106.099394,31.496481],[106.099499,31.49648],[106.099498,31.49639],[106.099603,31.496389],[106.099601,31.496209]]]}},{"type":"Feature","id":"citrus-parcels-271","properties":{"sourceId":"citrus-parcels","CLASS_ID":"1","CLASS_NAME":"掩膜提取2_tif [Classvalue=1]","AREA":1,"name":"掩膜提取2_tif [Classvalue=1]","orchardType":"掩膜提取2_tif [Classvalue=1]","areaMu":0},"geometry":{"type":"Polygon","coordinates":[[[106.099705,31.496117],[106.0996,31.496118],[106.099601,31.496209],[106.099706,31.496208],[106.099705,31.496117]]]}},{"type":"Feature","id":"citrus-parcels-272","properties":{"sourceId":"citrus-parcels","CLASS_ID":"1","CLASS_NAME":"掩膜提取2_tif [Classvalue=1]","AREA":1,"name":"掩膜提取2_tif [Classvalue=1]","orchardType":"掩膜提取2_tif [Classvalue=1]","areaMu":0},"geometry":{"type":"Polygon","coordinates":[[[106.137498,31.495607],[106.137392,31.495608],[106.137394,31.495698],[106.137499,31.495697],[106.137498,31.495607]]]}},{"type":"Feature","id":"citrus-parcels-273","properties":{"sourceId":"citrus-parcels","CLASS_ID":"1","CLASS_NAME":"掩膜提取2_tif [Classvalue=1]","AREA":53,"name":"掩膜提取2_tif [Classvalue=1]","orchardType":"掩膜提取2_tif [Classvalue=1]","areaMu":0.08},"geometry":{"type":"Polygon","coordinates":[[[106.093491,31.4959],[106.093385,31.495901],[106.093386,31.495991],[106.093281,31.495992],[106.093282,31.496082],[106.093071,31.496084],[106.093073,31.496174],[106.092862,31.496176],[106.092863,31.496266],[106.092758,31.496267],[106.092759,31.496357],[106.092864,31.496356],[106.092865,31.496447],[106.093076,31.496445],[106.093077,31.496535],[106.093182,31.496534],[106.093183,31.496624],[106.093288,31.496623],[106.093289,31.496714],[106.0935,31.496712],[106.093498,31.496531],[106.093603,31.496531],[106.093605,31.496711],[106.093711,31.49671],[106.093709,31.49662],[106.093815,31.496619],[106.093813,31.496439],[106.093918,31.496438],[106.093916,31.496257],[106.0936,31.49626],[106.093599,31.49617],[106.093704,31.496169],[106.093703,31.496079],[106.093598,31.49608],[106.093597,31.495989],[106.093492,31.49599],[106.093491,31.4959]]]}},{"type":"Feature","id":"citrus-parcels-274","properties":{"sourceId":"citrus-parcels","CLASS_ID":"1","CLASS_NAME":"掩膜提取2_tif [Classvalue=1]","AREA":1,"name":"掩膜提取2_tif [Classvalue=1]","orchardType":"掩膜提取2_tif [Classvalue=1]","areaMu":0},"geometry":{"type":"Polygon","coordinates":[[[106.101071,31.495835],[106.100965,31.495836],[106.100966,31.495926],[106.101072,31.495925],[106.101071,31.495835]]]}},{"type":"Feature","id":"citrus-parcels-275","properties":{"sourceId":"citrus-parcels","CLASS_ID":"1","CLASS_NAME":"掩膜提取2_tif [Classvalue=1]","AREA":1,"name":"掩膜提取2_tif [Classvalue=1]","orchardType":"掩膜提取2_tif [Classvalue=1]","areaMu":0},"geometry":{"type":"Polygon","coordinates":[[[106.100964,31.495746],[106.100859,31.495747],[106.10086,31.495837],[106.100965,31.495836],[106.100964,31.495746]]]}},{"type":"Feature","id":"citrus-parcels-276","properties":{"sourceId":"citrus-parcels","CLASS_ID":"1","CLASS_NAME":"掩膜提取2_tif [Classvalue=1]","AREA":435,"name":"掩膜提取2_tif [Classvalue=1]","orchardType":"掩膜提取2_tif [Classvalue=1]","areaMu":0.65},"geometry":{"type":"MultiPolygon","coordinates":[[[[106.13328,31.495103],[106.132964,31.495106],[106.132965,31.495196],[106.13286,31.495197],[106.132861,31.495287],[106.132756,31.495288],[106.132757,31.495378],[106.132652,31.495379],[106.132653,31.495469],[106.132548,31.49547],[106.132549,31.49556],[106.132443,31.495561],[106.132446,31.495742],[106.13234,31.495743],[106.132345,31.496103],[106.13245,31.496103],[106.132451,31.496193],[106.132556,31.496192],[106.132558,31.496372],[106.132453,31.496373],[106.132455,31.496554],[106.132139,31.496556],[106.132141,31.496647],[106.132035,31.496647],[106.132036,31.496738],[106.131931,31.496739],[106.131938,31.49728],[106.131832,31.497281],[106.131838,31.497732],[106.131943,31.497731],[106.131946,31.498002],[106.131841,31.498002],[106.131842,31.498093],[106.131737,31.498094],[106.131739,31.498274],[106.131634,31.498275],[106.131635,31.498365],[106.13153,31.498366],[106.131531,31.498456],[106.131425,31.498457],[106.131424,31.498367],[106.131319,31.498368],[106.13132,31.498458],[106.130899,31.498462],[106.130898,31.498372],[106.130793,31.498373],[106.130792,31.498282],[106.130581,31.498284],[106.130582,31.498374],[106.130477,31.498375],[106.130479,31.498556],[106.130584,31.498555],[106.130585,31.498645],[106.13048,31.498646],[106.130483,31.498917],[106.130589,31.498916],[106.13059,31.499006],[106.132064,31.498993],[106.132062,31.498903],[106.132168,31.498902],[106.132166,31.498721],[106.132271,31.49872],[106.132269,31.49854],[106.132374,31.498539],[106.132372,31.498359],[106.132477,31.498358],[106.132475,31.498177],[106.13258,31.498176],[106.132575,31.497725],[106.132469,31.497726],[106.132464,31.497275],[106.132569,31.497274],[106.132568,31.497184],[106.132673,31.497183],[106.132672,31.497093],[106.132778,31.497092],[106.132777,31.497002],[106.132882,31.497001],[106.132881,31.496911],[106.132986,31.49691],[106.132985,31.49682],[106.13309,31.496819],[106.133089,31.496728],[106.133194,31.496727],[106.133193,31.496637],[106.133299,31.496636],[106.133296,31.496456],[106.133402,31.496455],[106.133401,31.496365],[106.133611,31.496363],[106.133608,31.496092],[106.133713,31.496091],[106.13371,31.495821],[106.133815,31.49582],[106.133813,31.495639],[106.133918,31.495638],[106.133917,31.495548],[106.134023,31.495547],[106.13402,31.495367],[106.133915,31.495368],[106.133914,31.495278],[106.133809,31.495279],[106.133808,31.495188],[106.133281,31.495193],[106.13328,31.495103]]],[[[106.131115,31.498911],[106.13101,31.498912],[106.131009,31.498822],[106.131114,31.498821],[106.131115,31.498911]]],[[[106.131957,31.498904],[106.131852,31.498905],[106.131851,31.498814],[106.131956,31.498813],[106.131957,31.498904]]],[[[106.132251,31.497097],[106.132041,31.497099],[106.13204,31.497008],[106.132145,31.497007],[106.132144,31.496917],[106.132249,31.496916],[106.132251,31.497097]]],[[[106.132353,31.496825],[106.132248,31.496826],[106.132247,31.496736],[106.132352,31.496735],[106.132353,31.496825]]]]}},{"type":"Feature","id":"citrus-parcels-277","properties":{"sourceId":"citrus-parcels","CLASS_ID":"1","CLASS_NAME":"掩膜提取2_tif [Classvalue=1]","AREA":1,"name":"掩膜提取2_tif [Classvalue=1]","orchardType":"掩膜提取2_tif [Classvalue=1]","areaMu":0},"geometry":{"type":"Polygon","coordinates":[[[106.10117,31.495293],[106.101064,31.495294],[106.101065,31.495384],[106.101171,31.495383],[106.10117,31.495293]]]}},{"type":"Feature","id":"citrus-parcels-278","properties":{"sourceId":"citrus-parcels","CLASS_ID":"1","CLASS_NAME":"掩膜提取2_tif [Classvalue=1]","AREA":3,"name":"掩膜提取2_tif [Classvalue=1]","orchardType":"掩膜提取2_tif [Classvalue=1]","areaMu":0},"geometry":{"type":"Polygon","coordinates":[[[106.10138,31.495291],[106.101275,31.495292],[106.101278,31.495563],[106.101383,31.495562],[106.10138,31.495291]]]}},{"type":"Feature","id":"citrus-parcels-279","properties":{"sourceId":"citrus-parcels","CLASS_ID":"1","CLASS_NAME":"掩膜提取2_tif [Classvalue=1]","AREA":2,"name":"掩膜提取2_tif [Classvalue=1]","orchardType":"掩膜提取2_tif [Classvalue=1]","areaMu":0},"geometry":{"type":"Polygon","coordinates":[[[106.101591,31.495289],[106.101485,31.49529],[106.101487,31.495471],[106.101593,31.49547],[106.101591,31.495289]]]}},{"type":"Feature","id":"citrus-parcels-280","properties":{"sourceId":"citrus-parcels","CLASS_ID":"1","CLASS_NAME":"掩膜提取2_tif [Classvalue=1]","AREA":1,"name":"掩膜提取2_tif [Classvalue=1]","orchardType":"掩膜提取2_tif [Classvalue=1]","areaMu":0},"geometry":{"type":"Polygon","coordinates":[[[106.139488,31.494777],[106.139383,31.494778],[106.139384,31.494868],[106.139489,31.494867],[106.139488,31.494777]]]}},{"type":"Feature","id":"citrus-parcels-281","properties":{"sourceId":"citrus-parcels","CLASS_ID":"1","CLASS_NAME":"掩膜提取2_tif [Classvalue=1]","AREA":2,"name":"掩膜提取2_tif [Classvalue=1]","orchardType":"掩膜提取2_tif [Classvalue=1]","areaMu":0},"geometry":{"type":"Polygon","coordinates":[[[106.101376,31.49493],[106.101271,31.494931],[106.101273,31.495112],[106.101378,31.495111],[106.101376,31.49493]]]}},{"type":"Feature","id":"citrus-parcels-282","properties":{"sourceId":"citrus-parcels","CLASS_ID":"1","CLASS_NAME":"掩膜提取2_tif [Classvalue=1]","AREA":1,"name":"掩膜提取2_tif [Classvalue=1]","orchardType":"掩膜提取2_tif [Classvalue=1]","areaMu":0},"geometry":{"type":"Polygon","coordinates":[[[106.138637,31.494063],[106.138532,31.494064],[106.138533,31.494154],[106.138638,31.494153],[106.138637,31.494063]]]}},{"type":"Feature","id":"citrus-parcels-283","properties":{"sourceId":"citrus-parcels","CLASS_ID":"1","CLASS_NAME":"掩膜提取2_tif [Classvalue=1]","AREA":1,"name":"掩膜提取2_tif [Classvalue=1]","orchardType":"掩膜提取2_tif [Classvalue=1]","areaMu":0},"geometry":{"type":"Polygon","coordinates":[[[106.141795,31.494035],[106.14169,31.494036],[106.141691,31.494126],[106.141797,31.494125],[106.141795,31.494035]]]}},{"type":"Feature","id":"citrus-parcels-284","properties":{"sourceId":"citrus-parcels","CLASS_ID":"1","CLASS_NAME":"掩膜提取2_tif [Classvalue=1]","AREA":1,"name":"掩膜提取2_tif [Classvalue=1]","orchardType":"掩膜提取2_tif [Classvalue=1]","areaMu":0},"geometry":{"type":"Polygon","coordinates":[[[106.152218,31.493941],[106.152112,31.493942],[106.152114,31.494032],[106.152219,31.494031],[106.152218,31.493941]]]}},{"type":"Feature","id":"citrus-parcels-285","properties":{"sourceId":"citrus-parcels","CLASS_ID":"1","CLASS_NAME":"掩膜提取2_tif [Classvalue=1]","AREA":19,"name":"掩膜提取2_tif [Classvalue=1]","orchardType":"掩膜提取2_tif [Classvalue=1]","areaMu":0.03},"geometry":{"type":"Polygon","coordinates":[[[106.152533,31.493938],[106.152323,31.49394],[106.152326,31.494211],[106.152432,31.49421],[106.152433,31.4943],[106.152643,31.494298],[106.152644,31.494389],[106.15275,31.494388],[106.152751,31.494478],[106.152961,31.494476],[106.152962,31.494566],[106.153068,31.494565],[106.153065,31.494385],[106.15296,31.494386],[106.152959,31.494295],[106.152854,31.494296],[106.152853,31.494206],[106.152747,31.494207],[106.152746,31.494117],[106.152536,31.494119],[106.152533,31.493938]]]}},{"type":"Feature","id":"citrus-parcels-286","properties":{"sourceId":"citrus-parcels","CLASS_ID":"1","CLASS_NAME":"掩膜提取2_tif [Classvalue=1]","AREA":1,"name":"掩膜提取2_tif [Classvalue=1]","orchardType":"掩膜提取2_tif [Classvalue=1]","areaMu":0},"geometry":{"type":"Polygon","coordinates":[[[106.134636,31.494008],[106.13453,31.494009],[106.134531,31.494099],[106.134637,31.494098],[106.134636,31.494008]]]}},{"type":"Feature","id":"citrus-parcels-287","properties":{"sourceId":"citrus-parcels","CLASS_ID":"1","CLASS_NAME":"掩膜提取2_tif [Classvalue=1]","AREA":3,"name":"掩膜提取2_tif [Classvalue=1]","orchardType":"掩膜提取2_tif [Classvalue=1]","areaMu":0},"geometry":{"type":"Polygon","coordinates":[[[106.14211,31.493942],[106.1419,31.493944],[106.141901,31.494034],[106.142006,31.494033],[106.142007,31.494123],[106.142112,31.494122],[106.14211,31.493942]]]}},{"type":"Feature","id":"citrus-parcels-288","properties":{"sourceId":"citrus-parcels","CLASS_ID":"1","CLASS_NAME":"掩膜提取2_tif [Classvalue=1]","AREA":3,"name":"掩膜提取2_tif [Classvalue=1]","orchardType":"掩膜提取2_tif [Classvalue=1]","areaMu":0},"geometry":{"type":"Polygon","coordinates":[[[106.142319,31.493759],[106.142213,31.49376],[106.142214,31.493851],[106.142109,31.493851],[106.14211,31.493942],[106.142321,31.49394],[106.142319,31.493759]]]}},{"type":"Feature","id":"citrus-parcels-289","properties":{"sourceId":"citrus-parcels","CLASS_ID":"1","CLASS_NAME":"掩膜提取2_tif [Classvalue=1]","AREA":2,"name":"掩膜提取2_tif [Classvalue=1]","orchardType":"掩膜提取2_tif [Classvalue=1]","areaMu":0},"geometry":{"type":"Polygon","coordinates":[[[106.150002,31.4936],[106.149897,31.493601],[106.149899,31.493782],[106.150005,31.493781],[106.150002,31.4936]]]}},{"type":"Feature","id":"citrus-parcels-290","properties":{"sourceId":"citrus-parcels","CLASS_ID":"1","CLASS_NAME":"掩膜提取2_tif [Classvalue=1]","AREA":41,"name":"掩膜提取2_tif [Classvalue=1]","orchardType":"掩膜提取2_tif [Classvalue=1]","areaMu":0.06},"geometry":{"type":"Polygon","coordinates":[[[106.132628,31.493394],[106.132523,31.493395],[106.132524,31.493486],[106.132313,31.493487],[106.132314,31.493578],[106.132209,31.493579],[106.13221,31.493669],[106.131999,31.493671],[106.132001,31.493761],[106.131895,31.493762],[106.131896,31.493852],[106.132107,31.49385],[106.132108,31.49394],[106.132529,31.493937],[106.13253,31.494027],[106.132846,31.494024],[106.132847,31.494114],[106.133058,31.494112],[106.133057,31.494022],[106.132951,31.494023],[106.132949,31.493843],[106.132844,31.493844],[106.132842,31.493663],[106.132736,31.493664],[106.132734,31.493484],[106.132629,31.493485],[106.132628,31.493394]]]}},{"type":"Feature","id":"citrus-parcels-291","properties":{"sourceId":"citrus-parcels","CLASS_ID":"1","CLASS_NAME":"掩膜提取2_tif [Classvalue=1]","AREA":1,"name":"掩膜提取2_tif [Classvalue=1]","orchardType":"掩膜提取2_tif [Classvalue=1]","areaMu":0},"geometry":{"type":"Polygon","coordinates":[[[106.142103,31.49331],[106.141997,31.493311],[106.141998,31.493401],[106.142104,31.4934],[106.142103,31.49331]]]}},{"type":"Feature","id":"citrus-parcels-292","properties":{"sourceId":"citrus-parcels","CLASS_ID":"1","CLASS_NAME":"掩膜提取2_tif [Classvalue=1]","AREA":1,"name":"掩膜提取2_tif [Classvalue=1]","orchardType":"掩膜提取2_tif [Classvalue=1]","areaMu":0},"geometry":{"type":"Polygon","coordinates":[[[106.141996,31.493221],[106.141891,31.493222],[106.141892,31.493312],[106.141997,31.493311],[106.141996,31.493221]]]}},{"type":"Feature","id":"citrus-parcels-293","properties":{"sourceId":"citrus-parcels","CLASS_ID":"1","CLASS_NAME":"掩膜提取2_tif [Classvalue=1]","AREA":1,"name":"掩膜提取2_tif [Classvalue=1]","orchardType":"掩膜提取2_tif [Classvalue=1]","areaMu":0},"geometry":{"type":"Polygon","coordinates":[[[106.142312,31.493218],[106.142207,31.493219],[106.142208,31.493309],[106.142313,31.493308],[106.142312,31.493218]]]}},{"type":"Feature","id":"citrus-parcels-294","properties":{"sourceId":"citrus-parcels","CLASS_ID":"1","CLASS_NAME":"掩膜提取2_tif [Classvalue=1]","AREA":1,"name":"掩膜提取2_tif [Classvalue=1]","orchardType":"掩膜提取2_tif [Classvalue=1]","areaMu":0},"geometry":{"type":"Polygon","coordinates":[[[106.149364,31.493065],[106.149259,31.493066],[106.14926,31.493156],[106.149365,31.493155],[106.149364,31.493065]]]}},{"type":"Feature","id":"citrus-parcels-295","properties":{"sourceId":"citrus-parcels","CLASS_ID":"1","CLASS_NAME":"掩膜提取2_tif [Classvalue=1]","AREA":210,"name":"掩膜提取2_tif [Classvalue=1]","orchardType":"掩膜提取2_tif [Classvalue=1]","areaMu":0.31},"geometry":{"type":"MultiPolygon","coordinates":[[[[106.129991,31.492967],[106.129885,31.492968],[106.12989,31.493328],[106.130205,31.493326],[106.130208,31.493506],[106.129997,31.493508],[106.129996,31.493418],[106.129891,31.493419],[106.12989,31.493328],[106.129784,31.493329],[106.12979,31.49378],[106.129895,31.493779],[106.129896,31.49387],[106.129791,31.493871],[106.1298,31.494592],[106.129694,31.494593],[106.129702,31.495225],[106.129807,31.495224],[106.129808,31.495314],[106.129913,31.495313],[106.129915,31.495403],[106.13023,31.4954],[106.130231,31.495491],[106.130547,31.495488],[106.130545,31.495307],[106.13065,31.495306],[106.130647,31.495036],[106.130752,31.495035],[106.130751,31.494945],[106.130646,31.494946],[106.130645,31.494855],[106.13054,31.494856],[106.130539,31.494766],[106.130433,31.494767],[106.130431,31.494587],[106.130326,31.494588],[106.130324,31.494407],[106.130429,31.494406],[106.130428,31.494316],[106.130533,31.494315],[106.130531,31.494135],[106.130636,31.494134],[106.130635,31.494044],[106.13074,31.494043],[106.130739,31.493952],[106.130845,31.493951],[106.130842,31.493771],[106.130948,31.49377],[106.130947,31.49368],[106.130841,31.493681],[106.13084,31.493591],[106.130946,31.49359],[106.130945,31.4935],[106.130839,31.4935],[106.130835,31.49314],[106.13073,31.493141],[106.130731,31.493231],[106.130625,31.493232],[106.130624,31.493141],[106.130519,31.493142],[106.130518,31.493052],[106.130413,31.493053],[106.130412,31.492963],[106.130306,31.492964],[106.130307,31.493054],[106.129992,31.493057],[106.129991,31.492967]]],[[[106.129909,31.494952],[106.129804,31.494953],[106.129802,31.494773],[106.129907,31.494772],[106.129909,31.494952]]],[[[106.130737,31.493772],[106.130632,31.493773],[106.130631,31.493683],[106.130736,31.493682],[106.130737,31.493772]]],[[[106.13031,31.493234],[106.130204,31.493235],[106.130203,31.493145],[106.130309,31.493144],[106.13031,31.493234]]]]}},{"type":"Feature","id":"citrus-parcels-296","properties":{"sourceId":"citrus-parcels","CLASS_ID":"1","CLASS_NAME":"掩膜提取2_tif [Classvalue=1]","AREA":4,"name":"掩膜提取2_tif [Classvalue=1]","orchardType":"掩膜提取2_tif [Classvalue=1]","areaMu":0.01},"geometry":{"type":"Polygon","coordinates":[[[106.144624,31.492837],[106.144413,31.492838],[106.144414,31.492929],[106.144519,31.492928],[106.144522,31.493108],[106.144627,31.493107],[106.144624,31.492837]]]}},{"type":"Feature","id":"citrus-parcels-297","properties":{"sourceId":"citrus-parcels","CLASS_ID":"1","CLASS_NAME":"掩膜提取2_tif [Classvalue=1]","AREA":2,"name":"掩膜提取2_tif [Classvalue=1]","orchardType":"掩膜提取2_tif [Classvalue=1]","areaMu":0},"geometry":{"type":"Polygon","coordinates":[[[106.149361,31.492794],[106.14915,31.492796],[106.149151,31.492886],[106.149362,31.492884],[106.149361,31.492794]]]}},{"type":"Feature","id":"citrus-parcels-298","properties":{"sourceId":"citrus-parcels","CLASS_ID":"1","CLASS_NAME":"掩膜提取2_tif [Classvalue=1]","AREA":1,"name":"掩膜提取2_tif [Classvalue=1]","orchardType":"掩膜提取2_tif [Classvalue=1]","areaMu":0},"geometry":{"type":"Polygon","coordinates":[[[106.153045,31.492761],[106.15294,31.492762],[106.152941,31.492852],[106.153047,31.492851],[106.153045,31.492761]]]}},{"type":"Feature","id":"citrus-parcels-299","properties":{"sourceId":"citrus-parcels","CLASS_ID":"1","CLASS_NAME":"掩膜提取2_tif [Classvalue=1]","AREA":1,"name":"掩膜提取2_tif [Classvalue=1]","orchardType":"掩膜提取2_tif [Classvalue=1]","areaMu":0},"geometry":{"type":"Polygon","coordinates":[[[106.144412,31.492748],[106.144307,31.492749],[106.144308,31.492839],[106.144413,31.492838],[106.144412,31.492748]]]}},{"type":"Feature","id":"citrus-parcels-300","properties":{"sourceId":"citrus-parcels","CLASS_ID":"1","CLASS_NAME":"掩膜提取2_tif [Classvalue=1]","AREA":3,"name":"掩膜提取2_tif [Classvalue=1]","orchardType":"掩膜提取2_tif [Classvalue=1]","areaMu":0},"geometry":{"type":"Polygon","coordinates":[[[106.153254,31.492579],[106.153149,31.49258],[106.15315,31.49267],[106.153044,31.492671],[106.153045,31.492761],[106.153256,31.492759],[106.153254,31.492579]]]}},{"type":"Feature","id":"citrus-parcels-301","properties":{"sourceId":"citrus-parcels","CLASS_ID":"1","CLASS_NAME":"掩膜提取2_tif [Classvalue=1]","AREA":6,"name":"掩膜提取2_tif [Classvalue=1]","orchardType":"掩膜提取2_tif [Classvalue=1]","areaMu":0.01},"geometry":{"type":"Polygon","coordinates":[[[106.144094,31.492571],[106.143883,31.492573],[106.143886,31.492753],[106.144307,31.492749],[106.144306,31.492659],[106.144095,31.492661],[106.144094,31.492571]]]}},{"type":"Feature","id":"citrus-parcels-302","properties":{"sourceId":"citrus-parcels","CLASS_ID":"1","CLASS_NAME":"掩膜提取2_tif [Classvalue=1]","AREA":70,"name":"掩膜提取2_tif [Classvalue=1]","orchardType":"掩膜提取2_tif [Classvalue=1]","areaMu":0.1},"geometry":{"type":"Polygon","coordinates":[[[106.131565,31.492592],[106.13146,31.492593],[106.131461,31.492683],[106.131356,31.492684],[106.131357,31.492774],[106.131252,31.492775],[106.131253,31.492865],[106.131358,31.492864],[106.131362,31.493225],[106.131468,31.493224],[106.131471,31.493495],[106.131576,31.493494],[106.131577,31.493584],[106.131683,31.493583],[106.131686,31.493854],[106.131791,31.493853],[106.13179,31.493763],[106.131895,31.493762],[106.131894,31.493672],[106.131999,31.493671],[106.131998,31.49358],[106.132209,31.493579],[106.132208,31.493488],[106.132313,31.493487],[106.132312,31.493397],[106.132417,31.493396],[106.132416,31.493306],[106.132311,31.493307],[106.13231,31.493217],[106.132205,31.493218],[106.132203,31.493128],[106.131993,31.493129],[106.131992,31.493039],[106.131887,31.49304],[106.131884,31.49286],[106.131779,31.492861],[106.131778,31.49277],[106.131673,31.492771],[106.131672,31.492681],[106.131566,31.492682],[106.131565,31.492592]]]}},{"type":"Feature","id":"citrus-parcels-303","properties":{"sourceId":"citrus-parcels","CLASS_ID":"1","CLASS_NAME":"掩膜提取2_tif [Classvalue=1]","AREA":276,"name":"掩膜提取2_tif [Classvalue=1]","orchardType":"掩膜提取2_tif [Classvalue=1]","areaMu":0.41},"geometry":{"type":"Polygon","coordinates":[[[106.132608,31.491771],[106.132503,31.491772],[106.132504,31.491862],[106.132399,31.491863],[106.1324,31.491953],[106.132295,31.491954],[106.132297,31.492134],[106.132192,31.492135],[106.132193,31.492225],[106.132087,31.492226],[106.132089,31.492407],[106.131984,31.492408],[106.131987,31.492678],[106.131882,31.492679],[106.131883,31.492769],[106.131989,31.492769],[106.13199,31.492859],[106.132095,31.492858],[106.132096,31.492948],[106.132201,31.492947],[106.132202,31.493037],[106.132308,31.493036],[106.132309,31.493127],[106.132414,31.493126],[106.132415,31.493216],[106.13252,31.493215],[106.132521,31.493305],[106.132627,31.493304],[106.132628,31.493394],[106.132733,31.493393],[106.132734,31.493484],[106.132839,31.493483],[106.132841,31.493573],[106.132946,31.493572],[106.132947,31.493662],[106.133052,31.493661],[106.133053,31.493752],[106.133159,31.493751],[106.13316,31.493841],[106.133265,31.49384],[106.133266,31.49393],[106.133371,31.493929],[106.133372,31.494019],[106.133478,31.494018],[106.133479,31.494109],[106.133584,31.494108],[106.133585,31.494198],[106.13369,31.494197],[106.133691,31.494287],[106.133797,31.494286],[106.133798,31.494376],[106.134008,31.494375],[106.134009,31.494465],[106.134115,31.494464],[106.134116,31.494554],[106.134221,31.494553],[106.134222,31.494643],[106.134327,31.494642],[106.134329,31.494733],[106.134644,31.49473],[106.134645,31.49482],[106.135067,31.494816],[106.135065,31.494726],[106.13496,31.494727],[106.134959,31.494637],[106.134854,31.494638],[106.134852,31.494457],[106.134746,31.494458],[106.134745,31.494368],[106.13464,31.494369],[106.134639,31.494279],[106.134534,31.49428],[106.134533,31.49419],[106.134427,31.49419],[106.134424,31.49392],[106.13474,31.493917],[106.134739,31.493827],[106.134633,31.493828],[106.134631,31.493647],[106.134526,31.493648],[106.134525,31.493558],[106.13442,31.493559],[106.134419,31.493469],[106.134313,31.49347],[106.134312,31.49338],[106.133996,31.493382],[106.133995,31.493292],[106.13389,31.493293],[106.133889,31.493203],[106.133678,31.493205],[106.133677,31.493114],[106.133361,31.493117],[106.13336,31.493027],[106.132623,31.493034],[106.132619,31.492673],[106.132724,31.492672],[106.132723,31.492582],[106.132618,31.492583],[106.132614,31.492222],[106.132719,31.492221],[106.132716,31.49195],[106.13261,31.491951],[106.132608,31.491771]]]}},{"type":"Feature","id":"citrus-parcels-304","properties":{"sourceId":"citrus-parcels","CLASS_ID":"1","CLASS_NAME":"掩膜提取2_tif [Classvalue=1]","AREA":1,"name":"掩膜提取2_tif [Classvalue=1]","orchardType":"掩膜提取2_tif [Classvalue=1]","areaMu":0},"geometry":{"type":"Polygon","coordinates":[[[106.101867,31.491949],[106.101762,31.49195],[106.101763,31.49204],[106.101868,31.492039],[106.101867,31.491949]]]}},{"type":"Feature","id":"citrus-parcels-305","properties":{"sourceId":"citrus-parcels","CLASS_ID":"1","CLASS_NAME":"掩膜提取2_tif [Classvalue=1]","AREA":1,"name":"掩膜提取2_tif [Classvalue=1]","orchardType":"掩膜提取2_tif [Classvalue=1]","areaMu":0},"geometry":{"type":"Polygon","coordinates":[[[106.149027,31.491354],[106.148922,31.491355],[106.148923,31.491445],[106.149029,31.491444],[106.149027,31.491354]]]}},{"type":"Feature","id":"citrus-parcels-306","properties":{"sourceId":"citrus-parcels","CLASS_ID":"1","CLASS_NAME":"掩膜提取2_tif [Classvalue=1]","AREA":1,"name":"掩膜提取2_tif [Classvalue=1]","orchardType":"掩膜提取2_tif [Classvalue=1]","areaMu":0},"geometry":{"type":"Polygon","coordinates":[[[106.102073,31.491496],[106.101967,31.491497],[106.101968,31.491587],[106.102074,31.491586],[106.102073,31.491496]]]}},{"type":"Feature","id":"citrus-parcels-307","properties":{"sourceId":"citrus-parcels","CLASS_ID":"1","CLASS_NAME":"掩膜提取2_tif [Classvalue=1]","AREA":2,"name":"掩膜提取2_tif [Classvalue=1]","orchardType":"掩膜提取2_tif [Classvalue=1]","areaMu":0},"geometry":{"type":"Polygon","coordinates":[[[106.149235,31.491081],[106.149129,31.491082],[106.149132,31.491263],[106.149237,31.491262],[106.149235,31.491081]]]}},{"type":"Feature","id":"citrus-parcels-308","properties":{"sourceId":"citrus-parcels","CLASS_ID":"1","CLASS_NAME":"掩膜提取2_tif [Classvalue=1]","AREA":1980,"name":"掩膜提取2_tif [Classvalue=1]","orchardType":"掩膜提取2_tif [Classvalue=1]","areaMu":2.97},"geometry":{"type":"MultiPolygon","coordinates":[[[[106.149758,31.490806],[106.149547,31.490808],[106.149548,31.490898],[106.149443,31.490899],[106.149445,31.491079],[106.14934,31.49108],[106.149342,31.491261],[106.149447,31.49126],[106.14945,31.49144],[106.149344,31.491441],[106.149342,31.491261],[106.149237,31.491262],[106.149238,31.491352],[106.149133,31.491353],[106.149134,31.491443],[106.149029,31.491444],[106.149034,31.491895],[106.149139,31.491894],[106.14914,31.491984],[106.149246,31.491983],[106.14925,31.492344],[106.149355,31.492343],[106.149354,31.492253],[106.14946,31.492252],[106.149461,31.492342],[106.149355,31.492343],[106.149359,31.492614],[106.149464,31.492613],[106.149465,31.492703],[106.14957,31.492702],[106.149571,31.492792],[106.149466,31.492793],[106.149472,31.493244],[106.149261,31.493246],[106.14926,31.493156],[106.149155,31.493157],[106.149154,31.493067],[106.149259,31.493066],[106.149258,31.492976],[106.148837,31.492979],[106.148838,31.493069],[106.148733,31.49307],[106.148734,31.493161],[106.148628,31.493162],[106.148627,31.493071],[106.148522,31.493072],[106.148523,31.493163],[106.148313,31.493164],[106.148314,31.493255],[106.147893,31.493258],[106.147891,31.493168],[106.147576,31.493171],[106.147575,31.493081],[106.147364,31.493083],[106.147365,31.493173],[106.14726,31.493174],[106.147259,31.493084],[106.146943,31.493086],[106.146942,31.492996],[106.146837,31.492997],[106.146838,31.493087],[106.146732,31.493088],[106.146733,31.493179],[106.146628,31.49318],[106.14663,31.49336],[106.146525,31.493361],[106.146526,31.493451],[106.146,31.493456],[106.146001,31.493546],[106.14579,31.493548],[106.145789,31.493458],[106.145684,31.493459],[106.145683,31.493368],[106.145472,31.49337],[106.145471,31.49328],[106.145261,31.493282],[106.14526,31.493192],[106.144944,31.493195],[106.144943,31.493104],[106.144627,31.493107],[106.144628,31.493197],[106.144733,31.493196],[106.144734,31.493287],[106.14484,31.493286],[106.144841,31.493376],[106.14463,31.493378],[106.144629,31.493288],[106.144524,31.493289],[106.144523,31.493198],[106.144417,31.493199],[106.144419,31.49329],[106.144313,31.49329],[106.144308,31.492839],[106.143992,31.492842],[106.143995,31.493113],[106.143469,31.493118],[106.143465,31.492757],[106.143359,31.492758],[106.14336,31.492848],[106.143255,31.492849],[106.143256,31.492939],[106.143151,31.49294],[106.143152,31.49303],[106.143047,31.493031],[106.143048,31.493121],[106.143258,31.493119],[106.143259,31.49321],[106.142944,31.493212],[106.142943,31.493122],[106.142732,31.493124],[106.142731,31.493034],[106.14252,31.493036],[106.142521,31.493126],[106.142311,31.493128],[106.142312,31.493218],[106.142417,31.493217],[106.142418,31.493307],[106.142524,31.493306],[106.142526,31.493487],[106.142421,31.493488],[106.142419,31.493398],[106.142314,31.493399],[106.142315,31.493489],[106.142105,31.493491],[106.142106,31.493581],[106.141579,31.493586],[106.141578,31.493495],[106.141473,31.493496],[106.141472,31.493406],[106.141367,31.493407],[106.141369,31.493587],[106.141158,31.493589],[106.141159,31.493679],[106.141265,31.493679],[106.141266,31.493769],[106.141161,31.49377],[106.141162,31.49386],[106.140951,31.493862],[106.14095,31.493772],[106.140845,31.493773],[106.140846,31.493863],[106.140214,31.493868],[106.140215,31.493959],[106.140426,31.493957],[106.140427,31.494047],[106.140216,31.494049],[106.140215,31.493959],[106.14011,31.49396],[106.140111,31.49405],[106.139901,31.494052],[106.139899,31.493961],[106.139689,31.493963],[106.139688,31.493873],[106.139372,31.493876],[106.139371,31.493786],[106.13916,31.493788],[106.139161,31.493878],[106.139056,31.493879],[106.139057,31.493969],[106.138952,31.49397],[106.138954,31.49415],[106.139059,31.494149],[106.139061,31.494239],[106.139376,31.494237],[106.139377,31.494327],[106.139167,31.494329],[106.139168,31.494419],[106.138852,31.494422],[106.138853,31.494512],[106.138643,31.494514],[106.13864,31.494333],[106.138535,31.494334],[106.138533,31.494154],[106.138428,31.494155],[106.138429,31.494245],[106.138324,31.494246],[106.138325,31.494336],[106.138219,31.494337],[106.13822,31.494427],[106.138115,31.494428],[106.138116,31.494519],[106.1378,31.494521],[106.137802,31.494612],[106.137907,31.494611],[106.137908,31.494701],[106.137803,31.494702],[106.137802,31.494612],[106.137591,31.494613],[106.137592,31.494704],[106.137487,31.494705],[106.137488,31.494795],[106.137172,31.494798],[106.137173,31.494888],[106.137068,31.494889],[106.13707,31.495069],[106.136965,31.49507],[106.13697,31.495521],[106.137602,31.495516],[106.137603,31.495606],[106.137708,31.495605],[106.137709,31.495695],[106.137815,31.495694],[106.137819,31.496055],[106.137714,31.496056],[106.137718,31.496417],[106.137613,31.496418],[106.137614,31.496508],[106.137825,31.496506],[106.137827,31.496686],[106.137616,31.496688],[106.137618,31.496869],[106.137513,31.49687],[106.137517,31.49723],[106.137412,31.497231],[106.137415,31.497502],[106.137521,31.497501],[106.137519,31.497321],[106.137624,31.49732],[106.137622,31.497139],[106.137727,31.497138],[106.137724,31.496868],[106.137829,31.496867],[106.137828,31.496777],[106.137933,31.496776],[106.137932,31.496685],[106.138143,31.496684],[106.138145,31.496864],[106.13825,31.496863],[106.138246,31.496502],[106.138351,31.496501],[106.13835,31.496411],[106.13856,31.496409],[106.138565,31.49677],[106.138459,31.496771],[106.138461,31.496861],[106.138566,31.49686],[106.138567,31.49695],[106.138672,31.496949],[106.138673,31.49704],[106.138779,31.497039],[106.138781,31.497219],[106.138886,31.497218],[106.138889,31.497489],[106.1391,31.497487],[106.139104,31.497848],[106.13921,31.497847],[106.139206,31.497576],[106.139312,31.497575],[106.139313,31.497666],[106.139628,31.497663],[106.139626,31.497482],[106.139942,31.497479],[106.139943,31.49757],[106.140048,31.497569],[106.140047,31.497479],[106.140153,31.497478],[106.140154,31.497568],[106.140048,31.497569],[106.14005,31.497659],[106.139944,31.49766],[106.139945,31.49775],[106.140261,31.497747],[106.140262,31.497837],[106.140157,31.497838],[106.140159,31.498019],[106.14037,31.498017],[106.140371,31.498107],[106.140581,31.498105],[106.140584,31.498286],[106.140794,31.498284],[106.140795,31.498374],[106.140901,31.498373],[106.140898,31.498193],[106.140793,31.498194],[106.14079,31.497923],[106.140895,31.497922],[106.140894,31.497832],[106.140999,31.497831],[106.140997,31.49765],[106.141102,31.49765],[106.141106,31.49792],[106.141211,31.497919],[106.14121,31.497829],[106.141315,31.497828],[106.141313,31.497648],[106.141208,31.497649],[106.141205,31.497468],[106.140995,31.49747],[106.140993,31.49729],[106.141098,31.497289],[106.141097,31.497199],[106.140465,31.497204],[106.140466,31.497294],[106.140361,31.497295],[106.14036,31.497205],[106.139834,31.49721],[106.139832,31.49712],[106.139727,31.497121],[106.139728,31.497211],[106.139623,31.497212],[106.139622,31.497121],[106.139517,31.497122],[106.139516,31.497032],[106.1392,31.497035],[106.139199,31.496945],[106.139093,31.496946],[106.139091,31.496765],[106.138986,31.496766],[106.138984,31.496586],[106.138878,31.496587],[106.138871,31.495955],[106.138765,31.495956],[106.138759,31.495415],[106.138864,31.495414],[106.138861,31.495143],[106.138966,31.495143],[106.138967,31.495233],[106.139073,31.495232],[106.139069,31.494961],[106.139175,31.49496],[106.139176,31.49505],[106.139281,31.495049],[106.13928,31.494959],[106.139385,31.494958],[106.139384,31.494868],[106.139279,31.494869],[106.139278,31.494779],[106.139383,31.494778],[106.139382,31.494688],[106.139487,31.494687],[106.139488,31.494777],[106.139909,31.494773],[106.13991,31.494863],[106.140016,31.494863],[106.140015,31.494772],[106.14012,31.494771],[106.140118,31.494591],[106.140223,31.49459],[106.140221,31.49441],[106.140537,31.494407],[106.140538,31.494497],[106.140643,31.494496],[106.140641,31.494316],[106.140746,31.494315],[106.140748,31.494495],[106.140959,31.494493],[106.140958,31.494403],[106.140852,31.494404],[106.140851,31.494314],[106.140957,31.494313],[106.140958,31.494403],[106.141063,31.494402],[106.141062,31.494312],[106.141167,31.494311],[106.141168,31.494401],[106.141379,31.494399],[106.141378,31.494309],[106.141272,31.49431],[106.141269,31.494039],[106.141164,31.49404],[106.141163,31.49395],[106.141268,31.493949],[106.141267,31.493859],[106.141583,31.493856],[106.141585,31.494037],[106.14169,31.494036],[106.141687,31.493765],[106.142213,31.49376],[106.142212,31.49367],[106.142317,31.493669],[106.142316,31.493579],[106.142737,31.493575],[106.142736,31.493485],[106.143052,31.493482],[106.143051,31.493392],[106.143262,31.49339],[106.143261,31.4933],[106.143682,31.493296],[106.143683,31.493386],[106.143788,31.493385],[106.143787,31.493295],[106.143892,31.493294],[106.143894,31.493475],[106.143789,31.493476],[106.143793,31.493836],[106.143688,31.493837],[106.143686,31.493657],[106.143581,31.493658],[106.143582,31.493748],[106.143477,31.493749],[106.143475,31.493659],[106.143265,31.493661],[106.143264,31.49357],[106.143159,31.493571],[106.14316,31.493662],[106.142844,31.493664],[106.142845,31.493755],[106.14274,31.493756],[106.142741,31.493846],[106.142635,31.493847],[106.142637,31.493937],[106.142531,31.493938],[106.142532,31.494028],[106.142743,31.494026],[106.142742,31.493936],[106.143058,31.493933],[106.143057,31.493843],[106.143583,31.493838],[106.143584,31.493929],[106.143689,31.493928],[106.14369,31.494018],[106.143901,31.494016],[106.143895,31.493565],[106.144211,31.493562],[106.14421,31.493472],[106.144421,31.49347],[106.144422,31.49356],[106.144211,31.493562],[106.144212,31.493652],[106.144423,31.49365],[106.144424,31.493741],[106.144529,31.49374],[106.14453,31.49383],[106.144741,31.493828],[106.144742,31.493918],[106.144847,31.493917],[106.144848,31.494007],[106.145164,31.494005],[106.145165,31.494095],[106.145271,31.494094],[106.145272,31.494184],[106.145166,31.494185],[106.145168,31.494275],[106.145378,31.494273],[106.145379,31.494364],[106.145274,31.494364],[106.145275,31.494455],[106.14538,31.494454],[106.145383,31.494634],[106.145488,31.494633],[106.14549,31.494814],[106.145595,31.494813],[106.145597,31.494993],[106.145703,31.494992],[106.145705,31.495173],[106.14581,31.495172],[106.145815,31.495532],[106.14592,31.495532],[106.145921,31.495622],[106.145816,31.495623],[106.145818,31.495803],[106.146028,31.495801],[106.146027,31.495711],[106.146343,31.495708],[106.146342,31.495618],[106.146237,31.495619],[106.146235,31.495438],[106.14634,31.495438],[106.146342,31.495618],[106.146447,31.495617],[106.146445,31.495437],[106.146656,31.495435],[106.146657,31.495525],[106.146552,31.495526],[106.146553,31.495616],[106.147079,31.495611],[106.147078,31.495521],[106.147183,31.49552],[106.147181,31.49534],[106.147076,31.495341],[106.147075,31.495251],[106.146969,31.495251],[106.146972,31.495432],[106.146866,31.495433],[106.146865,31.495343],[106.14676,31.495344],[106.146759,31.495253],[106.146969,31.495251],[106.146968,31.495161],[106.146863,31.495162],[106.146861,31.494982],[106.146756,31.494983],[106.146753,31.494802],[106.146648,31.494803],[106.146647,31.494713],[106.146542,31.494714],[106.146541,31.494624],[106.146435,31.494625],[106.146433,31.494444],[106.146328,31.494445],[106.146327,31.494355],[106.146537,31.494353],[106.146536,31.494263],[106.146747,31.494261],[106.146746,31.494171],[106.147061,31.494168],[106.14706,31.494078],[106.147376,31.494075],[106.147377,31.494165],[106.147904,31.49416],[106.147905,31.494251],[106.148115,31.494249],[106.148116,31.494339],[106.148222,31.494338],[106.148223,31.494428],[106.148328,31.494427],[106.148326,31.494247],[106.148431,31.494246],[106.148433,31.494426],[106.148539,31.494425],[106.148541,31.494606],[106.148646,31.494605],[106.148647,31.494695],[106.148542,31.494696],[106.148544,31.494876],[106.148755,31.494875],[106.148754,31.494784],[106.148964,31.494782],[106.148959,31.494331],[106.148853,31.494332],[106.148847,31.493791],[106.148952,31.49379],[106.148951,31.4937],[106.148846,31.493701],[106.148844,31.493611],[106.14895,31.49361],[106.148951,31.4937],[106.149161,31.493698],[106.149163,31.493788],[106.149794,31.493783],[106.149792,31.493602],[106.149687,31.493603],[106.149686,31.493513],[106.150001,31.49351],[106.150002,31.4936],[106.150108,31.493599],[106.15011,31.49378],[106.150215,31.493779],[106.150216,31.493869],[106.150322,31.493868],[106.150321,31.493778],[106.150531,31.493776],[106.150529,31.493596],[106.150634,31.493595],[106.150633,31.493504],[106.150738,31.493504],[106.150736,31.493323],[106.150841,31.493322],[106.150842,31.493412],[106.150948,31.493411],[106.150951,31.493682],[106.151056,31.493681],[106.151057,31.493771],[106.151163,31.49377],[106.151164,31.493861],[106.151269,31.49386],[106.151268,31.493769],[106.1519,31.493764],[106.151899,31.493674],[106.152004,31.493673],[106.152007,31.493943],[106.152112,31.493942],[106.152111,31.493852],[106.152217,31.493851],[106.152218,31.493941],[106.152323,31.49394],[106.152321,31.49376],[106.152426,31.493759],[106.152427,31.493849],[106.152743,31.493846],[106.152745,31.494027],[106.152956,31.494025],[106.152953,31.493844],[106.152848,31.493845],[106.152839,31.493124],[106.152945,31.493123],[106.152942,31.492942],[106.152837,31.492943],[106.152836,31.492853],[106.152731,31.492854],[106.152732,31.492944],[106.152311,31.492948],[106.152309,31.492768],[106.152203,31.492769],[106.152199,31.492408],[106.152094,31.492409],[106.152091,31.492228],[106.152197,31.492227],[106.152193,31.491957],[106.151878,31.49196],[106.151879,31.49205],[106.151773,31.492051],[106.151774,31.492141],[106.151669,31.492142],[106.15167,31.492232],[106.151565,31.492233],[106.151566,31.492323],[106.151461,31.492324],[106.151462,31.492414],[106.151251,31.492416],[106.151253,31.492506],[106.151147,31.492507],[106.151148,31.492598],[106.151043,31.492599],[106.151045,31.492779],[106.15094,31.49278],[106.150941,31.49287],[106.151046,31.492869],[106.151047,31.492959],[106.150942,31.49296],[106.150943,31.493051],[106.151049,31.49305],[106.151051,31.49323],[106.15084,31.493232],[106.150834,31.492691],[106.150728,31.492692],[106.150731,31.492872],[106.150625,31.492873],[106.150623,31.492693],[106.150518,31.492694],[106.150519,31.492784],[106.150414,31.492785],[106.150411,31.492604],[106.150306,31.492605],[106.150305,31.492515],[106.1502,31.492516],[106.150199,31.492426],[106.150093,31.492427],[106.150092,31.492336],[106.149987,31.492337],[106.149982,31.491886],[106.149876,31.491887],[106.149869,31.491256],[106.149974,31.491255],[106.149969,31.490894],[106.149759,31.490896],[106.149758,31.490806]]],[[[106.140893,31.497742],[106.140788,31.497743],[106.140785,31.497562],[106.140891,31.497561],[106.140893,31.497742]]],[[[106.146655,31.495345],[106.146549,31.495345],[106.146547,31.495165],[106.146652,31.495164],[106.146655,31.495345]]],[[[106.146335,31.495077],[106.14623,31.495078],[106.146229,31.494987],[106.146334,31.494987],[106.146335,31.495077]]],[[[106.139802,31.494594],[106.139591,31.494596],[106.13959,31.494505],[106.139695,31.494504],[106.139693,31.494324],[106.139799,31.494323],[106.139801,31.494504],[106.139906,31.494503],[106.139908,31.494683],[106.139803,31.494684],[106.139802,31.494594]]],[[[106.140325,31.494318],[106.140114,31.49432],[106.140117,31.494501],[106.140011,31.494502],[106.140009,31.494321],[106.140114,31.49432],[106.140113,31.49423],[106.140324,31.494228],[106.140325,31.494318]]],[[[106.146118,31.494537],[106.146013,31.494538],[106.146011,31.494358],[106.146116,31.494357],[106.146118,31.494537]]],[[[106.146535,31.494173],[106.14643,31.494174],[106.146431,31.494264],[106.14622,31.494266],[106.146218,31.494085],[106.146429,31.494083],[106.146428,31.493993],[106.146533,31.493992],[106.146535,31.494173]]],[[[106.146743,31.49399],[106.146638,31.493991],[106.146637,31.493901],[106.146742,31.4939],[106.146743,31.49399]]],[[[106.147374,31.493895],[106.147269,31.493896],[106.147268,31.493805],[106.147373,31.493804],[106.147374,31.493895]]],[[[106.147583,31.493802],[106.147478,31.493803],[106.147477,31.493713],[106.147582,31.493712],[106.147583,31.493802]]],[[[106.147899,31.4938],[106.147794,31.493801],[106.147792,31.49362],[106.147897,31.493619],[106.147899,31.4938]]],[[[106.148426,31.493795],[106.14811,31.493798],[106.148106,31.493527],[106.148317,31.493525],[106.148318,31.493615],[106.148423,31.493615],[106.148426,31.493795]]],[[[106.149159,31.493518],[106.148633,31.493522],[106.148632,31.493432],[106.149053,31.493428],[106.149052,31.493338],[106.149157,31.493337],[106.149159,31.493518]]],[[[106.149895,31.493421],[106.149684,31.493423],[106.149683,31.493333],[106.149894,31.493331],[106.149895,31.493421]]],[[[106.150316,31.493417],[106.15,31.49342],[106.149999,31.49333],[106.150315,31.493327],[106.150316,31.493417]]],[[[106.146114,31.494177],[106.146009,31.494177],[106.146008,31.494087],[106.146113,31.494086],[106.146114,31.494177]]],[[[106.148325,31.494157],[106.148219,31.494158],[106.148218,31.494067],[106.148324,31.494067],[106.148325,31.494157]]],[[[106.147162,31.493806],[106.147057,31.493807],[106.147056,31.493717],[106.147161,31.493716],[106.147162,31.493806]]],[[[106.144633,31.493648],[106.144528,31.493649],[106.144527,31.493559],[106.144632,31.493558],[106.144633,31.493648]]],[[[106.152108,31.493581],[106.152003,31.493582],[106.152002,31.493492],[106.152107,31.493491],[106.152108,31.493581]]],[[[106.146948,31.493538],[106.146738,31.493539],[106.146737,31.493449],[106.146947,31.493447],[106.146948,31.493538]]],[[[106.14758,31.493532],[106.14737,31.493534],[106.147366,31.493263],[106.147472,31.493262],[106.147474,31.493443],[106.147579,31.493442],[106.14758,31.493532]]],[[[106.148526,31.493433],[106.148421,31.493434],[106.14842,31.493344],[106.148525,31.493343],[106.148526,31.493433]]],[[[106.142734,31.493305],[106.142629,31.493306],[106.142628,31.493215],[106.142733,31.493214],[106.142734,31.493305]]],[[[106.144207,31.493201],[106.144102,31.493202],[106.144101,31.493112],[106.144206,31.493111],[106.144207,31.493201]]],[[[106.149786,31.493151],[106.149681,31.493152],[106.14968,31.493062],[106.149785,31.493061],[106.149786,31.493151]]],[[[106.149672,31.49243],[106.149567,31.492431],[106.149564,31.492161],[106.149669,31.49216],[106.149672,31.49243]]],[[[106.151987,31.492319],[106.151882,31.49232],[106.151881,31.49223],[106.151986,31.492229],[106.151987,31.492319]]],[[[106.149668,31.49207],[106.149457,31.492072],[106.149458,31.492162],[106.149353,31.492163],[106.149351,31.491982],[106.149667,31.491979],[106.149668,31.49207]]],[[[106.149347,31.491621],[106.149241,31.491622],[106.14924,31.491532],[106.149345,31.491531],[106.149347,31.491621]]]]}},{"type":"Feature","id":"citrus-parcels-309","properties":{"sourceId":"citrus-parcels","CLASS_ID":"1","CLASS_NAME":"掩膜提取2_tif [Classvalue=1]","AREA":1,"name":"掩膜提取2_tif [Classvalue=1]","orchardType":"掩膜提取2_tif [Classvalue=1]","areaMu":0},"geometry":{"type":"Polygon","coordinates":[[[106.149441,31.490718],[106.149336,31.490719],[106.149337,31.49081],[106.149442,31.490809],[106.149441,31.490718]]]}},{"type":"Feature","id":"citrus-parcels-310","properties":{"sourceId":"citrus-parcels","CLASS_ID":"1","CLASS_NAME":"掩膜提取2_tif [Classvalue=1]","AREA":3,"name":"掩膜提取2_tif [Classvalue=1]","orchardType":"掩膜提取2_tif [Classvalue=1]","areaMu":0},"geometry":{"type":"Polygon","coordinates":[[[106.150072,31.490713],[106.149862,31.490715],[106.149863,31.490805],[106.149968,31.490804],[106.149969,31.490894],[106.150075,31.490893],[106.150072,31.490713]]]}},{"type":"Feature","id":"citrus-parcels-311","properties":{"sourceId":"citrus-parcels","CLASS_ID":"1","CLASS_NAME":"掩膜提取2_tif [Classvalue=1]","AREA":3322,"name":"掩膜提取2_tif [Classvalue=1]","orchardType":"掩膜提取2_tif [Classvalue=1]","areaMu":4.98},"geometry":{"type":"MultiPolygon","coordinates":[[[[106.102464,31.488966],[106.102359,31.488967],[106.10236,31.489058],[106.102149,31.489059],[106.102151,31.48924],[106.102046,31.489241],[106.102048,31.489421],[106.101943,31.489422],[106.101944,31.489512],[106.101839,31.489513],[106.10184,31.489603],[106.101735,31.489604],[106.101736,31.489695],[106.10163,31.489695],[106.101631,31.489786],[106.101526,31.489787],[106.101527,31.489877],[106.101422,31.489878],[106.101426,31.490238],[106.101531,31.490238],[106.101539,31.490869],[106.101434,31.49087],[106.101437,31.491141],[106.101331,31.491141],[106.101334,31.491322],[106.101228,31.491323],[106.101229,31.491413],[106.101124,31.491414],[106.101123,31.491324],[106.100807,31.491326],[106.100818,31.492229],[106.100712,31.492229],[106.100718,31.49268],[106.100507,31.492682],[106.100508,31.492772],[106.100298,31.492774],[106.100299,31.492864],[106.100193,31.492865],[106.100195,31.492956],[106.100089,31.492957],[106.100091,31.493137],[106.099986,31.493138],[106.099988,31.493318],[106.099883,31.493319],[106.099885,31.4935],[106.09978,31.4935],[106.099782,31.493681],[106.099677,31.493682],[106.099679,31.493862],[106.099573,31.493863],[106.099576,31.494044],[106.099681,31.494043],[106.099682,31.494133],[106.099787,31.494132],[106.099788,31.494222],[106.099999,31.49422],[106.100002,31.494491],[106.099897,31.494492],[106.099895,31.494311],[106.099473,31.494315],[106.099472,31.494225],[106.099367,31.494226],[106.099368,31.494316],[106.099158,31.494318],[106.099161,31.494588],[106.099056,31.494589],[106.099057,31.49468],[106.098741,31.494682],[106.09874,31.494592],[106.098529,31.494594],[106.09853,31.494684],[106.098214,31.494687],[106.098215,31.494777],[106.098005,31.494779],[106.098006,31.494869],[106.097795,31.494871],[106.097796,31.494961],[106.097691,31.494962],[106.097688,31.494691],[106.097583,31.494692],[106.097578,31.494331],[106.097684,31.49433],[106.097683,31.49424],[106.097893,31.494238],[106.097892,31.494148],[106.097997,31.494147],[106.097995,31.493967],[106.098101,31.493966],[106.098102,31.494056],[106.098207,31.494055],[106.098206,31.493965],[106.098311,31.493964],[106.098308,31.493694],[106.098413,31.493693],[106.098414,31.493783],[106.098625,31.493781],[106.098624,31.493691],[106.098729,31.49369],[106.098726,31.493419],[106.098831,31.493418],[106.098829,31.493238],[106.098724,31.493239],[106.098725,31.493329],[106.09862,31.49333],[106.098619,31.49324],[106.098724,31.493239],[106.098719,31.492788],[106.098824,31.492787],[106.098822,31.492607],[106.098716,31.492607],[106.098715,31.492517],[106.098505,31.492519],[106.098504,31.492429],[106.098609,31.492428],[106.098607,31.492247],[106.098502,31.492248],[106.0985,31.492068],[106.098079,31.492072],[106.09808,31.492162],[106.098185,31.492161],[106.098187,31.492341],[106.098082,31.492342],[106.098081,31.492252],[106.097765,31.492255],[106.097764,31.492165],[106.097448,31.492167],[106.097449,31.492257],[106.097133,31.49226],[106.097136,31.492531],[106.097242,31.49253],[106.097246,31.492891],[106.097351,31.49289],[106.097354,31.49316],[106.097249,31.493161],[106.09725,31.493252],[106.097355,31.493251],[106.097356,31.493341],[106.097251,31.493342],[106.097252,31.493432],[106.097463,31.49343],[106.097465,31.493611],[106.097044,31.493614],[106.097045,31.493704],[106.096729,31.493707],[106.09673,31.493797],[106.096625,31.493798],[106.096626,31.493888],[106.096415,31.49389],[106.096416,31.49398],[106.096311,31.493981],[106.096312,31.494072],[106.096207,31.494072],[106.096208,31.494163],[106.096102,31.494164],[106.096104,31.494254],[106.095998,31.494255],[106.096,31.494435],[106.096106,31.494434],[106.096107,31.494524],[106.096212,31.494523],[106.096213,31.494614],[106.096318,31.494613],[106.096321,31.494883],[106.096216,31.494884],[106.096217,31.494975],[106.096112,31.494975],[106.096113,31.495066],[106.096008,31.495067],[106.096009,31.495157],[106.095904,31.495158],[106.095906,31.495338],[106.0958,31.495339],[106.095801,31.495429],[106.095696,31.49543],[106.095697,31.49552],[106.095592,31.495521],[106.095591,31.495431],[106.095486,31.495432],[106.095484,31.495342],[106.095274,31.495343],[106.095273,31.495253],[106.095168,31.495254],[106.095167,31.495164],[106.095061,31.495165],[106.09506,31.495075],[106.09485,31.495076],[106.094849,31.494986],[106.094743,31.494987],[106.094744,31.495077],[106.094639,31.495078],[106.09464,31.495168],[106.094535,31.495169],[106.094536,31.49526],[106.094431,31.49526],[106.094432,31.495351],[106.094326,31.495352],[106.094327,31.495442],[106.094222,31.495443],[106.094224,31.495623],[106.093908,31.495626],[106.09391,31.495716],[106.094015,31.495715],[106.094017,31.495896],[106.093912,31.495896],[106.093913,31.495987],[106.093807,31.495988],[106.093808,31.496078],[106.094019,31.496076],[106.094022,31.496347],[106.094127,31.496346],[106.09413,31.496526],[106.094024,31.496527],[106.094025,31.496617],[106.093815,31.496619],[106.093816,31.496709],[106.093921,31.496708],[106.093925,31.497069],[106.094031,31.497068],[106.094036,31.497519],[106.094141,31.497518],[106.094147,31.49806],[106.094042,31.498061],[106.094041,31.49797],[106.093936,31.497971],[106.093938,31.498152],[106.093833,31.498153],[106.093834,31.498243],[106.093728,31.498244],[106.093729,31.498334],[106.093624,31.498335],[106.093628,31.498696],[106.093523,31.498696],[106.093524,31.498787],[106.093419,31.498788],[106.093421,31.498968],[106.093316,31.498969],[106.093317,31.499059],[106.093211,31.49906],[106.093214,31.49924],[106.092898,31.499243],[106.092899,31.499333],[106.092583,31.499336],[106.092581,31.499156],[106.09216,31.499159],[106.092159,31.499069],[106.091948,31.499071],[106.091949,31.499161],[106.092054,31.49916],[106.092055,31.49925],[106.09195,31.499251],[106.091955,31.499702],[106.09185,31.499703],[106.091856,31.500244],[106.091962,31.500244],[106.091963,31.500334],[106.092594,31.500328],[106.092593,31.500238],[106.093225,31.500233],[106.093224,31.500143],[106.093329,31.500142],[106.093327,31.499961],[106.093432,31.49996],[106.093431,31.49987],[106.093747,31.499867],[106.093748,31.499958],[106.094169,31.499954],[106.094168,31.499864],[106.094274,31.499863],[106.094275,31.499953],[106.09438,31.499952],[106.094382,31.500133],[106.094487,31.500132],[106.09449,31.500312],[106.094595,31.500311],[106.094597,31.500492],[106.094702,31.500491],[106.094704,31.500671],[106.09481,31.50067],[106.094809,31.50058],[106.095124,31.500577],[106.095123,31.500487],[106.095334,31.500485],[106.095333,31.500395],[106.095649,31.500392],[106.095648,31.500302],[106.095858,31.5003],[106.095857,31.50021],[106.096068,31.500208],[106.096066,31.500028],[106.096171,31.500027],[106.096172,31.500117],[106.096277,31.500116],[106.096275,31.499936],[106.09638,31.499935],[106.096378,31.499755],[106.096484,31.499754],[106.096483,31.499664],[106.096377,31.499664],[106.096375,31.499484],[106.09627,31.499485],[106.096269,31.499395],[106.096164,31.499396],[106.096162,31.499305],[106.096057,31.499306],[106.096055,31.499126],[106.09595,31.499127],[106.095946,31.498766],[106.09584,31.498767],[106.095841,31.498857],[106.095736,31.498858],[106.095735,31.498768],[106.09584,31.498767],[106.095837,31.498496],[106.096469,31.498491],[106.09647,31.498581],[106.096996,31.498577],[106.096995,31.498486],[106.09689,31.498487],[106.096889,31.498397],[106.096994,31.498396],[106.096993,31.498306],[106.097204,31.498304],[106.097202,31.498124],[106.097307,31.498123],[106.097306,31.498033],[106.097095,31.498034],[106.097094,31.497944],[106.096989,31.497945],[106.096985,31.497584],[106.097195,31.497582],[106.097197,31.497763],[106.097303,31.497762],[106.097304,31.497852],[106.097198,31.497853],[106.097199,31.497943],[106.097305,31.497942],[106.097306,31.498033],[106.097622,31.49803],[106.097619,31.497759],[106.097513,31.49776],[106.097511,31.49758],[106.097406,31.497581],[106.097404,31.4974],[106.097298,31.497401],[106.097297,31.497311],[106.097192,31.497312],[106.097191,31.497222],[106.097296,31.497221],[106.097295,31.497131],[106.097401,31.49713],[106.0974,31.497039],[106.097294,31.49704],[106.097293,31.49695],[106.097188,31.496951],[106.097187,31.496861],[106.097292,31.49686],[106.097291,31.49677],[106.097396,31.496769],[106.097397,31.496859],[106.097608,31.496857],[106.09761,31.497038],[106.097715,31.497037],[106.097711,31.496676],[106.097816,31.496675],[106.097815,31.496585],[106.09771,31.496586],[106.097709,31.496495],[106.097604,31.496496],[106.097602,31.496316],[106.097496,31.496317],[106.097495,31.496227],[106.09739,31.496228],[106.097389,31.496137],[106.097494,31.496136],[106.097493,31.496046],[106.097704,31.496044],[106.097706,31.496225],[106.097811,31.496224],[106.097812,31.496314],[106.097917,31.496313],[106.097921,31.496584],[106.098026,31.496583],[106.098025,31.496493],[106.09813,31.496492],[106.098131,31.496582],[106.098026,31.496583],[106.098028,31.496763],[106.098133,31.496762],[106.098134,31.496853],[106.098555,31.496849],[106.098554,31.496759],[106.099186,31.496753],[106.099184,31.496573],[106.099079,31.496574],[106.09908,31.496664],[106.098975,31.496665],[106.098973,31.496575],[106.098868,31.496576],[106.098867,31.496485],[106.098762,31.496486],[106.098761,31.496396],[106.098971,31.496394],[106.098968,31.496124],[106.098863,31.496125],[106.098862,31.496034],[106.099072,31.496033],[106.099078,31.496484],[106.099183,31.496483],[106.099184,31.496573],[106.099289,31.496572],[106.099285,31.496211],[106.099496,31.496209],[106.099495,31.496119],[106.0996,31.496118],[106.099598,31.495938],[106.099808,31.495936],[106.099807,31.495846],[106.099913,31.495845],[106.099911,31.495755],[106.100122,31.495753],[106.100121,31.495663],[106.100226,31.495662],[106.100225,31.495572],[106.10033,31.495571],[106.100332,31.495661],[106.100542,31.495659],[106.100543,31.495749],[106.100648,31.495748],[106.100642,31.495207],[106.100958,31.495204],[106.100956,31.495024],[106.101061,31.495023],[106.101058,31.494753],[106.100953,31.494753],[106.100951,31.494573],[106.10074,31.494575],[106.100738,31.494394],[106.100843,31.494394],[106.100841,31.494213],[106.100946,31.494212],[106.100943,31.493942],[106.100838,31.493942],[106.100837,31.493852],[106.100942,31.493851],[106.100941,31.493761],[106.101046,31.49376],[106.101045,31.49367],[106.10115,31.493669],[106.101148,31.493489],[106.100938,31.493491],[106.100937,31.4934],[106.101147,31.493398],[106.101146,31.493308],[106.101252,31.493307],[106.101249,31.493127],[106.101355,31.493126],[106.101354,31.493036],[106.101459,31.493035],[106.101457,31.492855],[106.101562,31.492854],[106.10156,31.492673],[106.101455,31.492674],[106.101454,31.492584],[106.101559,31.492583],[106.101554,31.492132],[106.101659,31.492131],[106.10166,31.492221],[106.101765,31.49222],[106.101763,31.49204],[106.101658,31.492041],[106.101656,31.49186],[106.101761,31.49186],[106.101759,31.491679],[106.101864,31.491678],[106.101862,31.491498],[106.101967,31.491497],[106.101966,31.491407],[106.102177,31.491405],[106.102175,31.491224],[106.102069,31.491225],[106.102068,31.491135],[106.102174,31.491134],[106.102166,31.490503],[106.102271,31.490502],[106.10227,31.490412],[106.102165,31.490413],[106.102164,31.490322],[106.102375,31.490321],[106.102365,31.489509],[106.10247,31.489508],[106.102464,31.488966]]],[[[106.096274,31.499846],[106.096064,31.499848],[106.096061,31.499667],[106.096167,31.499666],[106.096168,31.499756],[106.096273,31.499756],[106.096274,31.499846]]],[[[106.094273,31.499773],[106.094167,31.499774],[106.094166,31.499683],[106.094272,31.499682],[106.094273,31.499773]]],[[[106.095851,31.499669],[106.095746,31.49967],[106.095745,31.49958],[106.09585,31.499579],[106.095851,31.499669]]],[[[106.094058,31.499414],[106.093847,31.499415],[106.093846,31.499325],[106.094057,31.499323],[106.094058,31.499414]]],[[[106.095321,31.499403],[106.095216,31.499404],[106.095215,31.499314],[106.09532,31.499313],[106.095321,31.499403]]],[[[106.096784,31.498398],[106.096678,31.498399],[106.096677,31.498309],[106.096783,31.498308],[106.096784,31.498398]]],[[[106.096885,31.498036],[106.096779,31.498037],[106.096778,31.497947],[106.096884,31.497946],[106.096885,31.498036],[106.09699,31.498035],[106.096992,31.498216],[106.096887,31.498217],[106.096885,31.498036]]],[[[106.096773,31.497496],[106.096668,31.497497],[106.096663,31.497046],[106.096768,31.497045],[106.096773,31.497496]]],[[[106.09719,31.497131],[106.097085,31.497132],[106.097087,31.497313],[106.096982,31.497314],[106.096976,31.496863],[106.097082,31.496862],[106.097084,31.497042],[106.097189,31.497041],[106.09719,31.497131]]],[[[106.096557,31.497047],[106.096452,31.497048],[106.096451,31.496957],[106.096556,31.496956],[106.096557,31.497047]]],[[[106.094343,31.496795],[106.094238,31.496796],[106.094237,31.496706],[106.094342,31.496705],[106.094343,31.496795]]],[[[106.097078,31.496591],[106.096973,31.496592],[106.096972,31.496502],[106.097077,31.496501],[106.097078,31.496591],[106.097184,31.49659],[106.097185,31.49668],[106.097079,31.496681],[106.097078,31.496591]]],[[[106.0975,31.496587],[106.097394,31.496588],[106.097393,31.496498],[106.097498,31.496497],[106.0975,31.496587],[106.097605,31.496587],[106.097606,31.496677],[106.097501,31.496678],[106.0975,31.496587]]],[[[106.095075,31.496338],[106.09497,31.496338],[106.094969,31.496248],[106.095074,31.496247],[106.095075,31.496338]]],[[[106.098547,31.496127],[106.098442,31.496128],[106.098441,31.496038],[106.098546,31.496037],[106.098547,31.496127]]],[[[106.09423,31.496074],[106.094124,31.496075],[106.094123,31.495985],[106.094229,31.495984],[106.09423,31.496074]]],[[[106.098335,31.496039],[106.09823,31.49604],[106.098229,31.49595],[106.098334,31.495949],[106.098335,31.496039]]],[[[106.096858,31.495781],[106.096964,31.49578],[106.096962,31.4956],[106.097277,31.495597],[106.097278,31.495687],[106.097068,31.495689],[106.097069,31.495779],[106.096964,31.49578],[106.096967,31.496051],[106.097072,31.49605],[106.097073,31.49614],[106.096968,31.496141],[106.096967,31.496051],[106.096862,31.496052],[106.09686,31.495961],[106.096755,31.495962],[106.096754,31.495872],[106.096649,31.495873],[106.096648,31.495783],[106.096753,31.495782],[106.096752,31.495692],[106.096857,31.495691],[106.096858,31.495781]]],[[[106.097176,31.495959],[106.097071,31.49596],[106.09707,31.495869],[106.097175,31.495868],[106.097176,31.495959]]],[[[106.097596,31.495865],[106.097386,31.495867],[106.097385,31.495776],[106.097595,31.495775],[106.097596,31.495865]]],[[[106.09886,31.495854],[106.098754,31.495855],[106.098753,31.495765],[106.098859,31.495764],[106.09886,31.495854]]],[[[106.099702,31.495847],[106.099597,31.495848],[106.099596,31.495757],[106.099701,31.495757],[106.099702,31.495847]]],[[[106.098012,31.49541],[106.097907,31.495411],[106.097909,31.495592],[106.097804,31.495592],[106.097799,31.495141],[106.097904,31.495141],[106.097906,31.495321],[106.098011,31.49532],[106.098012,31.49541],[106.098118,31.495409],[106.098115,31.495229],[106.098221,31.495228],[106.098224,31.495499],[106.098329,31.495498],[106.09833,31.495588],[106.098225,31.495589],[106.098226,31.495679],[106.098015,31.495681],[106.098014,31.495591],[106.098225,31.495589],[106.098224,31.495499],[106.098013,31.4955],[106.098012,31.49541]]],[[[106.09854,31.495496],[106.098434,31.495497],[106.098433,31.495407],[106.098539,31.495406],[106.09854,31.495496]]],[[[106.100119,31.495482],[106.100014,31.495483],[106.100013,31.495393],[106.100118,31.495392],[106.100119,31.495482]]],[[[106.098748,31.495314],[106.098643,31.495315],[106.098642,31.495224],[106.098747,31.495223],[106.098748,31.495314]]],[[[106.100222,31.495301],[106.100117,31.495302],[106.100116,31.495212],[106.100221,31.495211],[106.100222,31.495301]]],[[[106.094541,31.495711],[106.094436,31.495712],[106.094435,31.495621],[106.09454,31.49562],[106.094541,31.495711]]],[[[106.100541,31.495569],[106.100436,31.49557],[106.100435,31.49548],[106.10054,31.495479],[106.100541,31.495569]]],[[[106.100324,31.495029],[106.100114,31.495031],[106.100113,31.494941],[106.100323,31.494939],[106.100324,31.495029]]],[[[106.100851,31.495025],[106.100745,31.495026],[106.100744,31.494936],[106.100849,31.494935],[106.100851,31.495025]]],[[[106.100848,31.494845],[106.100743,31.494845],[106.100742,31.494755],[106.100847,31.494754],[106.100848,31.494845]]],[[[106.099899,31.494672],[106.099794,31.494673],[106.099792,31.494583],[106.099898,31.494582],[106.099899,31.494672]]],[[[106.099686,31.494494],[106.099581,31.494495],[106.09958,31.494404],[106.099685,31.494403],[106.099686,31.494494]]],[[[106.100735,31.494124],[106.100629,31.494125],[106.100628,31.494034],[106.100734,31.494034],[106.100735,31.494124]]],[[[106.10073,31.493763],[106.100625,31.493764],[106.100624,31.493674],[106.100729,31.493673],[106.10073,31.493763]]],[[[106.097676,31.493699],[106.097571,31.4937],[106.097569,31.493519],[106.097674,31.493519],[106.097676,31.493699]]],[[[106.097672,31.493338],[106.097567,31.493339],[106.097566,31.493249],[106.097671,31.493248],[106.097672,31.493338]]],[[[106.101041,31.493309],[106.100936,31.49331],[106.100935,31.49322],[106.10104,31.493219],[106.101041,31.493309]]],[[[106.10135,31.492765],[106.101245,31.492766],[106.101243,31.492586],[106.101348,31.492585],[106.10135,31.492765]]],[[[106.101757,31.491499],[106.101651,31.4915],[106.10165,31.491409],[106.101756,31.491408],[106.101757,31.491499]]],[[[106.101858,31.491137],[106.101753,31.491138],[106.101751,31.491048],[106.101857,31.491047],[106.101858,31.491137]]]]}},{"type":"Feature","id":"citrus-parcels-312","properties":{"sourceId":"citrus-parcels","CLASS_ID":"1","CLASS_NAME":"掩膜提取2_tif [Classvalue=1]","AREA":1,"name":"掩膜提取2_tif [Classvalue=1]","orchardType":"掩膜提取2_tif [Classvalue=1]","areaMu":0},"geometry":{"type":"Polygon","coordinates":[[[106.102249,31.488607],[106.102144,31.488608],[106.102145,31.488699],[106.10225,31.488698],[106.102249,31.488607]]]}},{"type":"Feature","id":"citrus-parcels-313","properties":{"sourceId":"citrus-parcels","CLASS_ID":"1","CLASS_NAME":"掩膜提取2_tif [Classvalue=1]","AREA":1,"name":"掩膜提取2_tif [Classvalue=1]","orchardType":"掩膜提取2_tif [Classvalue=1]","areaMu":0},"geometry":{"type":"Polygon","coordinates":[[[106.102352,31.488426],[106.102247,31.488427],[106.102248,31.488517],[106.102353,31.488516],[106.102352,31.488426]]]}},{"type":"Feature","id":"citrus-parcels-314","properties":{"sourceId":"citrus-parcels","CLASS_ID":"1","CLASS_NAME":"掩膜提取2_tif [Classvalue=1]","AREA":127,"name":"掩膜提取2_tif [Classvalue=1]","orchardType":"掩膜提取2_tif [Classvalue=1]","areaMu":0.19},"geometry":{"type":"Polygon","coordinates":[[[106.103068,31.486616],[106.102858,31.486617],[106.102859,31.486708],[106.102753,31.486709],[106.102756,31.486889],[106.10265,31.48689],[106.102651,31.48698],[106.102441,31.486982],[106.102442,31.487072],[106.102337,31.487073],[106.102338,31.487163],[106.102232,31.487164],[106.102234,31.487345],[106.102129,31.487345],[106.102131,31.487526],[106.102026,31.487527],[106.102029,31.487797],[106.102134,31.487797],[106.102136,31.487887],[106.102451,31.487884],[106.102452,31.487974],[106.102663,31.487972],[106.102664,31.488063],[106.102559,31.488064],[106.10256,31.488154],[106.102455,31.488155],[106.102453,31.488064],[106.102348,31.488065],[106.102351,31.488336],[106.102457,31.488335],[106.102459,31.488515],[106.102353,31.488516],[106.102355,31.488607],[106.10246,31.488606],[106.102464,31.488966],[106.102569,31.488966],[106.102566,31.488695],[106.102671,31.488694],[106.102667,31.488333],[106.102772,31.488332],[106.102769,31.488062],[106.102875,31.488061],[106.10287,31.4877],[106.102976,31.487699],[106.102972,31.487428],[106.103078,31.487428],[106.103074,31.487157],[106.10318,31.487156],[106.103177,31.486885],[106.103282,31.486884],[106.10328,31.486704],[106.103069,31.486706],[106.103068,31.486616]]]}},{"type":"Feature","id":"citrus-parcels-315","properties":{"sourceId":"citrus-parcels","CLASS_ID":"1","CLASS_NAME":"掩膜提取2_tif [Classvalue=1]","AREA":134,"name":"掩膜提取2_tif [Classvalue=1]","orchardType":"掩膜提取2_tif [Classvalue=1]","areaMu":0.2},"geometry":{"type":"Polygon","coordinates":[[[106.12749,31.486403],[106.127385,31.486404],[106.127386,31.486494],[106.127281,31.486495],[106.127282,31.486585],[106.127177,31.486586],[106.127178,31.486676],[106.127072,31.486677],[106.127075,31.486858],[106.126969,31.486859],[106.12697,31.486949],[106.126865,31.48695],[106.126866,31.48704],[106.126761,31.487041],[106.126763,31.487221],[106.126658,31.487222],[106.12666,31.487403],[106.126449,31.487404],[106.126451,31.487495],[106.126556,31.487494],[106.126557,31.487584],[106.126662,31.487583],[106.126664,31.487763],[106.126559,31.487764],[106.126566,31.488306],[106.12646,31.488306],[106.126461,31.488397],[106.126672,31.488395],[106.126673,31.488485],[106.127094,31.488481],[106.127091,31.488211],[106.127196,31.48821],[106.12719,31.487669],[106.127295,31.487668],[106.127293,31.487487],[106.127398,31.487486],[106.127396,31.487306],[106.127501,31.487305],[106.127498,31.487034],[106.127603,31.487033],[106.127601,31.486853],[106.127706,31.486852],[106.127704,31.486672],[106.127599,31.486673],[106.127597,31.486492],[106.127491,31.486493],[106.12749,31.486403]]]}},{"type":"Feature","id":"citrus-parcels-316","properties":{"sourceId":"citrus-parcels","CLASS_ID":"1","CLASS_NAME":"掩膜提取2_tif [Classvalue=1]","AREA":11,"name":"掩膜提取2_tif [Classvalue=1]","orchardType":"掩膜提取2_tif [Classvalue=1]","areaMu":0.02},"geometry":{"type":"Polygon","coordinates":[[[106.103485,31.486251],[106.10338,31.486252],[106.103381,31.486342],[106.102854,31.486347],[106.102855,31.486437],[106.103277,31.486433],[106.103278,31.486524],[106.103172,31.486525],[106.103173,31.486615],[106.103279,31.486614],[106.10328,31.486704],[106.103385,31.486703],[106.103382,31.486432],[106.103487,31.486432],[106.103485,31.486251]]]}},{"type":"Feature","id":"citrus-parcels-317","properties":{"sourceId":"citrus-parcels","CLASS_ID":"1","CLASS_NAME":"掩膜提取2_tif [Classvalue=1]","AREA":2,"name":"掩膜提取2_tif [Classvalue=1]","orchardType":"掩膜提取2_tif [Classvalue=1]","areaMu":0},"geometry":{"type":"Polygon","coordinates":[[[106.103482,31.485981],[106.103377,31.485981],[106.103379,31.486162],[106.103484,31.486161],[106.103482,31.485981]]]}},{"type":"Feature","id":"citrus-parcels-318","properties":{"sourceId":"citrus-parcels","CLASS_ID":"1","CLASS_NAME":"掩膜提取2_tif [Classvalue=1]","AREA":9,"name":"掩膜提取2_tif [Classvalue=1]","orchardType":"掩膜提取2_tif [Classvalue=1]","areaMu":0.01},"geometry":{"type":"Polygon","coordinates":[[[106.102849,31.485896],[106.102744,31.485897],[106.102746,31.486077],[106.102957,31.486075],[106.102958,31.486165],[106.103168,31.486164],[106.103167,31.486073],[106.103272,31.486073],[106.10327,31.485892],[106.103165,31.485893],[106.103166,31.485983],[106.10285,31.485986],[106.102849,31.485896]]]}},{"type":"Feature","id":"citrus-parcels-319","properties":{"sourceId":"citrus-parcels","CLASS_ID":"1","CLASS_NAME":"掩膜提取2_tif [Classvalue=1]","AREA":171,"name":"掩膜提取2_tif [Classvalue=1]","orchardType":"掩膜提取2_tif [Classvalue=1]","areaMu":0.26},"geometry":{"type":"Polygon","coordinates":[[[106.128427,31.485492],[106.128322,31.485493],[106.128327,31.485944],[106.128222,31.485945],[106.128223,31.486036],[106.128117,31.486036],[106.12812,31.486217],[106.128014,31.486218],[106.128015,31.486308],[106.128121,31.486307],[106.128122,31.486397],[106.127911,31.486399],[106.127915,31.48667],[106.127809,31.486671],[106.127813,31.486941],[106.127707,31.486942],[106.12771,31.487213],[106.127605,31.487214],[106.127608,31.487484],[106.127503,31.487485],[106.12751,31.488027],[106.127404,31.488027],[106.12741,31.488479],[106.127831,31.488475],[106.127823,31.487843],[106.127929,31.487842],[106.127928,31.487752],[106.128033,31.487751],[106.128032,31.487661],[106.128137,31.48766],[106.128135,31.48748],[106.12824,31.487479],[106.128238,31.487298],[106.128343,31.487297],[106.128341,31.487117],[106.128446,31.487116],[106.128443,31.486846],[106.128548,31.486845],[106.128543,31.486394],[106.128648,31.486393],[106.128644,31.486032],[106.128749,31.486031],[106.128747,31.48585],[106.128852,31.48585],[106.12885,31.485669],[106.128955,31.485668],[106.128954,31.485578],[106.128428,31.485583],[106.128427,31.485492]]]}},{"type":"Feature","id":"citrus-parcels-320","properties":{"sourceId":"citrus-parcels","CLASS_ID":"1","CLASS_NAME":"掩膜提取2_tif [Classvalue=1]","AREA":2,"name":"掩膜提取2_tif [Classvalue=1]","orchardType":"掩膜提取2_tif [Classvalue=1]","areaMu":0},"geometry":{"type":"Polygon","coordinates":[[[106.102845,31.485535],[106.10274,31.485536],[106.102742,31.485716],[106.102847,31.485715],[106.102845,31.485535]]]}},{"type":"Feature","id":"citrus-parcels-321","properties":{"sourceId":"citrus-parcels","CLASS_ID":"1","CLASS_NAME":"掩膜提取2_tif [Classvalue=1]","AREA":5,"name":"掩膜提取2_tif [Classvalue=1]","orchardType":"掩膜提取2_tif [Classvalue=1]","areaMu":0.01},"geometry":{"type":"Polygon","coordinates":[[[106.10337,31.48544],[106.103265,31.485441],[106.103266,31.485531],[106.103161,31.485532],[106.103163,31.485713],[106.103373,31.485711],[106.10337,31.48544]]]}},{"type":"Feature","id":"citrus-parcels-322","properties":{"sourceId":"citrus-parcels","CLASS_ID":"1","CLASS_NAME":"掩膜提取2_tif [Classvalue=1]","AREA":1,"name":"掩膜提取2_tif [Classvalue=1]","orchardType":"掩膜提取2_tif [Classvalue=1]","areaMu":0},"geometry":{"type":"Polygon","coordinates":[[[106.118527,31.485218],[106.118422,31.485219],[106.118423,31.48531],[106.118529,31.485309],[106.118527,31.485218]]]}},{"type":"Feature","id":"citrus-parcels-323","properties":{"sourceId":"citrus-parcels","CLASS_ID":"1","CLASS_NAME":"掩膜提取2_tif [Classvalue=1]","AREA":1,"name":"掩膜提取2_tif [Classvalue=1]","orchardType":"掩膜提取2_tif [Classvalue=1]","areaMu":0},"geometry":{"type":"Polygon","coordinates":[[[106.11631,31.484696],[106.116205,31.484697],[106.116206,31.484788],[106.116312,31.484787],[106.11631,31.484696]]]}},{"type":"Feature","id":"citrus-parcels-324","properties":{"sourceId":"citrus-parcels","CLASS_ID":"1","CLASS_NAME":"掩膜提取2_tif [Classvalue=1]","AREA":1,"name":"掩膜提取2_tif [Classvalue=1]","orchardType":"掩膜提取2_tif [Classvalue=1]","areaMu":0},"geometry":{"type":"Polygon","coordinates":[[[106.116204,31.484607],[106.116099,31.484608],[106.1161,31.484698],[106.116205,31.484697],[106.116204,31.484607]]]}},{"type":"Feature","id":"citrus-parcels-325","properties":{"sourceId":"citrus-parcels","CLASS_ID":"1","CLASS_NAME":"掩膜提取2_tif [Classvalue=1]","AREA":1,"name":"掩膜提取2_tif [Classvalue=1]","orchardType":"掩膜提取2_tif [Classvalue=1]","areaMu":0},"geometry":{"type":"Polygon","coordinates":[[[106.14094,31.484299],[106.140835,31.4843],[106.140836,31.48439],[106.140941,31.484389],[106.14094,31.484299]]]}},{"type":"Feature","id":"citrus-parcels-326","properties":{"sourceId":"citrus-parcels","CLASS_ID":"1","CLASS_NAME":"掩膜提取2_tif [Classvalue=1]","AREA":4,"name":"掩膜提取2_tif [Classvalue=1]","orchardType":"掩膜提取2_tif [Classvalue=1]","areaMu":0.01},"geometry":{"type":"Polygon","coordinates":[[[106.118939,31.484403],[106.118834,31.484404],[106.118835,31.484494],[106.118729,31.484495],[106.11873,31.484585],[106.118836,31.484584],[106.118837,31.484674],[106.118942,31.484673],[106.118939,31.484403]]]}},{"type":"Feature","id":"citrus-parcels-327","properties":{"sourceId":"citrus-parcels","CLASS_ID":"1","CLASS_NAME":"掩膜提取2_tif [Classvalue=1]","AREA":19,"name":"掩膜提取2_tif [Classvalue=1]","orchardType":"掩膜提取2_tif [Classvalue=1]","areaMu":0.03},"geometry":{"type":"Polygon","coordinates":[[[106.117043,31.484329],[106.116938,31.48433],[106.116939,31.48442],[106.116834,31.484421],[106.116835,31.484511],[106.116729,31.484512],[106.116732,31.484693],[106.116521,31.484695],[106.116522,31.484785],[106.116733,31.484783],[106.116734,31.484873],[106.116839,31.484872],[106.11684,31.484963],[106.116629,31.484964],[106.116631,31.485055],[106.116946,31.485052],[106.116942,31.484691],[106.117047,31.48469],[106.117043,31.484329]]]}},{"type":"Feature","id":"citrus-parcels-328","properties":{"sourceId":"citrus-parcels","CLASS_ID":"1","CLASS_NAME":"掩膜提取2_tif [Classvalue=1]","AREA":1,"name":"掩膜提取2_tif [Classvalue=1]","orchardType":"掩膜提取2_tif [Classvalue=1]","areaMu":0},"geometry":{"type":"Polygon","coordinates":[[[106.115779,31.48425],[106.115674,31.484251],[106.115675,31.484341],[106.11578,31.48434],[106.115779,31.48425]]]}},{"type":"Feature","id":"citrus-parcels-329","properties":{"sourceId":"citrus-parcels","CLASS_ID":"1","CLASS_NAME":"掩膜提取2_tif [Classvalue=1]","AREA":47,"name":"掩膜提取2_tif [Classvalue=1]","orchardType":"掩膜提取2_tif [Classvalue=1]","areaMu":0.07},"geometry":{"type":"Polygon","coordinates":[[[106.117461,31.484055],[106.11725,31.484057],[106.117252,31.484237],[106.117042,31.484239],[106.117043,31.484329],[106.117569,31.484325],[106.11757,31.484415],[106.117676,31.484414],[106.117677,31.484504],[106.117782,31.484503],[106.117783,31.484593],[106.117573,31.484595],[106.117574,31.484685],[106.117679,31.484685],[106.11768,31.484775],[106.117891,31.484773],[106.117893,31.484953],[106.117998,31.484952],[106.117999,31.485043],[106.117894,31.485044],[106.117896,31.485224],[106.118317,31.48522],[106.118316,31.48513],[106.118105,31.485132],[106.118104,31.485042],[106.118525,31.485038],[106.118527,31.485218],[106.118738,31.485217],[106.118737,31.485126],[106.118842,31.485125],[106.11884,31.484945],[106.118735,31.484946],[106.118736,31.485036],[106.118631,31.485037],[106.11863,31.484947],[106.118735,31.484946],[106.118734,31.484856],[106.118523,31.484858],[106.118524,31.484948],[106.118103,31.484951],[106.118102,31.484861],[106.117997,31.484862],[106.117995,31.484682],[106.117889,31.484683],[106.117886,31.484412],[106.117781,31.484413],[106.117779,31.484233],[106.117674,31.484233],[106.117672,31.484143],[106.117462,31.484145],[106.117461,31.484055]]]}},{"type":"Feature","id":"citrus-parcels-330","properties":{"sourceId":"citrus-parcels","CLASS_ID":"1","CLASS_NAME":"掩膜提取2_tif [Classvalue=1]","AREA":7,"name":"掩膜提取2_tif [Classvalue=1]","orchardType":"掩膜提取2_tif [Classvalue=1]","areaMu":0.01},"geometry":{"type":"Polygon","coordinates":[[[106.118618,31.483955],[106.118512,31.483956],[106.118515,31.484136],[106.11862,31.484135],[106.118622,31.484315],[106.118727,31.484314],[106.118728,31.484405],[106.118834,31.484404],[106.118831,31.484223],[106.118726,31.484224],[106.118724,31.484044],[106.118619,31.484045],[106.118618,31.483955]]]}},{"type":"Feature","id":"citrus-parcels-331","properties":{"sourceId":"citrus-parcels","CLASS_ID":"1","CLASS_NAME":"掩膜提取2_tif [Classvalue=1]","AREA":1,"name":"掩膜提取2_tif [Classvalue=1]","orchardType":"掩膜提取2_tif [Classvalue=1]","areaMu":0},"geometry":{"type":"Polygon","coordinates":[[[106.116718,31.48352],[106.116612,31.483521],[106.116613,31.483611],[106.116719,31.48361],[106.116718,31.48352]]]}},{"type":"Feature","id":"citrus-parcels-332","properties":{"sourceId":"citrus-parcels","CLASS_ID":"1","CLASS_NAME":"掩膜提取2_tif [Classvalue=1]","AREA":1,"name":"掩膜提取2_tif [Classvalue=1]","orchardType":"掩膜提取2_tif [Classvalue=1]","areaMu":0},"geometry":{"type":"Polygon","coordinates":[[[106.116611,31.483431],[106.116506,31.483432],[106.116507,31.483522],[106.116612,31.483521],[106.116611,31.483431]]]}},{"type":"Feature","id":"citrus-parcels-333","properties":{"sourceId":"citrus-parcels","CLASS_ID":"1","CLASS_NAME":"掩膜提取2_tif [Classvalue=1]","AREA":2,"name":"掩膜提取2_tif [Classvalue=1]","orchardType":"掩膜提取2_tif [Classvalue=1]","areaMu":0},"geometry":{"type":"Polygon","coordinates":[[[106.117031,31.483337],[106.116926,31.483338],[106.116928,31.483518],[106.117033,31.483517],[106.117031,31.483337]]]}},{"type":"Feature","id":"citrus-parcels-334","properties":{"sourceId":"citrus-parcels","CLASS_ID":"1","CLASS_NAME":"掩膜提取2_tif [Classvalue=1]","AREA":1,"name":"掩膜提取2_tif [Classvalue=1]","orchardType":"掩膜提取2_tif [Classvalue=1]","areaMu":0},"geometry":{"type":"Polygon","coordinates":[[[106.117767,31.48324],[106.117662,31.483241],[106.117663,31.483331],[106.117768,31.48333],[106.117767,31.48324]]]}},{"type":"Feature","id":"citrus-parcels-335","properties":{"sourceId":"citrus-parcels","CLASS_ID":"1","CLASS_NAME":"掩膜提取2_tif [Classvalue=1]","AREA":57,"name":"掩膜提取2_tif [Classvalue=1]","orchardType":"掩膜提取2_tif [Classvalue=1]","areaMu":0.09},"geometry":{"type":"Polygon","coordinates":[[[106.115345,31.483171],[106.11524,31.483172],[106.115243,31.483443],[106.115348,31.483442],[106.11535,31.483622],[106.115455,31.483621],[106.115459,31.483892],[106.115353,31.483893],[106.115358,31.484254],[106.115252,31.484255],[106.115256,31.484525],[106.11515,31.484526],[106.115151,31.484616],[106.115257,31.484615],[106.115258,31.484706],[106.115468,31.484704],[106.115467,31.484614],[106.115573,31.484613],[106.115574,31.484703],[106.115679,31.484702],[106.115678,31.484612],[106.116099,31.484608],[106.116098,31.484518],[106.115993,31.484519],[106.115991,31.484429],[106.115886,31.48443],[106.115885,31.484339],[106.11578,31.48434],[106.115782,31.484521],[106.115466,31.484523],[106.115463,31.484253],[106.115674,31.484251],[106.115671,31.484071],[106.115882,31.484069],[106.11588,31.483888],[106.11609,31.483886],[106.116089,31.483796],[106.115668,31.4838],[106.115665,31.483529],[106.11556,31.48353],[106.115559,31.48344],[106.115453,31.483441],[106.115451,31.48326],[106.115346,31.483261],[106.115345,31.483171]]]}},{"type":"Feature","id":"citrus-parcels-336","properties":{"sourceId":"citrus-parcels","CLASS_ID":"1","CLASS_NAME":"掩膜提取2_tif [Classvalue=1]","AREA":1,"name":"掩膜提取2_tif [Classvalue=1]","orchardType":"掩膜提取2_tif [Classvalue=1]","areaMu":0},"geometry":{"type":"Polygon","coordinates":[[[106.116819,31.483158],[106.116713,31.483159],[106.116714,31.483249],[106.11682,31.483249],[106.116819,31.483158]]]}},{"type":"Feature","id":"citrus-parcels-337","properties":{"sourceId":"citrus-parcels","CLASS_ID":"1","CLASS_NAME":"掩膜提取2_tif [Classvalue=1]","AREA":1,"name":"掩膜提取2_tif [Classvalue=1]","orchardType":"掩膜提取2_tif [Classvalue=1]","areaMu":0},"geometry":{"type":"Polygon","coordinates":[[[106.115239,31.483082],[106.115133,31.483083],[106.115134,31.483173],[106.11524,31.483172],[106.115239,31.483082]]]}},{"type":"Feature","id":"citrus-parcels-338","properties":{"sourceId":"citrus-parcels","CLASS_ID":"1","CLASS_NAME":"掩膜提取2_tif [Classvalue=1]","AREA":10,"name":"掩膜提取2_tif [Classvalue=1]","orchardType":"掩膜提取2_tif [Classvalue=1]","areaMu":0.01},"geometry":{"type":"Polygon","coordinates":[[[106.115972,31.482805],[106.115762,31.482807],[106.115763,31.482897],[106.115657,31.482898],[106.115661,31.483168],[106.115871,31.483167],[106.11587,31.483076],[106.115975,31.483075],[106.115972,31.482805]]]}},{"type":"Feature","id":"citrus-parcels-339","properties":{"sourceId":"citrus-parcels","CLASS_ID":"1","CLASS_NAME":"掩膜提取2_tif [Classvalue=1]","AREA":7,"name":"掩膜提取2_tif [Classvalue=1]","orchardType":"掩膜提取2_tif [Classvalue=1]","areaMu":0.01},"geometry":{"type":"Polygon","coordinates":[[[106.115233,31.482631],[106.115023,31.482633],[106.115025,31.482813],[106.11492,31.482814],[106.114921,31.482904],[106.115026,31.482903],[106.115027,31.482994],[106.115132,31.482993],[106.11513,31.482812],[106.115235,31.482811],[106.115233,31.482631]]]}},{"type":"Feature","id":"citrus-parcels-340","properties":{"sourceId":"citrus-parcels","CLASS_ID":"1","CLASS_NAME":"掩膜提取2_tif [Classvalue=1]","AREA":1,"name":"掩膜提取2_tif [Classvalue=1]","orchardType":"掩膜提取2_tif [Classvalue=1]","areaMu":0},"geometry":{"type":"Polygon","coordinates":[[[106.116707,31.482618],[106.116602,31.482619],[106.116603,31.482709],[106.116708,31.482708],[106.116707,31.482618]]]}},{"type":"Feature","id":"citrus-parcels-341","properties":{"sourceId":"citrus-parcels","CLASS_ID":"1","CLASS_NAME":"掩膜提取2_tif [Classvalue=1]","AREA":13,"name":"掩膜提取2_tif [Classvalue=1]","orchardType":"掩膜提取2_tif [Classvalue=1]","areaMu":0.02},"geometry":{"type":"Polygon","coordinates":[[[106.117549,31.482611],[106.117444,31.482612],[106.117449,31.483063],[106.11766,31.483061],[106.117661,31.483151],[106.117871,31.483149],[106.11787,31.483059],[106.117765,31.48306],[106.117763,31.482879],[106.117657,31.48288],[106.117655,31.4827],[106.11755,31.482701],[106.117549,31.482611]]]}},{"type":"Feature","id":"citrus-parcels-342","properties":{"sourceId":"citrus-parcels","CLASS_ID":"1","CLASS_NAME":"掩膜提取2_tif [Classvalue=1]","AREA":2,"name":"掩膜提取2_tif [Classvalue=1]","orchardType":"掩膜提取2_tif [Classvalue=1]","areaMu":0},"geometry":{"type":"Polygon","coordinates":[[[106.119444,31.482594],[106.119233,31.482596],[106.119234,31.482686],[106.119445,31.482684],[106.119444,31.482594]]]}},{"type":"Feature","id":"citrus-parcels-343","properties":{"sourceId":"citrus-parcels","CLASS_ID":"1","CLASS_NAME":"掩膜提取2_tif [Classvalue=1]","AREA":1,"name":"掩膜提取2_tif [Classvalue=1]","orchardType":"掩膜提取2_tif [Classvalue=1]","areaMu":0},"geometry":{"type":"Polygon","coordinates":[[[106.11976,31.482591],[106.119654,31.482592],[106.119655,31.482682],[106.119761,31.482682],[106.11976,31.482591]]]}},{"type":"Feature","id":"citrus-parcels-344","properties":{"sourceId":"citrus-parcels","CLASS_ID":"1","CLASS_NAME":"掩膜提取2_tif [Classvalue=1]","AREA":1,"name":"掩膜提取2_tif [Classvalue=1]","orchardType":"掩膜提取2_tif [Classvalue=1]","areaMu":0},"geometry":{"type":"Polygon","coordinates":[[[106.115337,31.48254],[106.115232,31.482541],[106.115233,31.482631],[106.115338,31.48263],[106.115337,31.48254]]]}},{"type":"Feature","id":"citrus-parcels-345","properties":{"sourceId":"citrus-parcels","CLASS_ID":"1","CLASS_NAME":"掩膜提取2_tif [Classvalue=1]","AREA":4,"name":"掩膜提取2_tif [Classvalue=1]","orchardType":"掩膜提取2_tif [Classvalue=1]","areaMu":0.01},"geometry":{"type":"Polygon","coordinates":[[[106.119967,31.482319],[106.119756,31.482321],[106.11976,31.482591],[106.119865,31.48259],[106.119863,31.48241],[106.119968,31.482409],[106.119967,31.482319]]]}},{"type":"Feature","id":"citrus-parcels-346","properties":{"sourceId":"citrus-parcels","CLASS_ID":"1","CLASS_NAME":"掩膜提取2_tif [Classvalue=1]","AREA":19,"name":"掩膜提取2_tif [Classvalue=1]","orchardType":"掩膜提取2_tif [Classvalue=1]","areaMu":0.03},"geometry":{"type":"Polygon","coordinates":[[[106.11586,31.482265],[106.115545,31.482267],[106.115548,31.482538],[106.115653,31.482537],[106.115655,31.482717],[106.115761,31.482716],[106.11576,31.482626],[106.115865,31.482625],[106.115864,31.482535],[106.115969,31.482534],[106.11597,31.482624],[106.116075,31.482624],[106.116077,31.482804],[106.116183,31.482803],[106.116178,31.482442],[106.115863,31.482445],[106.11586,31.482265]]]}},{"type":"Feature","id":"citrus-parcels-347","properties":{"sourceId":"citrus-parcels","CLASS_ID":"1","CLASS_NAME":"掩膜提取2_tif [Classvalue=1]","AREA":2,"name":"掩膜提取2_tif [Classvalue=1]","orchardType":"掩膜提取2_tif [Classvalue=1]","areaMu":0},"geometry":{"type":"Polygon","coordinates":[[[106.115017,31.482182],[106.114807,31.482183],[106.114808,31.482274],[106.115018,31.482272],[106.115017,31.482182]]]}},{"type":"Feature","id":"citrus-parcels-348","properties":{"sourceId":"citrus-parcels","CLASS_ID":"1","CLASS_NAME":"掩膜提取2_tif [Classvalue=1]","AREA":1,"name":"掩膜提取2_tif [Classvalue=1]","orchardType":"掩膜提取2_tif [Classvalue=1]","areaMu":0},"geometry":{"type":"Polygon","coordinates":[[[106.115965,31.482173],[106.115859,31.482174],[106.11586,31.482265],[106.115966,31.482264],[106.115965,31.482173]]]}},{"type":"Feature","id":"citrus-parcels-349","properties":{"sourceId":"citrus-parcels","CLASS_ID":"1","CLASS_NAME":"掩膜提取2_tif [Classvalue=1]","AREA":28,"name":"掩膜提取2_tif [Classvalue=1]","orchardType":"掩膜提取2_tif [Classvalue=1]","areaMu":0.04},"geometry":{"type":"Polygon","coordinates":[[[106.117754,31.482158],[106.117649,31.482159],[106.117652,31.482429],[106.118284,31.482424],[106.118285,31.482514],[106.118706,31.48251],[106.118707,31.482601],[106.119023,31.482598],[106.119022,31.482508],[106.118811,31.482509],[106.11881,31.482419],[106.118705,31.48242],[106.118704,31.48233],[106.118809,31.482329],[106.118807,31.482149],[106.118702,31.48215],[106.118703,31.48224],[106.118492,31.482242],[106.118493,31.482332],[106.118177,31.482335],[106.118176,31.482244],[106.117755,31.482248],[106.117754,31.482158]]]}},{"type":"Feature","id":"citrus-parcels-350","properties":{"sourceId":"citrus-parcels","CLASS_ID":"1","CLASS_NAME":"掩膜提取2_tif [Classvalue=1]","AREA":3,"name":"掩膜提取2_tif [Classvalue=1]","orchardType":"掩膜提取2_tif [Classvalue=1]","areaMu":0},"geometry":{"type":"Polygon","coordinates":[[[106.115331,31.481998],[106.11512,31.482],[106.115123,31.482181],[106.115228,31.48218],[106.115227,31.48209],[106.115332,31.482089],[106.115331,31.481998]]]}},{"type":"Feature","id":"citrus-parcels-351","properties":{"sourceId":"citrus-parcels","CLASS_ID":"1","CLASS_NAME":"掩膜提取2_tif [Classvalue=1]","AREA":1,"name":"掩膜提取2_tif [Classvalue=1]","orchardType":"掩膜提取2_tif [Classvalue=1]","areaMu":0},"geometry":{"type":"Polygon","coordinates":[[[106.115541,31.481997],[106.115436,31.481998],[106.115437,31.482088],[106.115543,31.482087],[106.115541,31.481997]]]}},{"type":"Feature","id":"citrus-parcels-352","properties":{"sourceId":"citrus-parcels","CLASS_ID":"1","CLASS_NAME":"掩膜提取2_tif [Classvalue=1]","AREA":1,"name":"掩膜提取2_tif [Classvalue=1]","orchardType":"掩膜提取2_tif [Classvalue=1]","areaMu":0},"geometry":{"type":"Polygon","coordinates":[[[106.114698,31.481914],[106.114593,31.481915],[106.114594,31.482005],[106.114699,31.482004],[106.114698,31.481914]]]}},{"type":"Feature","id":"citrus-parcels-353","properties":{"sourceId":"citrus-parcels","CLASS_ID":"1","CLASS_NAME":"掩膜提取2_tif [Classvalue=1]","AREA":1,"name":"掩膜提取2_tif [Classvalue=1]","orchardType":"掩膜提取2_tif [Classvalue=1]","areaMu":0},"geometry":{"type":"Polygon","coordinates":[[[106.117961,31.481885],[106.117856,31.481886],[106.117857,31.481976],[106.117963,31.481976],[106.117961,31.481885]]]}},{"type":"Feature","id":"citrus-parcels-354","properties":{"sourceId":"citrus-parcels","CLASS_ID":"1","CLASS_NAME":"掩膜提取2_tif [Classvalue=1]","AREA":76,"name":"掩膜提取2_tif [Classvalue=1]","orchardType":"掩膜提取2_tif [Classvalue=1]","areaMu":0.11},"geometry":{"type":"Polygon","coordinates":[[[106.117329,31.481801],[106.117013,31.481803],[106.117014,31.481894],[106.116698,31.481896],[106.116699,31.481987],[106.116594,31.481987],[106.116595,31.482078],[106.116385,31.48208],[106.116384,31.481989],[106.116278,31.48199],[106.116279,31.48208],[106.116174,31.482081],[106.116178,31.482442],[106.116284,31.482441],[106.116283,31.482351],[106.116598,31.482348],[106.116597,31.482258],[106.116703,31.482257],[106.116705,31.482438],[106.116599,31.482439],[106.116601,31.482529],[106.116706,31.482528],[106.116707,31.482618],[106.116812,31.482617],[106.11681,31.482437],[106.116915,31.482436],[106.116914,31.482346],[106.117125,31.482344],[106.117127,31.482524],[106.116916,31.482526],[106.116917,31.482616],[106.116812,31.482617],[106.116815,31.482888],[106.117026,31.482886],[106.117025,31.482796],[106.11713,31.482795],[106.117129,31.482705],[106.117234,31.482704],[106.117233,31.482613],[106.117444,31.482612],[106.117442,31.482431],[106.117547,31.48243],[106.117546,31.48234],[106.117335,31.482342],[106.117329,31.481801]]]}},{"type":"Feature","id":"citrus-parcels-355","properties":{"sourceId":"citrus-parcels","CLASS_ID":"1","CLASS_NAME":"掩膜提取2_tif [Classvalue=1]","AREA":1,"name":"掩膜提取2_tif [Classvalue=1]","orchardType":"掩膜提取2_tif [Classvalue=1]","areaMu":0},"geometry":{"type":"Polygon","coordinates":[[[106.117538,31.481709],[106.117433,31.481709],[106.117434,31.4818],[106.117539,31.481799],[106.117538,31.481709]]]}},{"type":"Feature","id":"citrus-parcels-356","properties":{"sourceId":"citrus-parcels","CLASS_ID":"1","CLASS_NAME":"掩膜提取2_tif [Classvalue=1]","AREA":33,"name":"掩膜提取2_tif [Classvalue=1]","orchardType":"掩膜提取2_tif [Classvalue=1]","areaMu":0.05},"geometry":{"type":"Polygon","coordinates":[[[106.119958,31.481597],[106.119853,31.481598],[106.119854,31.481688],[106.119538,31.481691],[106.119539,31.481781],[106.119434,31.481782],[106.119436,31.481963],[106.11912,31.481965],[106.119121,31.482056],[106.119016,31.482057],[106.119017,31.482147],[106.119333,31.482144],[106.119332,31.482054],[106.119543,31.482052],[106.119541,31.481962],[106.120068,31.481957],[106.12007,31.482138],[106.119965,31.482138],[106.119967,31.482319],[106.120072,31.482318],[106.120071,31.482228],[106.120176,31.482227],[106.120174,31.482046],[106.120279,31.482045],[106.120277,31.481865],[106.120172,31.481866],[106.120171,31.481776],[106.11996,31.481778],[106.119958,31.481597]]]}},{"type":"Feature","id":"citrus-parcels-357","properties":{"sourceId":"citrus-parcels","CLASS_ID":"1","CLASS_NAME":"掩膜提取2_tif [Classvalue=1]","AREA":1,"name":"掩膜提取2_tif [Classvalue=1]","orchardType":"掩膜提取2_tif [Classvalue=1]","areaMu":0},"geometry":{"type":"Polygon","coordinates":[[[106.120062,31.481506],[106.119957,31.481507],[106.119958,31.481597],[106.120063,31.481596],[106.120062,31.481506]]]}},{"type":"Feature","id":"citrus-parcels-358","properties":{"sourceId":"citrus-parcels","CLASS_ID":"1","CLASS_NAME":"掩膜提取2_tif [Classvalue=1]","AREA":1,"name":"掩膜提取2_tif [Classvalue=1]","orchardType":"掩膜提取2_tif [Classvalue=1]","areaMu":0},"geometry":{"type":"Polygon","coordinates":[[[106.115746,31.481454],[106.11564,31.481454],[106.115641,31.481545],[106.115747,31.481544],[106.115746,31.481454]]]}},{"type":"Feature","id":"citrus-parcels-359","properties":{"sourceId":"citrus-parcels","CLASS_ID":"1","CLASS_NAME":"掩膜提取2_tif [Classvalue=1]","AREA":1,"name":"掩膜提取2_tif [Classvalue=1]","orchardType":"掩膜提取2_tif [Classvalue=1]","areaMu":0},"geometry":{"type":"Polygon","coordinates":[[[106.117851,31.481435],[106.117746,31.481436],[106.117747,31.481526],[106.117852,31.481525],[106.117851,31.481435]]]}},{"type":"Feature","id":"citrus-parcels-360","properties":{"sourceId":"citrus-parcels","CLASS_ID":"1","CLASS_NAME":"掩膜提取2_tif [Classvalue=1]","AREA":2,"name":"掩膜提取2_tif [Classvalue=1]","orchardType":"掩膜提取2_tif [Classvalue=1]","areaMu":0},"geometry":{"type":"Polygon","coordinates":[[[106.119851,31.481418],[106.119746,31.481419],[106.119748,31.481599],[106.119853,31.481598],[106.119851,31.481418]]]}},{"type":"Feature","id":"citrus-parcels-361","properties":{"sourceId":"citrus-parcels","CLASS_ID":"1","CLASS_NAME":"掩膜提取2_tif [Classvalue=1]","AREA":21,"name":"掩膜提取2_tif [Classvalue=1]","orchardType":"掩膜提取2_tif [Classvalue=1]","areaMu":0.03},"geometry":{"type":"Polygon","coordinates":[[[106.116376,31.481358],[106.116166,31.48136],[106.116167,31.48145],[106.116061,31.481451],[106.116062,31.481541],[106.115957,31.481542],[106.115958,31.481632],[106.116064,31.481631],[106.116065,31.481721],[106.115854,31.481723],[106.115852,31.481543],[106.115747,31.481544],[106.115749,31.481724],[106.115538,31.481726],[106.11554,31.481906],[106.115961,31.481903],[106.11596,31.481813],[106.116171,31.481811],[106.11617,31.481721],[106.116275,31.48172],[106.116272,31.481449],[106.116377,31.481448],[106.116376,31.481358]]]}},{"type":"Feature","id":"citrus-parcels-362","properties":{"sourceId":"citrus-parcels","CLASS_ID":"1","CLASS_NAME":"掩膜提取2_tif [Classvalue=1]","AREA":1,"name":"掩膜提取2_tif [Classvalue=1]","orchardType":"掩膜提取2_tif [Classvalue=1]","areaMu":0},"geometry":{"type":"Polygon","coordinates":[[[106.115954,31.481271],[106.115849,31.481272],[106.11585,31.481362],[106.115955,31.481362],[106.115954,31.481271]]]}},{"type":"Feature","id":"citrus-parcels-363","properties":{"sourceId":"citrus-parcels","CLASS_ID":"1","CLASS_NAME":"掩膜提取2_tif [Classvalue=1]","AREA":1,"name":"掩膜提取2_tif [Classvalue=1]","orchardType":"掩膜提取2_tif [Classvalue=1]","areaMu":0},"geometry":{"type":"Polygon","coordinates":[[[106.132901,31.481122],[106.132796,31.481123],[106.132797,31.481214],[106.132902,31.481213],[106.132901,31.481122]]]}},{"type":"Feature","id":"citrus-parcels-364","properties":{"sourceId":"citrus-parcels","CLASS_ID":"1","CLASS_NAME":"掩膜提取2_tif [Classvalue=1]","AREA":39,"name":"掩膜提取2_tif [Classvalue=1]","orchardType":"掩膜提取2_tif [Classvalue=1]","areaMu":0.06},"geometry":{"type":"Polygon","coordinates":[[[106.118794,31.481066],[106.118689,31.481067],[106.118692,31.481338],[106.118797,31.481337],[106.118798,31.481427],[106.118693,31.481428],[106.118692,31.481338],[106.118481,31.481339],[106.118485,31.48161],[106.11859,31.481609],[106.118589,31.481519],[106.118905,31.481516],[106.118906,31.481606],[106.119116,31.481605],[106.119115,31.481514],[106.11922,31.481513],[106.119224,31.481784],[106.119329,31.481783],[106.119323,31.481332],[106.119218,31.481333],[106.119217,31.481243],[106.119322,31.481242],[106.119323,31.481332],[106.119639,31.481329],[106.119637,31.481149],[106.119532,31.48115],[106.119531,31.48106],[106.119425,31.481061],[106.119427,31.481151],[106.119216,31.481153],[106.119215,31.481062],[106.11911,31.481063],[106.119112,31.481244],[106.118901,31.481246],[106.1189,31.481155],[106.118795,31.481156],[106.118794,31.481066]]]}},{"type":"Feature","id":"citrus-parcels-365","properties":{"sourceId":"citrus-parcels","CLASS_ID":"1","CLASS_NAME":"掩膜提取2_tif [Classvalue=1]","AREA":1,"name":"掩膜提取2_tif [Classvalue=1]","orchardType":"掩膜提取2_tif [Classvalue=1]","areaMu":0},"geometry":{"type":"Polygon","coordinates":[[[106.119741,31.481058],[106.119636,31.481059],[106.119637,31.481149],[106.119742,31.481148],[106.119741,31.481058]]]}},{"type":"Feature","id":"citrus-parcels-366","properties":{"sourceId":"citrus-parcels","CLASS_ID":"1","CLASS_NAME":"掩膜提取2_tif [Classvalue=1]","AREA":14,"name":"掩膜提取2_tif [Classvalue=1]","orchardType":"掩膜提取2_tif [Classvalue=1]","areaMu":0.02},"geometry":{"type":"Polygon","coordinates":[[[106.114687,31.480921],[106.114476,31.480923],[106.114477,31.481014],[106.114372,31.481014],[106.114374,31.481195],[106.114479,31.481194],[106.114478,31.481104],[106.114583,31.481103],[106.114591,31.481734],[106.114696,31.481733],[106.11469,31.481192],[106.114795,31.481191],[106.114794,31.481101],[106.114689,31.481102],[106.114687,31.480921]]]}},{"type":"Feature","id":"citrus-parcels-367","properties":{"sourceId":"citrus-parcels","CLASS_ID":"1","CLASS_NAME":"掩膜提取2_tif [Classvalue=1]","AREA":3,"name":"掩膜提取2_tif [Classvalue=1]","orchardType":"掩膜提取2_tif [Classvalue=1]","areaMu":0},"geometry":{"type":"Polygon","coordinates":[[[106.119002,31.480884],[106.118792,31.480886],[106.118794,31.481066],[106.118899,31.481065],[106.118898,31.480975],[106.119003,31.480974],[106.119002,31.480884]]]}},{"type":"Feature","id":"citrus-parcels-368","properties":{"sourceId":"citrus-parcels","CLASS_ID":"1","CLASS_NAME":"掩膜提取2_tif [Classvalue=1]","AREA":1,"name":"掩膜提取2_tif [Classvalue=1]","orchardType":"掩膜提取2_tif [Classvalue=1]","areaMu":0},"geometry":{"type":"Polygon","coordinates":[[[106.115421,31.480735],[106.115316,31.480736],[106.115317,31.480826],[106.115422,31.480825],[106.115421,31.480735]]]}},{"type":"Feature","id":"citrus-parcels-369","properties":{"sourceId":"citrus-parcels","CLASS_ID":"1","CLASS_NAME":"掩膜提取2_tif [Classvalue=1]","AREA":2,"name":"掩膜提取2_tif [Classvalue=1]","orchardType":"掩膜提取2_tif [Classvalue=1]","areaMu":0},"geometry":{"type":"Polygon","coordinates":[[[106.11879,31.480705],[106.118684,31.480706],[106.118686,31.480887],[106.118792,31.480886],[106.11879,31.480705]]]}},{"type":"Feature","id":"citrus-parcels-370","properties":{"sourceId":"citrus-parcels","CLASS_ID":"1","CLASS_NAME":"掩膜提取2_tif [Classvalue=1]","AREA":1,"name":"掩膜提取2_tif [Classvalue=1]","orchardType":"掩膜提取2_tif [Classvalue=1]","areaMu":0},"geometry":{"type":"Polygon","coordinates":[[[106.119419,31.480519],[106.119314,31.48052],[106.119315,31.48061],[106.11942,31.48061],[106.119419,31.480519]]]}},{"type":"Feature","id":"citrus-parcels-371","properties":{"sourceId":"citrus-parcels","CLASS_ID":"1","CLASS_NAME":"掩膜提取2_tif [Classvalue=1]","AREA":3,"name":"掩膜提取2_tif [Classvalue=1]","orchardType":"掩膜提取2_tif [Classvalue=1]","areaMu":0},"geometry":{"type":"Polygon","coordinates":[[[106.118471,31.480437],[106.11826,31.480439],[106.118261,31.480529],[106.118366,31.480529],[106.118367,31.480619],[106.118473,31.480618],[106.118471,31.480437]]]}},{"type":"Feature","id":"citrus-parcels-372","properties":{"sourceId":"citrus-parcels","CLASS_ID":"1","CLASS_NAME":"掩膜提取2_tif [Classvalue=1]","AREA":2,"name":"掩膜提取2_tif [Classvalue=1]","orchardType":"掩膜提取2_tif [Classvalue=1]","areaMu":0},"geometry":{"type":"Polygon","coordinates":[[[106.118786,31.480435],[106.118681,31.480436],[106.118683,31.480616],[106.118789,31.480615],[106.118786,31.480435]]]}},{"type":"Feature","id":"citrus-parcels-373","properties":{"sourceId":"citrus-parcels","CLASS_ID":"1","CLASS_NAME":"掩膜提取2_tif [Classvalue=1]","AREA":3,"name":"掩膜提取2_tif [Classvalue=1]","orchardType":"掩膜提取2_tif [Classvalue=1]","areaMu":0},"geometry":{"type":"Polygon","coordinates":[[[106.121102,31.480414],[106.120892,31.480416],[106.120893,31.480506],[106.120998,31.480505],[106.120999,31.480596],[106.121104,31.480595],[106.121102,31.480414]]]}},{"type":"Feature","id":"citrus-parcels-374","properties":{"sourceId":"citrus-parcels","CLASS_ID":"1","CLASS_NAME":"掩膜提取2_tif [Classvalue=1]","AREA":3,"name":"掩膜提取2_tif [Classvalue=1]","orchardType":"掩膜提取2_tif [Classvalue=1]","areaMu":0},"geometry":{"type":"Polygon","coordinates":[[[106.114891,31.480378],[106.114785,31.480379],[106.114789,31.48065],[106.114894,31.480649],[106.114891,31.480378]]]}},{"type":"Feature","id":"citrus-parcels-375","properties":{"sourceId":"citrus-parcels","CLASS_ID":"1","CLASS_NAME":"掩膜提取2_tif [Classvalue=1]","AREA":3,"name":"掩膜提取2_tif [Classvalue=1]","orchardType":"掩膜提取2_tif [Classvalue=1]","areaMu":0},"geometry":{"type":"Polygon","coordinates":[[[106.114994,31.480197],[106.114783,31.480199],[106.114784,31.480289],[106.11489,31.480288],[106.114891,31.480378],[106.114996,31.480377],[106.114994,31.480197]]]}},{"type":"Feature","id":"citrus-parcels-376","properties":{"sourceId":"citrus-parcels","CLASS_ID":"1","CLASS_NAME":"掩膜提取2_tif [Classvalue=1]","AREA":1,"name":"掩膜提取2_tif [Classvalue=1]","orchardType":"掩膜提取2_tif [Classvalue=1]","areaMu":0},"geometry":{"type":"Polygon","coordinates":[[[106.118257,31.480169],[106.118152,31.48017],[106.118153,31.48026],[106.118258,31.480259],[106.118257,31.480169]]]}},{"type":"Feature","id":"citrus-parcels-377","properties":{"sourceId":"citrus-parcels","CLASS_ID":"1","CLASS_NAME":"掩膜提取2_tif [Classvalue=1]","AREA":1,"name":"掩膜提取2_tif [Classvalue=1]","orchardType":"掩膜提取2_tif [Classvalue=1]","areaMu":0},"geometry":{"type":"Polygon","coordinates":[[[106.115098,31.480106],[106.114993,31.480107],[106.114994,31.480197],[106.115099,31.480196],[106.115098,31.480106]]]}},{"type":"Feature","id":"citrus-parcels-378","properties":{"sourceId":"citrus-parcels","CLASS_ID":"1","CLASS_NAME":"掩膜提取2_tif [Classvalue=1]","AREA":38,"name":"掩膜提取2_tif [Classvalue=1]","orchardType":"掩膜提取2_tif [Classvalue=1]","areaMu":0.06},"geometry":{"type":"Polygon","coordinates":[[[106.115622,31.479921],[106.115412,31.479923],[106.115413,31.480013],[106.115518,31.480012],[106.115522,31.480373],[106.115733,31.480371],[106.115735,31.480551],[106.115419,31.480554],[106.115421,31.480735],[106.115632,31.480733],[106.115635,31.481003],[106.11574,31.481003],[106.115742,31.481183],[106.115953,31.481181],[106.115954,31.481271],[106.116059,31.48127],[106.116056,31.481],[106.115951,31.481001],[106.11595,31.48091],[106.115844,31.480911],[106.11584,31.480551],[106.115945,31.48055],[106.115941,31.480189],[106.115625,31.480192],[106.115622,31.479921]]]}},{"type":"Feature","id":"citrus-parcels-379","properties":{"sourceId":"citrus-parcels","CLASS_ID":"1","CLASS_NAME":"掩膜提取2_tif [Classvalue=1]","AREA":1,"name":"掩膜提取2_tif [Classvalue=1]","orchardType":"掩膜提取2_tif [Classvalue=1]","areaMu":0},"geometry":{"type":"Polygon","coordinates":[[[106.114041,31.479754],[106.113936,31.479755],[106.113937,31.479845],[106.114042,31.479844],[106.114041,31.479754]]]}},{"type":"Feature","id":"citrus-parcels-380","properties":{"sourceId":"citrus-parcels","CLASS_ID":"1","CLASS_NAME":"掩膜提取2_tif [Classvalue=1]","AREA":2140,"name":"掩膜提取2_tif [Classvalue=1]","orchardType":"掩膜提取2_tif [Classvalue=1]","areaMu":3.21},"geometry":{"type":"MultiPolygon","coordinates":[[[[106.135407,31.479386],[106.135301,31.479387],[106.135302,31.479477],[106.135092,31.479479],[106.135093,31.479569],[106.134672,31.479573],[106.134673,31.479663],[106.134568,31.479664],[106.13457,31.479845],[106.134465,31.479846],[106.134464,31.479755],[106.134148,31.479758],[106.134149,31.479848],[106.133938,31.47985],[106.13394,31.47994],[106.133834,31.479941],[106.133835,31.480032],[106.13373,31.480032],[106.133732,31.480213],[106.133627,31.480214],[106.133629,31.480394],[106.133419,31.480396],[106.133421,31.480577],[106.13321,31.480578],[106.133211,31.480669],[106.133317,31.480668],[106.133319,31.480848],[106.133214,31.480849],[106.133212,31.480759],[106.133107,31.48076],[106.133108,31.48085],[106.133003,31.480851],[106.133004,31.480941],[106.132899,31.480942],[106.132901,31.481122],[106.133006,31.481122],[106.133005,31.481031],[106.13311,31.48103],[106.133112,31.481121],[106.133006,31.481122],[106.133007,31.481212],[106.132902,31.481213],[106.132903,31.481303],[106.132693,31.481305],[106.132695,31.481485],[106.13259,31.481486],[106.132592,31.481666],[106.132487,31.481667],[106.132488,31.481758],[106.132382,31.481759],[106.132385,31.481939],[106.132279,31.48194],[106.13228,31.48203],[106.13207,31.482032],[106.132071,31.482122],[106.131966,31.482123],[106.131967,31.482213],[106.131861,31.482214],[106.13186,31.482124],[106.131755,31.482125],[106.131754,31.482035],[106.131649,31.482036],[106.131646,31.481765],[106.131751,31.481764],[106.131745,31.481313],[106.131851,31.481312],[106.131848,31.481132],[106.131954,31.481131],[106.131952,31.48095],[106.131846,31.480951],[106.131844,31.480771],[106.131739,31.480772],[106.131738,31.480682],[106.131632,31.480683],[106.13163,31.480502],[106.131525,31.480503],[106.131524,31.480413],[106.131419,31.480414],[106.13142,31.480504],[106.130472,31.480512],[106.130474,31.480603],[106.130368,31.480604],[106.130369,31.480694],[106.130264,31.480695],[106.130266,31.480875],[106.130161,31.480876],[106.130162,31.480966],[106.130057,31.480967],[106.130058,31.481057],[106.130163,31.481056],[106.130164,31.481147],[106.13027,31.481146],[106.130271,31.481236],[106.130376,31.481235],[106.130377,31.481325],[106.130482,31.481324],[106.130483,31.481414],[106.130589,31.481414],[106.13059,31.481504],[106.130695,31.481503],[106.130706,31.482405],[106.129443,31.482416],[106.129444,31.482506],[106.129338,31.482507],[106.12934,31.482597],[106.129234,31.482598],[106.129236,31.482779],[106.129131,31.48278],[106.129132,31.48287],[106.129343,31.482868],[106.129344,31.482958],[106.129133,31.48296],[106.129142,31.483682],[106.129458,31.483679],[106.129456,31.483499],[106.129561,31.483498],[106.129559,31.483317],[106.129664,31.483316],[106.129661,31.483046],[106.129871,31.483044],[106.129872,31.483134],[106.130504,31.483128],[106.130505,31.483219],[106.1304,31.48322],[106.130401,31.48331],[106.130296,31.483311],[106.130298,31.483491],[106.130192,31.483492],[106.130194,31.483582],[106.130088,31.483583],[106.130089,31.483673],[106.129984,31.483674],[106.129986,31.483855],[106.129881,31.483856],[106.129882,31.483946],[106.129777,31.483947],[106.129778,31.484037],[106.129883,31.484036],[106.129885,31.484216],[106.129991,31.484216],[106.129993,31.484396],[106.130098,31.484395],[106.130099,31.484485],[106.130204,31.484484],[106.130205,31.484575],[106.130521,31.484572],[106.13052,31.484482],[106.130941,31.484478],[106.13094,31.484388],[106.131361,31.484384],[106.13136,31.484294],[106.131571,31.484292],[106.13157,31.484202],[106.131675,31.484201],[106.131676,31.484291],[106.132202,31.484286],[106.132203,31.484376],[106.132414,31.484375],[106.132413,31.484284],[106.132518,31.484283],[106.132517,31.484193],[106.132622,31.484192],[106.132621,31.484102],[106.132726,31.484101],[106.132725,31.484011],[106.132831,31.48401],[106.132829,31.48392],[106.133145,31.483917],[106.133144,31.483827],[106.133249,31.483826],[106.133248,31.483736],[106.133564,31.483733],[106.133563,31.483643],[106.133774,31.483641],[106.133775,31.483731],[106.133985,31.483729],[106.133986,31.483819],[106.134092,31.483818],[106.134094,31.483999],[106.134831,31.483992],[106.134829,31.483902],[106.135566,31.483896],[106.135567,31.483986],[106.135673,31.483985],[106.135672,31.483895],[106.135987,31.483892],[106.135986,31.483802],[106.136302,31.483799],[106.136301,31.483709],[106.136617,31.483706],[106.136616,31.483616],[106.13651,31.483617],[106.136507,31.483346],[106.136612,31.483345],[106.136605,31.482714],[106.1365,31.482714],[106.136496,31.482444],[106.136391,31.482445],[106.136389,31.482264],[106.136284,31.482265],[106.136281,31.482085],[106.136176,31.482086],[106.136177,31.482176],[106.135967,31.482178],[106.135968,31.482268],[106.135757,31.48227],[106.135758,31.48236],[106.134495,31.482371],[106.134494,31.482281],[106.134178,31.482284],[106.134174,31.481923],[106.134384,31.481921],[106.134383,31.481831],[106.134489,31.48183],[106.134488,31.48174],[106.134698,31.481738],[106.134697,31.481648],[106.134802,31.481647],[106.134801,31.481557],[106.134906,31.481556],[106.134905,31.481466],[106.135116,31.481464],[106.135115,31.481373],[106.13522,31.481373],[106.135218,31.481192],[106.135113,31.481193],[106.135109,31.480922],[106.13532,31.480921],[106.135319,31.48083],[106.13574,31.480827],[106.135739,31.480736],[106.135949,31.480735],[106.135939,31.479923],[106.136045,31.479922],[106.136039,31.479471],[106.135723,31.479474],[106.135722,31.479383],[106.135617,31.479384],[106.135618,31.479474],[106.135408,31.479476],[106.135407,31.479386]]],[[[106.13377,31.48337],[106.133665,31.483371],[106.133664,31.483281],[106.133875,31.483279],[106.133877,31.483459],[106.133771,31.48346],[106.13377,31.48337]]],[[[106.134298,31.483456],[106.134087,31.483458],[106.134083,31.483097],[106.134188,31.483096],[106.134189,31.483186],[106.134294,31.483185],[106.134298,31.483456]]],[[[106.129452,31.483228],[106.129347,31.483229],[106.129345,31.483048],[106.12945,31.483048],[106.129452,31.483228]]],[[[106.134082,31.483007],[106.133976,31.483007],[106.133978,31.483098],[106.133872,31.483099],[106.13387,31.482918],[106.134081,31.482916],[106.134082,31.483007]]],[[[106.13608,31.482808],[106.135974,31.482809],[106.135973,31.482719],[106.136078,31.482718],[106.13608,31.482808]]],[[[106.133652,31.482289],[106.133441,31.48229],[106.13344,31.4822],[106.133651,31.482198],[106.133652,31.482289]]],[[[106.134999,31.480472],[106.134788,31.480474],[106.134789,31.480564],[106.134684,31.480565],[106.134685,31.480656],[106.134475,31.480657],[106.134473,31.480567],[106.134579,31.480566],[106.134578,31.480476],[106.134683,31.480475],[106.134682,31.480385],[106.134998,31.480382],[106.134999,31.480472]]],[[[106.134885,31.479752],[106.134779,31.479753],[106.134778,31.479662],[106.134884,31.479661],[106.134885,31.479752]]]]}},{"type":"Feature","id":"citrus-parcels-381","properties":{"sourceId":"citrus-parcels","CLASS_ID":"1","CLASS_NAME":"掩膜提取2_tif [Classvalue=1]","AREA":5,"name":"掩膜提取2_tif [Classvalue=1]","orchardType":"掩膜提取2_tif [Classvalue=1]","areaMu":0.01},"geometry":{"type":"Polygon","coordinates":[[[106.114143,31.479483],[106.114038,31.479484],[106.114039,31.479574],[106.113828,31.479576],[106.113829,31.479666],[106.11404,31.479664],[106.114041,31.479754],[106.114146,31.479753],[106.114143,31.479483]]]}},{"type":"Feature","id":"citrus-parcels-382","properties":{"sourceId":"citrus-parcels","CLASS_ID":"1","CLASS_NAME":"掩膜提取2_tif [Classvalue=1]","AREA":1,"name":"掩膜提取2_tif [Classvalue=1]","orchardType":"掩膜提取2_tif [Classvalue=1]","areaMu":0},"geometry":{"type":"Polygon","coordinates":[[[106.114459,31.47948],[106.114354,31.479481],[106.114355,31.479571],[106.11446,31.47957],[106.114459,31.47948]]]}},{"type":"Feature","id":"citrus-parcels-383","properties":{"sourceId":"citrus-parcels","CLASS_ID":"1","CLASS_NAME":"掩膜提取2_tif [Classvalue=1]","AREA":1,"name":"掩膜提取2_tif [Classvalue=1]","orchardType":"掩膜提取2_tif [Classvalue=1]","areaMu":0},"geometry":{"type":"Polygon","coordinates":[[[106.113511,31.479398],[106.113405,31.479399],[106.113406,31.479489],[106.113512,31.479488],[106.113511,31.479398]]]}},{"type":"Feature","id":"citrus-parcels-384","properties":{"sourceId":"citrus-parcels","CLASS_ID":"1","CLASS_NAME":"掩膜提取2_tif [Classvalue=1]","AREA":183,"name":"掩膜提取2_tif [Classvalue=1]","orchardType":"掩膜提取2_tif [Classvalue=1]","areaMu":0.27},"geometry":{"type":"MultiPolygon","coordinates":[[[[106.119931,31.479342],[106.119616,31.479345],[106.119618,31.479525],[106.119512,31.479526],[106.119511,31.479436],[106.119406,31.479437],[106.119407,31.479527],[106.119302,31.479528],[106.119303,31.479618],[106.119198,31.479619],[106.119199,31.479709],[106.119515,31.479707],[106.119514,31.479616],[106.119619,31.479615],[106.11962,31.479706],[106.119725,31.479705],[106.119727,31.479885],[106.119411,31.479888],[106.119413,31.479978],[106.119307,31.479979],[106.119306,31.479889],[106.119201,31.47989],[106.119199,31.479709],[106.119094,31.47971],[106.119092,31.47962],[106.119198,31.479619],[106.119197,31.479529],[106.118986,31.479531],[106.118987,31.479621],[106.118671,31.479624],[106.11867,31.479533],[106.118565,31.479534],[106.118567,31.479715],[106.118357,31.479717],[106.118358,31.479807],[106.118253,31.479808],[106.118256,31.480078],[106.118361,31.480077],[106.118363,31.480258],[106.118468,31.480257],[106.118464,31.479896],[106.118569,31.479895],[106.118568,31.479805],[106.118674,31.479804],[106.118675,31.479894],[106.11878,31.479893],[106.118782,31.480074],[106.118677,31.480075],[106.118676,31.479985],[106.11857,31.479985],[106.118574,31.480256],[106.118468,31.480257],[106.11847,31.480347],[106.11868,31.480345],[106.118679,31.480255],[106.118784,31.480254],[106.118785,31.480344],[106.118996,31.480343],[106.118995,31.480252],[106.119837,31.480245],[106.119836,31.480155],[106.119941,31.480154],[106.119938,31.479883],[106.120148,31.479881],[106.120145,31.479611],[106.12025,31.47961],[106.120254,31.47988],[106.120359,31.47988],[106.12036,31.47997],[106.120149,31.479972],[106.120152,31.480152],[106.120257,31.480151],[106.120256,31.480061],[106.120361,31.48006],[106.120363,31.48024],[106.120574,31.480239],[106.120575,31.480329],[106.120785,31.480327],[106.120786,31.480417],[106.120892,31.480416],[106.120891,31.480326],[106.120996,31.480325],[106.120995,31.480235],[106.1211,31.480234],[106.121099,31.480144],[106.121309,31.480142],[106.12131,31.480232],[106.121205,31.480233],[106.121206,31.480323],[106.121312,31.480322],[106.121316,31.480683],[106.121526,31.480681],[106.121523,31.480411],[106.121628,31.48041],[106.121627,31.48032],[106.121522,31.48032],[106.121521,31.48023],[106.121416,31.480231],[106.121414,31.480051],[106.121308,31.480052],[106.121306,31.479871],[106.121201,31.479872],[106.1212,31.479782],[106.121095,31.479783],[106.121094,31.479693],[106.120988,31.479694],[106.120987,31.479603],[106.120882,31.479604],[106.120881,31.479514],[106.120776,31.479515],[106.120777,31.479605],[106.120671,31.479606],[106.120674,31.479787],[106.120884,31.479785],[106.120885,31.479875],[106.12099,31.479874],[106.120994,31.480145],[106.120888,31.480146],[106.120886,31.479965],[106.12057,31.479968],[106.120569,31.479878],[106.120464,31.479879],[106.120463,31.479788],[106.120358,31.479789],[106.120357,31.479699],[106.120567,31.479697],[106.120566,31.479607],[106.120461,31.479608],[106.12046,31.479518],[106.120249,31.47952],[106.120247,31.479339],[106.120037,31.479341],[106.120038,31.479431],[106.120143,31.47943],[106.120144,31.479521],[106.120039,31.479521],[106.12004,31.479612],[106.119935,31.479613],[106.119931,31.479342]]],[[[106.119097,31.479981],[106.118992,31.479982],[106.11899,31.479892],[106.119096,31.479891],[106.119097,31.479981]]]]}},{"type":"Feature","id":"citrus-parcels-385","properties":{"sourceId":"citrus-parcels","CLASS_ID":"1","CLASS_NAME":"掩膜提取2_tif [Classvalue=1]","AREA":1,"name":"掩膜提取2_tif [Classvalue=1]","orchardType":"掩膜提取2_tif [Classvalue=1]","areaMu":0},"geometry":{"type":"Polygon","coordinates":[[[106.114036,31.479303],[106.11393,31.479304],[106.113932,31.479394],[106.114037,31.479393],[106.114036,31.479303]]]}},{"type":"Feature","id":"citrus-parcels-386","properties":{"sourceId":"citrus-parcels","CLASS_ID":"1","CLASS_NAME":"掩膜提取2_tif [Classvalue=1]","AREA":6,"name":"掩膜提取2_tif [Classvalue=1]","orchardType":"掩膜提取2_tif [Classvalue=1]","areaMu":0.01},"geometry":{"type":"Polygon","coordinates":[[[106.112561,31.479226],[106.11214,31.479229],[106.112141,31.47932],[106.112352,31.479318],[106.112353,31.479408],[106.112563,31.479406],[106.112561,31.479226]]]}},{"type":"Feature","id":"citrus-parcels-387","properties":{"sourceId":"citrus-parcels","CLASS_ID":"1","CLASS_NAME":"掩膜提取2_tif [Classvalue=1]","AREA":1,"name":"掩膜提取2_tif [Classvalue=1]","orchardType":"掩膜提取2_tif [Classvalue=1]","areaMu":0},"geometry":{"type":"Polygon","coordinates":[[[106.114771,31.479207],[106.114666,31.479208],[106.114667,31.479298],[106.114773,31.479297],[106.114771,31.479207]]]}},{"type":"Feature","id":"citrus-parcels-388","properties":{"sourceId":"citrus-parcels","CLASS_ID":"1","CLASS_NAME":"掩膜提取2_tif [Classvalue=1]","AREA":13,"name":"掩膜提取2_tif [Classvalue=1]","orchardType":"掩膜提取2_tif [Classvalue=1]","areaMu":0.02},"geometry":{"type":"Polygon","coordinates":[[[106.115824,31.479197],[106.115719,31.479198],[106.115722,31.479469],[106.115827,31.479468],[106.115826,31.479378],[106.115931,31.479377],[106.115933,31.479467],[106.115827,31.479468],[106.115828,31.479558],[106.115934,31.479557],[106.115935,31.479648],[106.116145,31.479646],[106.116144,31.479556],[106.116249,31.479555],[106.116248,31.479464],[106.116143,31.479465],[106.116142,31.479375],[106.116037,31.479376],[106.116036,31.479286],[106.115825,31.479288],[106.115824,31.479197]]]}},{"type":"Feature","id":"citrus-parcels-389","properties":{"sourceId":"citrus-parcels","CLASS_ID":"1","CLASS_NAME":"掩膜提取2_tif [Classvalue=1]","AREA":1,"name":"掩膜提取2_tif [Classvalue=1]","orchardType":"掩膜提取2_tif [Classvalue=1]","areaMu":0},"geometry":{"type":"Polygon","coordinates":[[[106.120139,31.47907],[106.120033,31.47907],[106.120034,31.479161],[106.12014,31.47916],[106.120139,31.47907]]]}},{"type":"Feature","id":"citrus-parcels-390","properties":{"sourceId":"citrus-parcels","CLASS_ID":"1","CLASS_NAME":"掩膜提取2_tif [Classvalue=1]","AREA":1,"name":"掩膜提取2_tif [Classvalue=1]","orchardType":"掩膜提取2_tif [Classvalue=1]","areaMu":0},"geometry":{"type":"Polygon","coordinates":[[[106.114663,31.478937],[106.114558,31.478938],[106.114559,31.479028],[106.114664,31.479027],[106.114663,31.478937]]]}},{"type":"Feature","id":"citrus-parcels-391","properties":{"sourceId":"citrus-parcels","CLASS_ID":"1","CLASS_NAME":"掩膜提取2_tif [Classvalue=1]","AREA":42,"name":"掩膜提取2_tif [Classvalue=1]","orchardType":"掩膜提取2_tif [Classvalue=1]","areaMu":0.06},"geometry":{"type":"Polygon","coordinates":[[[106.115505,31.47893],[106.115084,31.478933],[106.115086,31.479114],[106.114981,31.479115],[106.114982,31.479205],[106.115087,31.479204],[106.115089,31.479384],[106.115405,31.479382],[106.115407,31.479562],[106.115197,31.479564],[106.115201,31.479925],[106.115412,31.479923],[106.115411,31.479833],[106.115516,31.479832],[106.115515,31.479741],[106.115725,31.47974],[106.115723,31.479559],[106.115618,31.47956],[106.115616,31.47938],[106.11551,31.479381],[106.115508,31.4792],[106.115614,31.479199],[106.115611,31.479019],[106.115506,31.47902],[106.115505,31.47893]]]}},{"type":"Feature","id":"citrus-parcels-392","properties":{"sourceId":"citrus-parcels","CLASS_ID":"1","CLASS_NAME":"掩膜提取2_tif [Classvalue=1]","AREA":11,"name":"掩膜提取2_tif [Classvalue=1]","orchardType":"掩膜提取2_tif [Classvalue=1]","areaMu":0.02},"geometry":{"type":"Polygon","coordinates":[[[106.112662,31.478864],[106.112557,31.478865],[106.112558,31.478955],[106.112453,31.478956],[106.112454,31.479046],[106.112348,31.479047],[106.112349,31.479137],[106.11256,31.479136],[106.112561,31.479226],[106.112666,31.479225],[106.112667,31.479315],[106.112773,31.479314],[106.112768,31.478953],[106.112663,31.478954],[106.112662,31.478864]]]}},{"type":"Feature","id":"citrus-parcels-393","properties":{"sourceId":"citrus-parcels","CLASS_ID":"1","CLASS_NAME":"掩膜提取2_tif [Classvalue=1]","AREA":2006,"name":"掩膜提取2_tif [Classvalue=1]","orchardType":"掩膜提取2_tif [Classvalue=1]","areaMu":3.01},"geometry":{"type":"MultiPolygon","coordinates":[[[[106.141608,31.478609],[106.141398,31.478611],[106.141399,31.478701],[106.141083,31.478704],[106.141085,31.478885],[106.14098,31.478885],[106.140979,31.478795],[106.140768,31.478797],[106.140769,31.478887],[106.140559,31.478889],[106.140568,31.479611],[106.140673,31.47961],[106.140675,31.47979],[106.14078,31.479789],[106.140782,31.47997],[106.140888,31.479969],[106.14089,31.480149],[106.140995,31.480148],[106.141004,31.48087],[106.141214,31.480868],[106.141217,31.481049],[106.141322,31.481048],[106.141325,31.481318],[106.14143,31.481317],[106.141434,31.481588],[106.141328,31.481589],[106.141325,31.481318],[106.141009,31.481321],[106.141008,31.481231],[106.140798,31.481233],[106.140799,31.481323],[106.140694,31.481324],[106.140696,31.481504],[106.140591,31.481505],[106.140593,31.481686],[106.140698,31.481685],[106.1407,31.481865],[106.140805,31.481864],[106.140807,31.481954],[106.140912,31.481953],[106.140913,31.482044],[106.141018,31.482043],[106.141023,31.482404],[106.140917,31.482405],[106.140922,31.482765],[106.141237,31.482763],[106.141236,31.482672],[106.141447,31.48267],[106.141446,31.48258],[106.141762,31.482577],[106.141764,31.482758],[106.141869,31.482757],[106.141873,31.483118],[106.141979,31.483117],[106.141983,31.483478],[106.142088,31.483477],[106.142091,31.483657],[106.142196,31.483656],[106.142198,31.483837],[106.142093,31.483838],[106.142094,31.483928],[106.141989,31.483929],[106.141991,31.484109],[106.141885,31.48411],[106.14189,31.484471],[106.141785,31.484472],[106.141786,31.484562],[106.14168,31.484563],[106.141679,31.484473],[106.141364,31.484476],[106.141362,31.484385],[106.140941,31.484389],[106.140944,31.484569],[106.141049,31.484569],[106.141048,31.484478],[106.141153,31.484477],[106.141157,31.484838],[106.141263,31.484837],[106.141268,31.485288],[106.141163,31.485289],[106.141164,31.485379],[106.141059,31.48538],[106.14106,31.485471],[106.140849,31.485473],[106.14085,31.485563],[106.140535,31.485566],[106.140536,31.485656],[106.140325,31.485658],[106.140324,31.485567],[106.140113,31.485569],[106.140112,31.485479],[106.140007,31.48548],[106.140009,31.48566],[106.140115,31.485659],[106.140118,31.48593],[106.140223,31.485929],[106.140229,31.48638],[106.140334,31.486379],[106.140336,31.48656],[106.140652,31.486557],[106.140653,31.486647],[106.140969,31.486644],[106.140968,31.486554],[106.141073,31.486553],[106.141071,31.486373],[106.141176,31.486372],[106.141178,31.486552],[106.141283,31.486551],[106.141281,31.486371],[106.141492,31.486369],[106.141491,31.486279],[106.141596,31.486278],[106.141595,31.486188],[106.141911,31.486185],[106.14191,31.486095],[106.14212,31.486093],[106.142118,31.485912],[106.142223,31.485911],[106.142222,31.485821],[106.142538,31.485818],[106.142539,31.485909],[106.142644,31.485908],[106.142645,31.485998],[106.142856,31.485996],[106.142857,31.486086],[106.142962,31.486085],[106.142963,31.486175],[106.143069,31.486174],[106.143071,31.486355],[106.143176,31.486354],[106.143178,31.486534],[106.143073,31.486535],[106.143076,31.486806],[106.142971,31.486807],[106.142973,31.486987],[106.142868,31.486988],[106.142869,31.487078],[106.142764,31.487079],[106.142765,31.48717],[106.14287,31.487169],[106.142872,31.487349],[106.142978,31.487348],[106.142979,31.487438],[106.143084,31.487437],[106.143083,31.487347],[106.143188,31.487346],[106.143187,31.487256],[106.143292,31.487255],[106.143291,31.487165],[106.143396,31.487164],[106.143395,31.487074],[106.143501,31.487073],[106.1435,31.486983],[106.143605,31.486982],[106.143604,31.486891],[106.143709,31.48689],[106.143708,31.4868],[106.143813,31.486799],[106.14381,31.486529],[106.143915,31.486528],[106.143914,31.486438],[106.144019,31.486437],[106.144018,31.486346],[106.144123,31.486345],[106.144121,31.486165],[106.144227,31.486164],[106.144225,31.486074],[106.144436,31.486072],[106.144435,31.485982],[106.144645,31.48598],[106.144644,31.48589],[106.144855,31.485888],[106.144854,31.485798],[106.14517,31.485795],[106.145168,31.485705],[106.145274,31.485704],[106.145273,31.485613],[106.145588,31.485611],[106.145587,31.48552],[106.145693,31.485519],[106.145691,31.485429],[106.145797,31.485428],[106.145796,31.485338],[106.146217,31.485334],[106.146216,31.485244],[106.146321,31.485243],[106.146322,31.485333],[106.146427,31.485332],[106.146426,31.485242],[106.146531,31.485241],[106.146534,31.485422],[106.146744,31.48542],[106.146746,31.4856],[106.146852,31.485599],[106.146854,31.48578],[106.146959,31.485779],[106.146961,31.485959],[106.147066,31.485958],[106.147068,31.486048],[106.147383,31.486046],[106.147382,31.485955],[106.147488,31.485954],[106.147486,31.485864],[106.147697,31.485862],[106.147696,31.485772],[106.147906,31.48577],[106.147905,31.48568],[106.148116,31.485678],[106.148115,31.485588],[106.148325,31.485586],[106.148324,31.485496],[106.148535,31.485494],[106.148526,31.484772],[106.148421,31.484773],[106.148418,31.484593],[106.148313,31.484594],[106.148311,31.484413],[106.148206,31.484414],[106.148205,31.484324],[106.147994,31.484326],[106.147993,31.484236],[106.147677,31.484239],[106.147678,31.484329],[106.147573,31.48433],[106.147574,31.48442],[106.147785,31.484418],[106.147787,31.484599],[106.147682,31.484599],[106.14768,31.484509],[106.147575,31.48451],[106.147574,31.48442],[106.147469,31.484421],[106.14747,31.484511],[106.147365,31.484512],[106.147366,31.484602],[106.147261,31.484603],[106.147262,31.484693],[106.147051,31.484695],[106.147052,31.484786],[106.146947,31.484786],[106.146946,31.484696],[106.146841,31.484697],[106.146839,31.484607],[106.146734,31.484608],[106.146733,31.484518],[106.146628,31.484519],[106.146626,31.484338],[106.14652,31.484339],[106.146518,31.484159],[106.146623,31.484158],[106.146621,31.483977],[106.146726,31.483977],[106.146725,31.483886],[106.146831,31.483885],[106.146827,31.483615],[106.146933,31.483614],[106.146932,31.483524],[106.147037,31.483523],[106.147036,31.483432],[106.147141,31.483431],[106.147139,31.483251],[106.147244,31.48325],[106.147241,31.48298],[106.147346,31.482979],[106.147344,31.482798],[106.147449,31.482797],[106.147448,31.482707],[106.147553,31.482706],[106.147551,31.482526],[106.147762,31.482524],[106.14776,31.482434],[106.147655,31.482434],[106.147654,31.482344],[106.147549,31.482345],[106.147547,31.482165],[106.147441,31.482166],[106.14744,31.482076],[106.14723,31.482077],[106.147229,31.481987],[106.146702,31.481992],[106.146703,31.482082],[106.146598,31.482083],[106.146601,31.482354],[106.146707,31.482353],[106.146708,31.482443],[106.146603,31.482444],[106.146604,31.482534],[106.146498,31.482535],[106.146501,31.482715],[106.146395,31.482716],[106.146397,31.482897],[106.146292,31.482898],[106.146297,31.483259],[106.146191,31.48326],[106.146195,31.48353],[106.145668,31.483535],[106.145667,31.483445],[106.145562,31.483446],[106.14556,31.483265],[106.145455,31.483266],[106.145452,31.483086],[106.145347,31.483087],[106.145345,31.482906],[106.14524,31.482907],[106.145237,31.482727],[106.145132,31.482728],[106.145133,31.482818],[106.145028,31.482819],[106.145029,31.482909],[106.144924,31.48291],[106.144932,31.483541],[106.145037,31.483541],[106.145039,31.483721],[106.145144,31.48372],[106.145145,31.48381],[106.145251,31.483809],[106.145253,31.48399],[106.145358,31.483989],[106.145359,31.484079],[106.145464,31.484078],[106.145468,31.484349],[106.145573,31.484348],[106.145576,31.484618],[106.145471,31.484619],[106.145475,31.48498],[106.145265,31.484982],[106.145266,31.485072],[106.145055,31.485074],[106.145054,31.484984],[106.144949,31.484985],[106.14495,31.485075],[106.14474,31.485077],[106.144741,31.485167],[106.144635,31.485168],[106.144637,31.485258],[106.144426,31.48526],[106.144427,31.48535],[106.144217,31.485352],[106.144216,31.485262],[106.144005,31.485264],[106.144006,31.485354],[106.143901,31.485355],[106.143902,31.485445],[106.143797,31.485446],[106.143798,31.485536],[106.143377,31.48554],[106.143376,31.48545],[106.14327,31.485451],[106.143269,31.485361],[106.143164,31.485362],[106.143163,31.485271],[106.142952,31.485273],[106.14295,31.485093],[106.143055,31.485092],[106.143051,31.484731],[106.143156,31.48473],[106.143153,31.48446],[106.143258,31.484459],[106.143255,31.484188],[106.14315,31.484189],[106.143146,31.483918],[106.143041,31.483919],[106.14304,31.483829],[106.142935,31.48383],[106.142934,31.48374],[106.143039,31.483739],[106.143038,31.483649],[106.142933,31.48365],[106.142932,31.483559],[106.142721,31.483561],[106.142722,31.483651],[106.142406,31.483654],[106.142407,31.483744],[106.142302,31.483745],[106.1423,31.483565],[106.142405,31.483564],[106.142404,31.483474],[106.142299,31.483475],[106.142298,31.483385],[106.142192,31.483386],[106.142189,31.483115],[106.142084,31.483116],[106.142083,31.483026],[106.141978,31.483027],[106.141973,31.482666],[106.141868,31.482667],[106.141865,31.482396],[106.141759,31.482397],[106.141757,31.482217],[106.141652,31.482218],[106.14165,31.482037],[106.141544,31.482038],[106.141542,31.481858],[106.141753,31.481856],[106.141754,31.481946],[106.141859,31.481945],[106.141861,31.482125],[106.141967,31.482124],[106.141969,31.482305],[106.142074,31.482304],[106.142078,31.482665],[106.142289,31.482663],[106.142291,31.482843],[106.142396,31.482842],[106.142398,31.482933],[106.142292,31.482934],[106.142294,31.483114],[106.1424,31.483113],[106.142402,31.483293],[106.142507,31.483292],[106.142509,31.483473],[106.14272,31.483471],[106.142719,31.483381],[106.142824,31.48338],[106.142822,31.483199],[106.142717,31.4832],[106.142714,31.48302],[106.142609,31.483021],[106.142605,31.48266],[106.142499,31.482661],[106.142498,31.482571],[106.142393,31.482572],[106.142391,31.482391],[106.142496,31.48239],[106.14249,31.481849],[106.142279,31.481851],[106.142278,31.481761],[106.142173,31.481762],[106.142172,31.481672],[106.142066,31.481673],[106.142062,31.481312],[106.142167,31.481311],[106.142166,31.481221],[106.142271,31.48122],[106.142269,31.481039],[106.142164,31.48104],[106.142157,31.480499],[106.142263,31.480498],[106.142258,31.480137],[106.142364,31.480136],[106.142362,31.480046],[106.142257,31.480047],[106.142256,31.479957],[106.142151,31.479958],[106.14215,31.479867],[106.142044,31.479868],[106.142046,31.479959],[106.141835,31.47996],[106.141836,31.480051],[106.141626,31.480053],[106.141627,31.480143],[106.141521,31.480144],[106.14152,31.480053],[106.141415,31.480054],[106.14141,31.479603],[106.141515,31.479602],[106.141513,31.479422],[106.141618,31.479421],[106.141616,31.479241],[106.141721,31.47924],[106.141719,31.479059],[106.141824,31.479058],[106.141823,31.478968],[106.141718,31.478969],[106.141714,31.478698],[106.141609,31.478699],[106.141608,31.478609]]],[[[106.141173,31.486101],[106.141067,31.486102],[106.141066,31.486012],[106.141172,31.486011],[106.141173,31.486101]]],[[[106.141168,31.48574],[106.141063,31.485741],[106.141062,31.485651],[106.141167,31.48565],[106.141168,31.48574]]],[[[106.144958,31.485706],[106.144853,31.485707],[106.144852,31.485617],[106.144957,31.485616],[106.144958,31.485706]]],[[[106.14485,31.485527],[106.144745,31.485528],[106.144744,31.485438],[106.144849,31.485437],[106.14485,31.485527]]],[[[106.141472,31.484745],[106.141367,31.484746],[106.141366,31.484656],[106.141576,31.484654],[106.141577,31.484744],[106.141683,31.484743],[106.141684,31.484834],[106.141473,31.484835],[106.141472,31.484745]]],[[[106.141213,31.480778],[106.141108,31.480779],[106.141107,31.480689],[106.141212,31.480688],[106.141213,31.480778]]],[[[106.142055,31.48077],[106.14195,31.480771],[106.141949,31.480681],[106.142054,31.48068],[106.142055,31.48077]]]]}},{"type":"Feature","id":"citrus-parcels-394","properties":{"sourceId":"citrus-parcels","CLASS_ID":"1","CLASS_NAME":"掩膜提取2_tif [Classvalue=1]","AREA":6,"name":"掩膜提取2_tif [Classvalue=1]","orchardType":"掩膜提取2_tif [Classvalue=1]","areaMu":0.01},"geometry":{"type":"Polygon","coordinates":[[[106.113293,31.478768],[106.113187,31.478769],[106.113188,31.47886],[106.113083,31.47886],[106.113084,31.478951],[106.113295,31.478949],[106.113296,31.479039],[106.113401,31.479038],[106.1134,31.478948],[106.113505,31.478947],[106.113504,31.478857],[106.113294,31.478859],[106.113293,31.478768]]]}},{"type":"Feature","id":"citrus-parcels-395","properties":{"sourceId":"citrus-parcels","CLASS_ID":"1","CLASS_NAME":"掩膜提取2_tif [Classvalue=1]","AREA":1,"name":"掩膜提取2_tif [Classvalue=1]","orchardType":"掩膜提取2_tif [Classvalue=1]","areaMu":0},"geometry":{"type":"Polygon","coordinates":[[[106.120134,31.478709],[106.120029,31.47871],[106.12003,31.4788],[106.120135,31.478799],[106.120134,31.478709]]]}},{"type":"Feature","id":"citrus-parcels-396","properties":{"sourceId":"citrus-parcels","CLASS_ID":"1","CLASS_NAME":"掩膜提取2_tif [Classvalue=1]","AREA":3,"name":"掩膜提取2_tif [Classvalue=1]","orchardType":"掩膜提取2_tif [Classvalue=1]","areaMu":0},"geometry":{"type":"Polygon","coordinates":[[[106.114449,31.478668],[106.114239,31.47867],[106.11424,31.47876],[106.114345,31.478759],[106.114346,31.478849],[106.114451,31.478849],[106.114449,31.478668]]]}},{"type":"Feature","id":"citrus-parcels-397","properties":{"sourceId":"citrus-parcels","CLASS_ID":"1","CLASS_NAME":"掩膜提取2_tif [Classvalue=1]","AREA":1,"name":"掩膜提取2_tif [Classvalue=1]","orchardType":"掩膜提取2_tif [Classvalue=1]","areaMu":0},"geometry":{"type":"Polygon","coordinates":[[[106.113711,31.478584],[106.113606,31.478585],[106.113607,31.478675],[106.113712,31.478675],[106.113711,31.478584]]]}},{"type":"Feature","id":"citrus-parcels-398","properties":{"sourceId":"citrus-parcels","CLASS_ID":"1","CLASS_NAME":"掩膜提取2_tif [Classvalue=1]","AREA":2,"name":"掩膜提取2_tif [Classvalue=1]","orchardType":"掩膜提取2_tif [Classvalue=1]","areaMu":0},"geometry":{"type":"Polygon","coordinates":[[[106.113922,31.478582],[106.113817,31.478583],[106.113819,31.478764],[106.113924,31.478763],[106.113922,31.478582]]]}},{"type":"Feature","id":"citrus-parcels-399","properties":{"sourceId":"citrus-parcels","CLASS_ID":"1","CLASS_NAME":"掩膜提取2_tif [Classvalue=1]","AREA":43,"name":"掩膜提取2_tif [Classvalue=1]","orchardType":"掩膜提取2_tif [Classvalue=1]","areaMu":0.06},"geometry":{"type":"Polygon","coordinates":[[[106.120974,31.478521],[106.120869,31.478522],[106.12087,31.478612],[106.12066,31.478614],[106.120662,31.478794],[106.120767,31.478793],[106.120766,31.478703],[106.120871,31.478702],[106.120874,31.478973],[106.120769,31.478974],[106.120768,31.478884],[106.120452,31.478886],[106.120451,31.478796],[106.120346,31.478797],[106.120347,31.478887],[106.120242,31.478888],[106.120243,31.478978],[106.120348,31.478977],[106.12035,31.479158],[106.120455,31.479157],[106.120453,31.478977],[106.120559,31.478976],[106.120563,31.479336],[106.120458,31.479337],[106.120459,31.479428],[106.120564,31.479427],[106.120565,31.479517],[106.120776,31.479515],[106.120774,31.479425],[106.12088,31.479424],[106.120878,31.479244],[106.120983,31.479243],[106.120981,31.479062],[106.121086,31.479061],[106.121083,31.478791],[106.121188,31.47879],[106.121187,31.478699],[106.121082,31.4787],[106.121081,31.47861],[106.120975,31.478611],[106.120974,31.478521]]]}},{"type":"Feature","id":"citrus-parcels-400","properties":{"sourceId":"citrus-parcels","CLASS_ID":"1","CLASS_NAME":"掩膜提取2_tif [Classvalue=1]","AREA":1,"name":"掩膜提取2_tif [Classvalue=1]","orchardType":"掩膜提取2_tif [Classvalue=1]","areaMu":0},"geometry":{"type":"Polygon","coordinates":[[[106.113605,31.478495],[106.1135,31.478496],[106.113501,31.478586],[106.113606,31.478585],[106.113605,31.478495]]]}},{"type":"Feature","id":"citrus-parcels-401","properties":{"sourceId":"citrus-parcels","CLASS_ID":"1","CLASS_NAME":"掩膜提取2_tif [Classvalue=1]","AREA":1,"name":"掩膜提取2_tif [Classvalue=1]","orchardType":"掩膜提取2_tif [Classvalue=1]","areaMu":0},"geometry":{"type":"Polygon","coordinates":[[[106.120552,31.478434],[106.120447,31.478435],[106.120448,31.478526],[106.120553,31.478525],[106.120552,31.478434]]]}},{"type":"Feature","id":"citrus-parcels-402","properties":{"sourceId":"citrus-parcels","CLASS_ID":"1","CLASS_NAME":"掩膜提取2_tif [Classvalue=1]","AREA":1,"name":"掩膜提取2_tif [Classvalue=1]","orchardType":"掩膜提取2_tif [Classvalue=1]","areaMu":0},"geometry":{"type":"Polygon","coordinates":[[[106.120868,31.478432],[106.120763,31.478433],[106.120764,31.478523],[106.120869,31.478522],[106.120868,31.478432]]]}},{"type":"Feature","id":"citrus-parcels-403","properties":{"sourceId":"citrus-parcels","CLASS_ID":"1","CLASS_NAME":"掩膜提取2_tif [Classvalue=1]","AREA":1,"name":"掩膜提取2_tif [Classvalue=1]","orchardType":"掩膜提取2_tif [Classvalue=1]","areaMu":0},"geometry":{"type":"Polygon","coordinates":[[[106.120446,31.478345],[106.120341,31.478346],[106.120342,31.478436],[106.120447,31.478435],[106.120446,31.478345]]]}},{"type":"Feature","id":"citrus-parcels-404","properties":{"sourceId":"citrus-parcels","CLASS_ID":"1","CLASS_NAME":"掩膜提取2_tif [Classvalue=1]","AREA":1,"name":"掩膜提取2_tif [Classvalue=1]","orchardType":"掩膜提取2_tif [Classvalue=1]","areaMu":0},"geometry":{"type":"Polygon","coordinates":[[[106.120656,31.478343],[106.120551,31.478344],[106.120552,31.478434],[106.120657,31.478433],[106.120656,31.478343]]]}},{"type":"Feature","id":"citrus-parcels-405","properties":{"sourceId":"citrus-parcels","CLASS_ID":"1","CLASS_NAME":"掩膜提取2_tif [Classvalue=1]","AREA":10,"name":"掩膜提取2_tif [Classvalue=1]","orchardType":"掩膜提取2_tif [Classvalue=1]","areaMu":0.01},"geometry":{"type":"Polygon","coordinates":[[[106.120339,31.478256],[106.119813,31.47826],[106.119815,31.478441],[106.119921,31.47844],[106.119924,31.478711],[106.120029,31.47871],[106.120025,31.478349],[106.120341,31.478346],[106.120339,31.478256]]]}},{"type":"Feature","id":"citrus-parcels-406","properties":{"sourceId":"citrus-parcels","CLASS_ID":"1","CLASS_NAME":"掩膜提取2_tif [Classvalue=1]","AREA":2,"name":"掩膜提取2_tif [Classvalue=1]","orchardType":"掩膜提取2_tif [Classvalue=1]","areaMu":0},"geometry":{"type":"Polygon","coordinates":[[[106.113812,31.478223],[106.113602,31.478224],[106.113603,31.478315],[106.113813,31.478313],[106.113812,31.478223]]]}},{"type":"Feature","id":"citrus-parcels-407","properties":{"sourceId":"citrus-parcels","CLASS_ID":"1","CLASS_NAME":"掩膜提取2_tif [Classvalue=1]","AREA":3,"name":"掩膜提取2_tif [Classvalue=1]","orchardType":"掩膜提取2_tif [Classvalue=1]","areaMu":0},"geometry":{"type":"Polygon","coordinates":[[[106.119804,31.477449],[106.119698,31.477449],[106.119701,31.47772],[106.119807,31.477719],[106.119804,31.477449]]]}},{"type":"Feature","id":"citrus-parcels-408","properties":{"sourceId":"citrus-parcels","CLASS_ID":"1","CLASS_NAME":"掩膜提取2_tif [Classvalue=1]","AREA":2,"name":"掩膜提取2_tif [Classvalue=1]","orchardType":"掩膜提取2_tif [Classvalue=1]","areaMu":0},"geometry":{"type":"Polygon","coordinates":[[[106.119696,31.477269],[106.119591,31.47727],[106.119593,31.47745],[106.119698,31.477449],[106.119696,31.477269]]]}},{"type":"Feature","id":"citrus-parcels-409","properties":{"sourceId":"citrus-parcels","CLASS_ID":"1","CLASS_NAME":"掩膜提取2_tif [Classvalue=1]","AREA":2,"name":"掩膜提取2_tif [Classvalue=1]","orchardType":"掩膜提取2_tif [Classvalue=1]","areaMu":0},"geometry":{"type":"Polygon","coordinates":[[[106.120321,31.476722],[106.120216,31.476723],[106.120218,31.476904],[106.120323,31.476903],[106.120321,31.476722]]]}},{"type":"Feature","id":"citrus-parcels-410","properties":{"sourceId":"citrus-parcels","CLASS_ID":"1","CLASS_NAME":"掩膜提取2_tif [Classvalue=1]","AREA":1,"name":"掩膜提取2_tif [Classvalue=1]","orchardType":"掩膜提取2_tif [Classvalue=1]","areaMu":0},"geometry":{"type":"Polygon","coordinates":[[[106.121263,31.476263],[106.121158,31.476264],[106.121159,31.476354],[106.121264,31.476353],[106.121263,31.476263]]]}},{"type":"Feature","id":"citrus-parcels-411","properties":{"sourceId":"citrus-parcels","CLASS_ID":"1","CLASS_NAME":"掩膜提取2_tif [Classvalue=1]","AREA":284,"name":"掩膜提取2_tif [Classvalue=1]","orchardType":"掩膜提取2_tif [Classvalue=1]","areaMu":0.43},"geometry":{"type":"MultiPolygon","coordinates":[[[[106.122725,31.475258],[106.122304,31.475261],[106.122305,31.475352],[106.122094,31.475353],[106.122096,31.475444],[106.12199,31.475445],[106.121991,31.475535],[106.121781,31.475537],[106.121783,31.475717],[106.121678,31.475718],[106.12168,31.475898],[106.121575,31.475899],[106.121577,31.47608],[106.121472,31.476081],[106.121474,31.476261],[106.121368,31.476262],[106.121369,31.476352],[106.121264,31.476353],[106.121265,31.476443],[106.12116,31.476444],[106.121161,31.476534],[106.121056,31.476535],[106.121055,31.476445],[106.12116,31.476444],[106.121159,31.476354],[106.120948,31.476356],[106.12095,31.476446],[106.120739,31.476448],[106.12074,31.476538],[106.12053,31.47654],[106.120532,31.47672],[106.120637,31.47672],[106.120636,31.476629],[106.120952,31.476627],[106.120953,31.476717],[106.120847,31.476718],[106.120849,31.476808],[106.120533,31.476811],[106.120535,31.476991],[106.12043,31.476992],[106.120429,31.476902],[106.120323,31.476903],[106.120327,31.477173],[106.120748,31.47717],[106.12075,31.47735],[106.120539,31.477352],[106.120538,31.477262],[106.120433,31.477263],[106.120434,31.477353],[106.120329,31.477354],[106.120331,31.477534],[106.120226,31.477535],[106.120228,31.477715],[106.120123,31.477716],[106.120119,31.477446],[106.120014,31.477447],[106.120013,31.477357],[106.120118,31.477356],[106.120117,31.477265],[106.120222,31.477264],[106.12022,31.477084],[106.12001,31.477086],[106.120011,31.477176],[106.119906,31.477177],[106.119907,31.477267],[106.119801,31.477268],[106.119802,31.477358],[106.119908,31.477357],[106.119913,31.477808],[106.119808,31.477809],[106.119809,31.4779],[106.119914,31.477899],[106.119915,31.477989],[106.120231,31.477986],[106.12023,31.477896],[106.12044,31.477894],[106.120439,31.477804],[106.12065,31.477802],[106.120646,31.477441],[106.120856,31.477439],[106.120855,31.477349],[106.12096,31.477348],[106.120959,31.477258],[106.12117,31.477256],[106.121166,31.476986],[106.121377,31.476984],[106.121376,31.476893],[106.121586,31.476892],[106.121588,31.476982],[106.121798,31.47698],[106.121796,31.4768],[106.121901,31.476799],[106.121902,31.476889],[106.122007,31.476888],[106.122004,31.476617],[106.122215,31.476615],[106.122216,31.476706],[106.122532,31.476703],[106.122528,31.476432],[106.122634,31.476431],[106.122633,31.476341],[106.122738,31.47634],[106.122737,31.47625],[106.122842,31.476249],[106.122841,31.476159],[106.122946,31.476158],[106.122944,31.475978],[106.122839,31.475978],[106.122837,31.475798],[106.122731,31.475799],[106.12273,31.475709],[106.122625,31.47571],[106.122624,31.475619],[106.122834,31.475618],[106.122833,31.475527],[106.122728,31.475528],[106.122725,31.475258]]],[[[106.121062,31.477077],[106.120852,31.477079],[106.120851,31.476988],[106.121061,31.476986],[106.121062,31.477077]]],[[[106.121795,31.476709],[106.121584,31.476711],[106.121583,31.476621],[106.121688,31.47662],[106.121687,31.47653],[106.121793,31.476529],[106.121795,31.476709]]],[[[106.121686,31.47644],[106.121581,31.476441],[106.12158,31.47635],[106.121685,31.476349],[106.121686,31.47644]]]]}},{"type":"Feature","id":"citrus-parcels-412","properties":{"sourceId":"citrus-parcels","CLASS_ID":"1","CLASS_NAME":"掩膜提取2_tif [Classvalue=1]","AREA":334,"name":"掩膜提取2_tif [Classvalue=1]","orchardType":"掩膜提取2_tif [Classvalue=1]","areaMu":0.5},"geometry":{"type":"MultiPolygon","coordinates":[[[[105.969148,31.353181],[105.969043,31.353182],[105.969044,31.353362],[105.968939,31.353363],[105.968942,31.353634],[105.968837,31.353635],[105.968838,31.353725],[105.968733,31.353726],[105.968734,31.353816],[105.968839,31.353815],[105.96884,31.353905],[105.968735,31.353906],[105.968737,31.354177],[105.968632,31.354177],[105.968647,31.355621],[105.968752,31.35562],[105.968753,31.35571],[105.968648,31.355711],[105.968653,31.356162],[105.968758,31.356161],[105.968763,31.356703],[105.969184,31.356699],[105.969185,31.35679],[105.969605,31.356786],[105.969604,31.356696],[105.969709,31.356695],[105.969707,31.356425],[105.969812,31.356424],[105.969811,31.356334],[105.969916,31.356333],[105.969915,31.356243],[105.97002,31.356242],[105.970019,31.356152],[105.969914,31.356153],[105.969913,31.356062],[105.969703,31.356064],[105.969702,31.355974],[105.969597,31.355975],[105.969584,31.354712],[105.969689,31.354711],[105.969687,31.35453],[105.969582,31.354531],[105.96958,31.354351],[105.969685,31.35435],[105.969679,31.353718],[105.969574,31.353719],[105.969572,31.353539],[105.969467,31.35354],[105.969466,31.353449],[105.969361,31.35345],[105.96936,31.35336],[105.969255,31.353361],[105.969254,31.35327],[105.969149,31.353271],[105.969148,31.353181]]],[[[105.969078,31.35661],[105.968868,31.356612],[105.968867,31.356521],[105.969077,31.35652],[105.969078,31.35661]]],[[[105.969071,31.355978],[105.968966,31.355979],[105.968965,31.355889],[105.96907,31.355888],[105.969071,31.355978]]],[[[105.969478,31.354622],[105.969373,31.354623],[105.969372,31.354533],[105.969477,31.354532],[105.969478,31.354622]]]]}},{"type":"Feature","id":"citrus-parcels-413","properties":{"sourceId":"citrus-parcels","CLASS_ID":"1","CLASS_NAME":"掩膜提取2_tif [Classvalue=1]","AREA":316,"name":"掩膜提取2_tif [Classvalue=1]","orchardType":"掩膜提取2_tif [Classvalue=1]","areaMu":0.47},"geometry":{"type":"MultiPolygon","coordinates":[[[[105.969667,31.352546],[105.969562,31.352546],[105.969564,31.352727],[105.969458,31.352728],[105.969462,31.353088],[105.969357,31.353089],[105.969358,31.353179],[105.969463,31.353179],[105.969464,31.353269],[105.969569,31.353268],[105.969571,31.353449],[105.969886,31.353446],[105.9699,31.354799],[105.969795,31.3548],[105.969803,31.355522],[105.969908,31.355521],[105.96991,31.355792],[105.970121,31.35579],[105.97012,31.3557],[105.970225,31.355699],[105.970223,31.355519],[105.970328,31.355518],[105.970327,31.355428],[105.970432,31.355427],[105.970431,31.355337],[105.970537,31.355336],[105.970536,31.355246],[105.970641,31.355245],[105.970639,31.355064],[105.970744,31.355064],[105.970741,31.354793],[105.970636,31.354794],[105.970634,31.354613],[105.970739,31.354613],[105.970738,31.354522],[105.970844,31.354522],[105.970843,31.354431],[105.970948,31.354431],[105.970947,31.35434],[105.971052,31.35434],[105.971051,31.354249],[105.971156,31.354249],[105.971155,31.354158],[105.97126,31.354158],[105.971257,31.353797],[105.971362,31.353796],[105.971358,31.353435],[105.971253,31.353436],[105.971254,31.353526],[105.970939,31.353528],[105.970938,31.353438],[105.970832,31.353439],[105.970832,31.353349],[105.970726,31.35335],[105.970726,31.353259],[105.97062,31.35326],[105.970619,31.35317],[105.970514,31.353171],[105.970513,31.353081],[105.970408,31.353081],[105.970407,31.352991],[105.970302,31.352992],[105.970301,31.352902],[105.970196,31.352902],[105.970195,31.352812],[105.97009,31.352813],[105.970089,31.352723],[105.969984,31.352724],[105.969983,31.352633],[105.969668,31.352636],[105.969667,31.352546]]],[[[105.969778,31.353176],[105.969673,31.353177],[105.969672,31.353087],[105.969778,31.353086],[105.969778,31.353176]]],[[[105.969882,31.352995],[105.969777,31.352996],[105.969776,31.352906],[105.969881,31.352905],[105.969882,31.352995]]]]}},{"type":"Feature","id":"citrus-parcels-414","properties":{"sourceId":"citrus-parcels","CLASS_ID":"1","CLASS_NAME":"掩膜提取2_tif [Classvalue=1]","AREA":1,"name":"掩膜提取2_tif [Classvalue=1]","orchardType":"掩膜提取2_tif [Classvalue=1]","areaMu":0},"geometry":{"type":"Polygon","coordinates":[[[105.725605,31.057405],[105.7255,31.057405],[105.725501,31.057495],[105.725606,31.057495],[105.725605,31.057405]]]}},{"type":"Feature","id":"citrus-parcels-415","properties":{"sourceId":"citrus-parcels","CLASS_ID":"1","CLASS_NAME":"掩膜提取2_tif [Classvalue=1]","AREA":1,"name":"掩膜提取2_tif [Classvalue=1]","orchardType":"掩膜提取2_tif [Classvalue=1]","areaMu":0},"geometry":{"type":"Polygon","coordinates":[[[105.725709,31.057314],[105.725604,31.057314],[105.725605,31.057405],[105.72571,31.057404],[105.725709,31.057314]]]}},{"type":"Feature","id":"citrus-parcels-416","properties":{"sourceId":"citrus-parcels","CLASS_ID":"1","CLASS_NAME":"掩膜提取2_tif [Classvalue=1]","AREA":3,"name":"掩膜提取2_tif [Classvalue=1]","orchardType":"掩膜提取2_tif [Classvalue=1]","areaMu":0},"geometry":{"type":"Polygon","coordinates":[[[105.725499,31.057225],[105.725394,31.057225],[105.725395,31.057316],[105.72529,31.057316],[105.725291,31.057406],[105.7255,31.057405],[105.725499,31.057225]]]}},{"type":"Feature","id":"citrus-parcels-417","properties":{"sourceId":"citrus-parcels","CLASS_ID":"1","CLASS_NAME":"掩膜提取2_tif [Classvalue=1]","AREA":1,"name":"掩膜提取2_tif [Classvalue=1]","orchardType":"掩膜提取2_tif [Classvalue=1]","areaMu":0},"geometry":{"type":"Polygon","coordinates":[[[105.725393,31.057135],[105.725289,31.057136],[105.725289,31.057226],[105.725394,31.057225],[105.725393,31.057135]]]}},{"type":"Feature","id":"citrus-parcels-418","properties":{"sourceId":"citrus-parcels","CLASS_ID":"1","CLASS_NAME":"掩膜提取2_tif [Classvalue=1]","AREA":8,"name":"掩膜提取2_tif [Classvalue=1]","orchardType":"掩膜提取2_tif [Classvalue=1]","areaMu":0.01},"geometry":{"type":"Polygon","coordinates":[[[105.725287,31.056865],[105.725182,31.056866],[105.725182,31.056956],[105.725078,31.056956],[105.725079,31.057137],[105.724974,31.057138],[105.724975,31.057228],[105.72508,31.057227],[105.72508,31.057317],[105.725185,31.057317],[105.725184,31.057136],[105.725289,31.057136],[105.725287,31.056865]]]}},{"type":"Feature","id":"citrus-parcels-419","properties":{"sourceId":"citrus-parcels","CLASS_ID":"1","CLASS_NAME":"掩膜提取2_tif [Classvalue=1]","AREA":2,"name":"掩膜提取2_tif [Classvalue=1]","orchardType":"掩膜提取2_tif [Classvalue=1]","areaMu":0},"geometry":{"type":"Polygon","coordinates":[[[105.72539,31.056684],[105.725285,31.056685],[105.725287,31.056865],[105.725391,31.056864],[105.72539,31.056684]]]}},{"type":"Feature","id":"citrus-parcels-420","properties":{"sourceId":"citrus-parcels","CLASS_ID":"1","CLASS_NAME":"掩膜提取2_tif [Classvalue=1]","AREA":1,"name":"掩膜提取2_tif [Classvalue=1]","orchardType":"掩膜提取2_tif [Classvalue=1]","areaMu":0},"geometry":{"type":"Polygon","coordinates":[[[105.731152,31.056381],[105.731047,31.056381],[105.731048,31.056472],[105.731153,31.056471],[105.731152,31.056381]]]}},{"type":"Feature","id":"citrus-parcels-421","properties":{"sourceId":"citrus-parcels","CLASS_ID":"1","CLASS_NAME":"掩膜提取2_tif [Classvalue=1]","AREA":319,"name":"掩膜提取2_tif [Classvalue=1]","orchardType":"掩膜提取2_tif [Classvalue=1]","areaMu":0.48},"geometry":{"type":"MultiPolygon","coordinates":[[[[105.728722,31.053868],[105.728618,31.053869],[105.728618,31.053959],[105.728513,31.05396],[105.728515,31.05414],[105.728305,31.054141],[105.728306,31.054231],[105.728201,31.054232],[105.728202,31.054322],[105.728411,31.054321],[105.728413,31.054502],[105.727994,31.054504],[105.727996,31.054775],[105.727891,31.054775],[105.727892,31.054865],[105.727368,31.054868],[105.727368,31.054959],[105.727263,31.054959],[105.727264,31.055049],[105.727159,31.05505],[105.72716,31.05514],[105.727055,31.055141],[105.727056,31.055231],[105.726846,31.055232],[105.726847,31.055322],[105.726742,31.055323],[105.726743,31.055413],[105.726638,31.055414],[105.726639,31.055504],[105.726534,31.055505],[105.726535,31.055595],[105.726325,31.055596],[105.726326,31.055686],[105.726116,31.055687],[105.726117,31.055778],[105.726012,31.055778],[105.726013,31.055868],[105.725803,31.05587],[105.725804,31.05596],[105.725699,31.05596],[105.725702,31.056321],[105.725597,31.056322],[105.725598,31.056502],[105.725493,31.056503],[105.725494,31.056593],[105.725389,31.056594],[105.72539,31.056684],[105.725704,31.056682],[105.725706,31.056863],[105.725811,31.056862],[105.72581,31.056772],[105.725915,31.056771],[105.725915,31.056862],[105.725811,31.056862],[105.725812,31.057043],[105.725602,31.057044],[105.725603,31.057134],[105.725708,31.057133],[105.725709,31.057314],[105.725814,31.057313],[105.725813,31.057223],[105.725918,31.057222],[105.725917,31.057042],[105.726022,31.057041],[105.726021,31.056951],[105.726126,31.056951],[105.726125,31.05686],[105.72623,31.05686],[105.726228,31.056679],[105.726333,31.056679],[105.726332,31.056498],[105.726437,31.056498],[105.726435,31.056317],[105.72654,31.056317],[105.726539,31.056226],[105.726644,31.056226],[105.726644,31.056136],[105.727063,31.056133],[105.727062,31.056043],[105.727376,31.056041],[105.727376,31.055951],[105.72769,31.055949],[105.727689,31.055859],[105.728109,31.055857],[105.728108,31.055766],[105.728318,31.055765],[105.728317,31.055675],[105.728212,31.055676],[105.728211,31.055495],[105.728316,31.055495],[105.728313,31.055134],[105.728418,31.055133],[105.728416,31.054953],[105.728521,31.054952],[105.728518,31.054591],[105.728623,31.054591],[105.728622,31.0545],[105.728727,31.0545],[105.728726,31.05441],[105.728831,31.054409],[105.728831,31.054319],[105.728935,31.054318],[105.728935,31.054228],[105.72883,31.054228],[105.728829,31.054048],[105.728724,31.054049],[105.728722,31.053868]]],[[[105.725914,31.056681],[105.725809,31.056682],[105.725809,31.056591],[105.725913,31.056591],[105.725914,31.056681]]],[[[105.726124,31.05668],[105.726019,31.05668],[105.726018,31.05659],[105.726123,31.05659],[105.726124,31.05668]]],[[[105.725911,31.05632],[105.725806,31.056321],[105.725806,31.056231],[105.725911,31.05623],[105.725911,31.05632],[105.726016,31.05632],[105.726017,31.05641],[105.725912,31.05641],[105.725913,31.056501],[105.725703,31.056502],[105.725702,31.056412],[105.725912,31.05641],[105.725911,31.05632]]],[[[105.726329,31.056137],[105.726224,31.056138],[105.726224,31.056048],[105.726328,31.056047],[105.726329,31.056137]]],[[[105.726957,31.055953],[105.726642,31.055955],[105.726641,31.055865],[105.726956,31.055863],[105.726957,31.055953]]],[[[105.72748,31.05586],[105.727375,31.055861],[105.727374,31.055771],[105.727479,31.05577],[105.72748,31.05586]]]]}},{"type":"Feature","id":"citrus-parcels-422","properties":{"sourceId":"citrus-parcels","CLASS_ID":"1","CLASS_NAME":"掩膜提取2_tif [Classvalue=1]","AREA":199,"name":"掩膜提取2_tif [Classvalue=1]","orchardType":"掩膜提取2_tif [Classvalue=1]","areaMu":0.3},"geometry":{"type":"Polygon","coordinates":[[[105.729663,31.053502],[105.729453,31.053503],[105.729454,31.053593],[105.729559,31.053593],[105.72956,31.053773],[105.729455,31.053774],[105.729454,31.053593],[105.729349,31.053594],[105.72935,31.053684],[105.72914,31.053685],[105.729141,31.053776],[105.729036,31.053776],[105.729037,31.053866],[105.728932,31.053867],[105.728933,31.053957],[105.728828,31.053958],[105.728829,31.054048],[105.728933,31.054047],[105.728935,31.054228],[105.72904,31.054227],[105.72904,31.054318],[105.729145,31.054317],[105.729146,31.054497],[105.729251,31.054497],[105.729252,31.054587],[105.729357,31.054586],[105.729358,31.054767],[105.729463,31.054766],[105.729464,31.054856],[105.729568,31.054856],[105.72957,31.055036],[105.729779,31.055035],[105.729781,31.055216],[105.729885,31.055215],[105.729887,31.055395],[105.729992,31.055395],[105.729992,31.055485],[105.730097,31.055485],[105.730098,31.055575],[105.730203,31.055574],[105.730204,31.055755],[105.730309,31.055754],[105.73031,31.055934],[105.730415,31.055934],[105.730416,31.056024],[105.730521,31.056023],[105.730522,31.056204],[105.730627,31.056203],[105.730627,31.056294],[105.730732,31.056293],[105.730733,31.056383],[105.730838,31.056383],[105.730837,31.056292],[105.731151,31.056291],[105.731149,31.05602],[105.731254,31.056019],[105.731255,31.05611],[105.73136,31.056109],[105.731358,31.055929],[105.731149,31.05593],[105.731148,31.055839],[105.731043,31.05584],[105.731042,31.05575],[105.730938,31.05575],[105.730937,31.05566],[105.730727,31.055661],[105.730727,31.055571],[105.730622,31.055572],[105.73062,31.055391],[105.730516,31.055392],[105.730514,31.055211],[105.730409,31.055212],[105.730408,31.055032],[105.730303,31.055032],[105.730303,31.054942],[105.730198,31.054943],[105.730196,31.054762],[105.730092,31.054763],[105.73009,31.054582],[105.729985,31.054583],[105.729985,31.054493],[105.72988,31.054493],[105.729879,31.054403],[105.729774,31.054404],[105.72977,31.053862],[105.729666,31.053863],[105.729665,31.053773],[105.72977,31.053772],[105.729769,31.053682],[105.729664,31.053682],[105.729663,31.053502]]]}},{"type":"Feature","id":"citrus-parcels-423","properties":{"sourceId":"citrus-parcels","CLASS_ID":"1","CLASS_NAME":"掩膜提取2_tif [Classvalue=1]","AREA":1,"name":"掩膜提取2_tif [Classvalue=1]","orchardType":"掩膜提取2_tif [Classvalue=1]","areaMu":0},"geometry":{"type":"Polygon","coordinates":[[[105.729125,31.0517],[105.72902,31.051701],[105.729021,31.051791],[105.729126,31.051791],[105.729125,31.0517]]]}},{"type":"Feature","id":"citrus-parcels-424","properties":{"sourceId":"citrus-parcels","CLASS_ID":"1","CLASS_NAME":"掩膜提取2_tif [Classvalue=1]","AREA":1,"name":"掩膜提取2_tif [Classvalue=1]","orchardType":"掩膜提取2_tif [Classvalue=1]","areaMu":0},"geometry":{"type":"Polygon","coordinates":[[[105.737925,31.051289],[105.73782,31.05129],[105.737821,31.05138],[105.737926,31.05138],[105.737925,31.051289]]]}},{"type":"Feature","id":"citrus-parcels-425","properties":{"sourceId":"citrus-parcels","CLASS_ID":"1","CLASS_NAME":"掩膜提取2_tif [Classvalue=1]","AREA":1,"name":"掩膜提取2_tif [Classvalue=1]","orchardType":"掩膜提取2_tif [Classvalue=1]","areaMu":0},"geometry":{"type":"Polygon","coordinates":[[[105.73782,31.0512],[105.737715,31.0512],[105.737716,31.051291],[105.73782,31.05129],[105.73782,31.0512]]]}},{"type":"Feature","id":"citrus-parcels-426","properties":{"sourceId":"citrus-parcels","CLASS_ID":"1","CLASS_NAME":"掩膜提取2_tif [Classvalue=1]","AREA":1,"name":"掩膜提取2_tif [Classvalue=1]","orchardType":"掩膜提取2_tif [Classvalue=1]","areaMu":0},"geometry":{"type":"Polygon","coordinates":[[[105.713706,31.049982],[105.713602,31.049983],[105.713602,31.050073],[105.713707,31.050072],[105.713706,31.049982]]]}},{"type":"Feature","id":"citrus-parcels-427","properties":{"sourceId":"citrus-parcels","CLASS_ID":"1","CLASS_NAME":"掩膜提取2_tif [Classvalue=1]","AREA":1,"name":"掩膜提取2_tif [Classvalue=1]","orchardType":"掩膜提取2_tif [Classvalue=1]","areaMu":0},"geometry":{"type":"Polygon","coordinates":[[[105.714649,31.049887],[105.714544,31.049887],[105.714545,31.049977],[105.71465,31.049977],[105.714649,31.049887]]]}},{"type":"Feature","id":"citrus-parcels-428","properties":{"sourceId":"citrus-parcels","CLASS_ID":"1","CLASS_NAME":"掩膜提取2_tif [Classvalue=1]","AREA":1,"name":"掩膜提取2_tif [Classvalue=1]","orchardType":"掩膜提取2_tif [Classvalue=1]","areaMu":0},"geometry":{"type":"Polygon","coordinates":[[[105.71381,31.049801],[105.713705,31.049802],[105.713706,31.049892],[105.71381,31.049891],[105.71381,31.049801]]]}},{"type":"Feature","id":"citrus-parcels-429","properties":{"sourceId":"citrus-parcels","CLASS_ID":"1","CLASS_NAME":"掩膜提取2_tif [Classvalue=1]","AREA":1,"name":"掩膜提取2_tif [Classvalue=1]","orchardType":"掩膜提取2_tif [Classvalue=1]","areaMu":0},"geometry":{"type":"Polygon","coordinates":[[[105.713914,31.04971],[105.713809,31.049711],[105.71381,31.049801],[105.713915,31.0498],[105.713914,31.04971]]]}},{"type":"Feature","id":"citrus-parcels-430","properties":{"sourceId":"citrus-parcels","CLASS_ID":"1","CLASS_NAME":"掩膜提取2_tif [Classvalue=1]","AREA":1,"name":"掩膜提取2_tif [Classvalue=1]","orchardType":"掩膜提取2_tif [Classvalue=1]","areaMu":0},"geometry":{"type":"Polygon","coordinates":[[[105.714647,31.049706],[105.714543,31.049707],[105.714543,31.049797],[105.714648,31.049796],[105.714647,31.049706]]]}},{"type":"Feature","id":"citrus-parcels-431","properties":{"sourceId":"citrus-parcels","CLASS_ID":"1","CLASS_NAME":"掩膜提取2_tif [Classvalue=1]","AREA":1,"name":"掩膜提取2_tif [Classvalue=1]","orchardType":"掩膜提取2_tif [Classvalue=1]","areaMu":0},"geometry":{"type":"Polygon","coordinates":[[[105.71601,31.049699],[105.715905,31.049699],[105.715906,31.049789],[105.716011,31.049789],[105.71601,31.049699]]]}},{"type":"Feature","id":"citrus-parcels-432","properties":{"sourceId":"citrus-parcels","CLASS_ID":"1","CLASS_NAME":"掩膜提取2_tif [Classvalue=1]","AREA":1,"name":"掩膜提取2_tif [Classvalue=1]","orchardType":"掩膜提取2_tif [Classvalue=1]","areaMu":0},"geometry":{"type":"Polygon","coordinates":[[[105.716113,31.049518],[105.716008,31.049518],[105.716009,31.049608],[105.716114,31.049608],[105.716113,31.049518]]]}},{"type":"Feature","id":"citrus-parcels-433","properties":{"sourceId":"citrus-parcels","CLASS_ID":"1","CLASS_NAME":"掩膜提取2_tif [Classvalue=1]","AREA":1,"name":"掩膜提取2_tif [Classvalue=1]","orchardType":"掩膜提取2_tif [Classvalue=1]","areaMu":0},"geometry":{"type":"Polygon","coordinates":[[[105.719152,31.049501],[105.719048,31.049501],[105.719048,31.049592],[105.719153,31.049591],[105.719152,31.049501]]]}},{"type":"Feature","id":"citrus-parcels-434","properties":{"sourceId":"citrus-parcels","CLASS_ID":"1","CLASS_NAME":"掩膜提取2_tif [Classvalue=1]","AREA":1,"name":"掩膜提取2_tif [Classvalue=1]","orchardType":"掩膜提取2_tif [Classvalue=1]","areaMu":0},"geometry":{"type":"Polygon","coordinates":[[[105.719886,31.049497],[105.719781,31.049497],[105.719782,31.049587],[105.719887,31.049587],[105.719886,31.049497]]]}},{"type":"Feature","id":"citrus-parcels-435","properties":{"sourceId":"citrus-parcels","CLASS_ID":"1","CLASS_NAME":"掩膜提取2_tif [Classvalue=1]","AREA":4,"name":"掩膜提取2_tif [Classvalue=1]","orchardType":"掩膜提取2_tif [Classvalue=1]","areaMu":0.01},"geometry":{"type":"Polygon","coordinates":[[[105.727954,31.049361],[105.72785,31.049362],[105.727852,31.049723],[105.727957,31.049722],[105.727954,31.049361]]]}},{"type":"Feature","id":"citrus-parcels-436","properties":{"sourceId":"citrus-parcels","CLASS_ID":"1","CLASS_NAME":"掩膜提取2_tif [Classvalue=1]","AREA":2,"name":"掩膜提取2_tif [Classvalue=1]","orchardType":"掩膜提取2_tif [Classvalue=1]","areaMu":0},"geometry":{"type":"Polygon","coordinates":[[[105.736128,31.049315],[105.735919,31.049316],[105.73592,31.049406],[105.736129,31.049405],[105.736128,31.049315]]]}},{"type":"Feature","id":"citrus-parcels-437","properties":{"sourceId":"citrus-parcels","CLASS_ID":"1","CLASS_NAME":"掩膜提取2_tif [Classvalue=1]","AREA":1,"name":"掩膜提取2_tif [Classvalue=1]","orchardType":"掩膜提取2_tif [Classvalue=1]","areaMu":0},"geometry":{"type":"Polygon","coordinates":[[[105.716217,31.049337],[105.716112,31.049337],[105.716113,31.049427],[105.716217,31.049427],[105.716217,31.049337]]]}},{"type":"Feature","id":"citrus-parcels-438","properties":{"sourceId":"citrus-parcels","CLASS_ID":"1","CLASS_NAME":"掩膜提取2_tif [Classvalue=1]","AREA":3,"name":"掩膜提取2_tif [Classvalue=1]","orchardType":"掩膜提取2_tif [Classvalue=1]","areaMu":0},"geometry":{"type":"Polygon","coordinates":[[[105.720094,31.049315],[105.719885,31.049316],[105.719886,31.049497],[105.719991,31.049496],[105.71999,31.049406],[105.720095,31.049405],[105.720094,31.049315]]]}},{"type":"Feature","id":"citrus-parcels-439","properties":{"sourceId":"citrus-parcels","CLASS_ID":"1","CLASS_NAME":"掩膜提取2_tif [Classvalue=1]","AREA":1,"name":"掩膜提取2_tif [Classvalue=1]","orchardType":"掩膜提取2_tif [Classvalue=1]","areaMu":0},"geometry":{"type":"Polygon","coordinates":[[[105.719884,31.049226],[105.719779,31.049227],[105.71978,31.049317],[105.719885,31.049316],[105.719884,31.049226]]]}},{"type":"Feature","id":"citrus-parcels-440","properties":{"sourceId":"citrus-parcels","CLASS_ID":"1","CLASS_NAME":"掩膜提取2_tif [Classvalue=1]","AREA":1,"name":"掩膜提取2_tif [Classvalue=1]","orchardType":"掩膜提取2_tif [Classvalue=1]","areaMu":0},"geometry":{"type":"Polygon","coordinates":[[[105.720093,31.049135],[105.719988,31.049135],[105.719989,31.049225],[105.720093,31.049225],[105.720093,31.049135]]]}},{"type":"Feature","id":"citrus-parcels-441","properties":{"sourceId":"citrus-parcels","CLASS_ID":"1","CLASS_NAME":"掩膜提取2_tif [Classvalue=1]","AREA":1,"name":"掩膜提取2_tif [Classvalue=1]","orchardType":"掩膜提取2_tif [Classvalue=1]","areaMu":0},"geometry":{"type":"Polygon","coordinates":[[[105.727952,31.04909],[105.727848,31.049091],[105.727848,31.049181],[105.727953,31.049181],[105.727952,31.04909]]]}},{"type":"Feature","id":"citrus-parcels-442","properties":{"sourceId":"citrus-parcels","CLASS_ID":"1","CLASS_NAME":"掩膜提取2_tif [Classvalue=1]","AREA":7,"name":"掩膜提取2_tif [Classvalue=1]","orchardType":"掩膜提取2_tif [Classvalue=1]","areaMu":0.01},"geometry":{"type":"Polygon","coordinates":[[[105.736022,31.049045],[105.735917,31.049045],[105.735917,31.049135],[105.735498,31.049138],[105.735499,31.049228],[105.735604,31.049227],[105.735604,31.049318],[105.735709,31.049317],[105.735709,31.049227],[105.736023,31.049225],[105.736022,31.049045]]]}},{"type":"Feature","id":"citrus-parcels-443","properties":{"sourceId":"citrus-parcels","CLASS_ID":"1","CLASS_NAME":"掩膜提取2_tif [Classvalue=1]","AREA":2,"name":"掩膜提取2_tif [Classvalue=1]","orchardType":"掩膜提取2_tif [Classvalue=1]","areaMu":0},"geometry":{"type":"Polygon","coordinates":[[[105.720718,31.04868],[105.720509,31.048681],[105.720509,31.048771],[105.720719,31.04877],[105.720718,31.04868]]]}},{"type":"Feature","id":"citrus-parcels-444","properties":{"sourceId":"citrus-parcels","CLASS_ID":"1","CLASS_NAME":"掩膜提取2_tif [Classvalue=1]","AREA":1,"name":"掩膜提取2_tif [Classvalue=1]","orchardType":"掩膜提取2_tif [Classvalue=1]","areaMu":0},"geometry":{"type":"Polygon","coordinates":[[[105.736437,31.048591],[105.736332,31.048592],[105.736333,31.048682],[105.736438,31.048681],[105.736437,31.048591]]]}},{"type":"Feature","id":"citrus-parcels-445","properties":{"sourceId":"citrus-parcels","CLASS_ID":"1","CLASS_NAME":"掩膜提取2_tif [Classvalue=1]","AREA":1,"name":"掩膜提取2_tif [Classvalue=1]","orchardType":"掩膜提取2_tif [Classvalue=1]","areaMu":0},"geometry":{"type":"Polygon","coordinates":[[[105.713906,31.048628],[105.713801,31.048628],[105.713802,31.048718],[105.713907,31.048718],[105.713906,31.048628]]]}},{"type":"Feature","id":"citrus-parcels-446","properties":{"sourceId":"citrus-parcels","CLASS_ID":"1","CLASS_NAME":"掩膜提取2_tif [Classvalue=1]","AREA":1,"name":"掩膜提取2_tif [Classvalue=1]","orchardType":"掩膜提取2_tif [Classvalue=1]","areaMu":0},"geometry":{"type":"Polygon","coordinates":[[[105.716107,31.048615],[105.716002,31.048616],[105.716002,31.048706],[105.716107,31.048706],[105.716107,31.048615]]]}},{"type":"Feature","id":"citrus-parcels-447","properties":{"sourceId":"citrus-parcels","CLASS_ID":"1","CLASS_NAME":"掩膜提取2_tif [Classvalue=1]","AREA":2,"name":"掩膜提取2_tif [Classvalue=1]","orchardType":"掩膜提取2_tif [Classvalue=1]","areaMu":0},"geometry":{"type":"Polygon","coordinates":[[[105.715477,31.048529],[105.715372,31.048529],[105.715374,31.04871],[105.715478,31.048709],[105.715477,31.048529]]]}},{"type":"Feature","id":"citrus-parcels-448","properties":{"sourceId":"citrus-parcels","CLASS_ID":"1","CLASS_NAME":"掩膜提取2_tif [Classvalue=1]","AREA":1,"name":"掩膜提取2_tif [Classvalue=1]","orchardType":"掩膜提取2_tif [Classvalue=1]","areaMu":0},"geometry":{"type":"Polygon","coordinates":[[[105.716001,31.048526],[105.715896,31.048526],[105.715897,31.048617],[105.716002,31.048616],[105.716001,31.048526]]]}},{"type":"Feature","id":"citrus-parcels-449","properties":{"sourceId":"citrus-parcels","CLASS_ID":"1","CLASS_NAME":"掩膜提取2_tif [Classvalue=1]","AREA":49,"name":"掩膜提取2_tif [Classvalue=1]","orchardType":"掩膜提取2_tif [Classvalue=1]","areaMu":0.07},"geometry":{"type":"MultiPolygon","coordinates":[[[[105.719773,31.048414],[105.719563,31.048416],[105.719564,31.048506],[105.719459,31.048506],[105.71946,31.048597],[105.71925,31.048598],[105.719251,31.048688],[105.719356,31.048688],[105.719357,31.048868],[105.719462,31.048867],[105.719461,31.048777],[105.719671,31.048776],[105.719673,31.049047],[105.719778,31.049046],[105.719778,31.049136],[105.719988,31.049135],[105.719987,31.048955],[105.720091,31.048954],[105.720092,31.049044],[105.720616,31.049041],[105.720615,31.048951],[105.720511,31.048952],[105.720509,31.048771],[105.720404,31.048772],[105.720405,31.048862],[105.720196,31.048863],[105.720195,31.048773],[105.7203,31.048772],[105.720299,31.048682],[105.720509,31.048681],[105.720508,31.048591],[105.720193,31.048593],[105.720194,31.048683],[105.719985,31.048684],[105.719984,31.048594],[105.719879,31.048594],[105.719878,31.048504],[105.719774,31.048505],[105.719773,31.048414]]],[[[105.71988,31.048775],[105.719776,31.048775],[105.719775,31.048685],[105.71988,31.048685],[105.71988,31.048775]]]]}},{"type":"Feature","id":"citrus-parcels-450","properties":{"sourceId":"citrus-parcels","CLASS_ID":"1","CLASS_NAME":"掩膜提取2_tif [Classvalue=1]","AREA":1,"name":"掩膜提取2_tif [Classvalue=1]","orchardType":"掩膜提取2_tif [Classvalue=1]","areaMu":0},"geometry":{"type":"Polygon","coordinates":[[[105.730043,31.048357],[105.729938,31.048357],[105.729939,31.048448],[105.730043,31.048447],[105.730043,31.048357]]]}},{"type":"Feature","id":"citrus-parcels-451","properties":{"sourceId":"citrus-parcels","CLASS_ID":"1","CLASS_NAME":"掩膜提取2_tif [Classvalue=1]","AREA":312,"name":"掩膜提取2_tif [Classvalue=1]","orchardType":"掩膜提取2_tif [Classvalue=1]","areaMu":0.47},"geometry":{"type":"MultiPolygon","coordinates":[[[[105.716419,31.048343],[105.716,31.048345],[105.716,31.048435],[105.71621,31.048434],[105.716212,31.048705],[105.716317,31.048704],[105.716317,31.048795],[105.716213,31.048795],[105.716213,31.048885],[105.716318,31.048885],[105.716319,31.048975],[105.716214,31.048976],[105.716213,31.048885],[105.716109,31.048886],[105.71611,31.049066],[105.716005,31.049067],[105.716006,31.049157],[105.715901,31.049158],[105.7159,31.049068],[105.716005,31.049067],[105.716002,31.048706],[105.715898,31.048707],[105.715897,31.048617],[105.715792,31.048617],[105.715791,31.048437],[105.715686,31.048437],[105.715687,31.048527],[105.715582,31.048528],[105.715583,31.048618],[105.715687,31.048618],[105.715688,31.048708],[105.715478,31.048709],[105.715479,31.048799],[105.715374,31.0488],[105.715374,31.04871],[105.715164,31.048711],[105.715165,31.048801],[105.71527,31.0488],[105.71527,31.048891],[105.71548,31.04889],[105.71548,31.04898],[105.715376,31.04898],[105.715378,31.049341],[105.715169,31.049342],[105.715165,31.048891],[105.714746,31.048894],[105.714745,31.048713],[105.71464,31.048714],[105.714641,31.048804],[105.714536,31.048805],[105.714535,31.048714],[105.714326,31.048715],[105.714325,31.048625],[105.71422,31.048626],[105.714221,31.048716],[105.714116,31.048717],[105.714115,31.048536],[105.71401,31.048537],[105.714011,31.048717],[105.713907,31.048718],[105.713909,31.048988],[105.714013,31.048988],[105.714014,31.049078],[105.713909,31.049079],[105.713912,31.04944],[105.714226,31.049438],[105.714227,31.049528],[105.714017,31.049529],[105.714021,31.04998],[105.714335,31.049979],[105.714332,31.049618],[105.714542,31.049617],[105.714541,31.049526],[105.714646,31.049526],[105.714647,31.049706],[105.714752,31.049706],[105.714754,31.049976],[105.71465,31.049977],[105.714652,31.050248],[105.714547,31.050248],[105.714546,31.050158],[105.714127,31.05016],[105.714126,31.05007],[105.713812,31.050072],[105.713812,31.050162],[105.714022,31.050161],[105.714023,31.050251],[105.713918,31.050252],[105.713919,31.050342],[105.714128,31.050341],[105.714129,31.050431],[105.714338,31.05043],[105.714338,31.050339],[105.714443,31.050339],[105.714443,31.050429],[105.715072,31.050426],[105.715073,31.050516],[105.715597,31.050513],[105.715595,31.050333],[105.7157,31.050332],[105.715699,31.050151],[105.715804,31.050151],[105.715802,31.04997],[105.715907,31.04997],[105.715906,31.049789],[105.715801,31.04979],[105.715798,31.049429],[105.716008,31.049428],[105.716007,31.049338],[105.716112,31.049337],[105.716111,31.049157],[105.716215,31.049156],[105.716216,31.049246],[105.716321,31.049246],[105.716319,31.049065],[105.716424,31.049065],[105.716423,31.048884],[105.716528,31.048884],[105.716526,31.048703],[105.716631,31.048703],[105.71663,31.048522],[105.716735,31.048522],[105.716733,31.048341],[105.716524,31.048342],[105.716524,31.048433],[105.71642,31.048433],[105.716419,31.048343]]],[[[105.714964,31.049975],[105.714859,31.049976],[105.714858,31.049885],[105.715068,31.049884],[105.715069,31.050065],[105.714965,31.050065],[105.714964,31.049975]]],[[[105.715278,31.049973],[105.715173,31.049974],[105.715172,31.049794],[105.715382,31.049792],[105.715384,31.050063],[105.715279,31.050064],[105.715278,31.049973]]],[[[105.715067,31.049704],[105.714962,31.049704],[105.714961,31.049524],[105.715065,31.049523],[105.715067,31.049704]]],[[[105.71538,31.049612],[105.715171,31.049613],[105.71517,31.049523],[105.715484,31.049521],[105.715486,31.049702],[105.715381,31.049702],[105.71538,31.049612]]],[[[105.714856,31.049525],[105.714751,31.049525],[105.714749,31.049254],[105.714854,31.049254],[105.714856,31.049525]]],[[[105.714645,31.049436],[105.714541,31.049436],[105.714539,31.049256],[105.714644,31.049255],[105.714645,31.049436]]],[[[105.715692,31.049249],[105.715482,31.04925],[105.715482,31.04916],[105.715587,31.04916],[105.715586,31.049069],[105.715691,31.049069],[105.715692,31.049249]]],[[[105.714853,31.049164],[105.714748,31.049164],[105.714748,31.049074],[105.714852,31.049073],[105.714853,31.049164]]],[[[105.714432,31.048895],[105.714327,31.048896],[105.714328,31.048986],[105.714223,31.048987],[105.714224,31.049077],[105.714119,31.049078],[105.714118,31.048987],[105.714223,31.048987],[105.714222,31.048806],[105.714431,31.048805],[105.714432,31.048895]]],[[[105.714117,31.048897],[105.714013,31.048898],[105.714012,31.048807],[105.714117,31.048807],[105.714117,31.048897]]]]}},{"type":"Feature","id":"citrus-parcels-452","properties":{"sourceId":"citrus-parcels","CLASS_ID":"1","CLASS_NAME":"掩膜提取2_tif [Classvalue=1]","AREA":1,"name":"掩膜提取2_tif [Classvalue=1]","orchardType":"掩膜提取2_tif [Classvalue=1]","areaMu":0},"geometry":{"type":"Polygon","coordinates":[[[105.729518,31.04827],[105.729413,31.04827],[105.729414,31.04836],[105.729519,31.04836],[105.729518,31.04827]]]}},{"type":"Feature","id":"citrus-parcels-453","properties":{"sourceId":"citrus-parcels","CLASS_ID":"1","CLASS_NAME":"掩膜提取2_tif [Classvalue=1]","AREA":1,"name":"掩膜提取2_tif [Classvalue=1]","orchardType":"掩膜提取2_tif [Classvalue=1]","areaMu":0},"geometry":{"type":"Polygon","coordinates":[[[105.728889,31.048183],[105.728784,31.048183],[105.728785,31.048274],[105.728889,31.048273],[105.728889,31.048183]]]}},{"type":"Feature","id":"citrus-parcels-454","properties":{"sourceId":"citrus-parcels","CLASS_ID":"1","CLASS_NAME":"掩膜提取2_tif [Classvalue=1]","AREA":1,"name":"掩膜提取2_tif [Classvalue=1]","orchardType":"掩膜提取2_tif [Classvalue=1]","areaMu":0},"geometry":{"type":"Polygon","coordinates":[[[105.729203,31.048181],[105.729098,31.048182],[105.729099,31.048272],[105.729204,31.048271],[105.729203,31.048181]]]}},{"type":"Feature","id":"citrus-parcels-455","properties":{"sourceId":"citrus-parcels","CLASS_ID":"1","CLASS_NAME":"掩膜提取2_tif [Classvalue=1]","AREA":2,"name":"掩膜提取2_tif [Classvalue=1]","orchardType":"掩膜提取2_tif [Classvalue=1]","areaMu":0},"geometry":{"type":"Polygon","coordinates":[[[105.729937,31.048177],[105.729832,31.048178],[105.729833,31.048358],[105.729938,31.048357],[105.729937,31.048177]]]}},{"type":"Feature","id":"citrus-parcels-456","properties":{"sourceId":"citrus-parcels","CLASS_ID":"1","CLASS_NAME":"掩膜提取2_tif [Classvalue=1]","AREA":2,"name":"掩膜提取2_tif [Classvalue=1]","orchardType":"掩膜提取2_tif [Classvalue=1]","areaMu":0},"geometry":{"type":"Polygon","coordinates":[[[105.728678,31.048094],[105.728574,31.048094],[105.728575,31.048275],[105.72868,31.048274],[105.728678,31.048094]]]}},{"type":"Feature","id":"citrus-parcels-457","properties":{"sourceId":"citrus-parcels","CLASS_ID":"1","CLASS_NAME":"掩膜提取2_tif [Classvalue=1]","AREA":3,"name":"掩膜提取2_tif [Classvalue=1]","orchardType":"掩膜提取2_tif [Classvalue=1]","areaMu":0},"geometry":{"type":"Polygon","coordinates":[[[105.730145,31.048086],[105.730041,31.048086],[105.730042,31.048267],[105.730252,31.048265],[105.730251,31.048175],[105.730146,31.048176],[105.730145,31.048086]]]}},{"type":"Feature","id":"citrus-parcels-458","properties":{"sourceId":"citrus-parcels","CLASS_ID":"1","CLASS_NAME":"掩膜提取2_tif [Classvalue=1]","AREA":539,"name":"掩膜提取2_tif [Classvalue=1]","orchardType":"掩膜提取2_tif [Classvalue=1]","areaMu":0.81},"geometry":{"type":"MultiPolygon","coordinates":[[[[105.728363,31.048005],[105.728154,31.048007],[105.728155,31.048187],[105.72826,31.048186],[105.728262,31.048457],[105.728367,31.048456],[105.728368,31.048637],[105.728682,31.048635],[105.728683,31.048725],[105.728474,31.048727],[105.728474,31.048817],[105.728369,31.048817],[105.72837,31.048908],[105.72858,31.048906],[105.72858,31.048997],[105.728685,31.048996],[105.728686,31.049086],[105.728581,31.049087],[105.728582,31.049177],[105.728477,31.049178],[105.728476,31.048997],[105.728371,31.048998],[105.728372,31.049088],[105.728267,31.049089],[105.728267,31.049179],[105.728163,31.049179],[105.728162,31.049089],[105.728057,31.04909],[105.728059,31.04927],[105.728163,31.04927],[105.728164,31.04936],[105.728374,31.049359],[105.728373,31.049269],[105.728478,31.049268],[105.72848,31.049539],[105.728375,31.049539],[105.728376,31.049629],[105.728166,31.049631],[105.728167,31.049811],[105.728377,31.04981],[105.728376,31.04972],[105.728481,31.049719],[105.72848,31.049629],[105.728585,31.049628],[105.728584,31.049448],[105.728689,31.049447],[105.728689,31.049537],[105.728794,31.049537],[105.728795,31.049627],[105.728585,31.049628],[105.728591,31.05035],[105.729115,31.050347],[105.729113,31.050167],[105.729323,31.050165],[105.729324,31.050346],[105.729429,31.050345],[105.72943,31.050436],[105.72922,31.050437],[105.729222,31.050707],[105.729327,31.050707],[105.729329,31.050977],[105.729434,31.050977],[105.729435,31.051157],[105.729331,31.051158],[105.729332,31.051338],[105.729227,31.051339],[105.729228,31.051519],[105.729124,31.05152],[105.729125,31.0517],[105.72923,31.0517],[105.729231,31.05179],[105.729126,31.051791],[105.729126,31.051881],[105.729022,31.051881],[105.729024,31.052242],[105.729129,31.052242],[105.72913,31.052332],[105.72892,31.052333],[105.728919,31.052153],[105.728814,31.052153],[105.728817,31.052514],[105.728922,31.052514],[105.728926,31.053145],[105.729031,31.053145],[105.729034,31.053506],[105.729244,31.053504],[105.729243,31.053414],[105.729453,31.053413],[105.729452,31.053323],[105.729557,31.053322],[105.729556,31.053232],[105.729661,31.053231],[105.72966,31.053141],[105.729765,31.05314],[105.729764,31.05305],[105.729869,31.05305],[105.729864,31.052418],[105.729969,31.052417],[105.729967,31.052147],[105.729862,31.052147],[105.729861,31.052057],[105.729966,31.052057],[105.729961,31.051425],[105.730066,31.051424],[105.730063,31.051064],[105.730168,31.051063],[105.730165,31.050702],[105.730061,31.050703],[105.730059,31.050522],[105.729954,31.050523],[105.729954,31.050433],[105.729849,31.050433],[105.729847,31.050162],[105.729742,31.050163],[105.729739,31.049802],[105.729844,31.049802],[105.729842,31.049531],[105.729737,31.049531],[105.729736,31.049351],[105.729841,31.04935],[105.729839,31.04917],[105.729944,31.049169],[105.729943,31.049079],[105.730048,31.049079],[105.730048,31.048988],[105.729943,31.048989],[105.729942,31.048899],[105.730047,31.048898],[105.730045,31.048627],[105.72994,31.048628],[105.729939,31.048448],[105.729834,31.048448],[105.729833,31.048358],[105.729728,31.048359],[105.729729,31.048449],[105.729624,31.048449],[105.729625,31.04854],[105.728472,31.048546],[105.72847,31.048275],[105.728365,31.048276],[105.728363,31.048005]]],[[[105.729133,31.052693],[105.729028,31.052693],[105.729026,31.052513],[105.729131,31.052512],[105.729133,31.052693]]],[[[105.729863,31.052328],[105.729759,31.052328],[105.729758,31.052238],[105.729863,31.052238],[105.729863,31.052328]]],[[[105.729754,31.051697],[105.729649,31.051697],[105.729648,31.051607],[105.729753,31.051607],[105.729754,31.051697]]],[[[105.729941,31.048809],[105.729837,31.048809],[105.729836,31.048719],[105.729941,31.048718],[105.729941,31.048809]]],[[[105.729207,31.048722],[105.729102,31.048723],[105.729102,31.048633],[105.729206,31.048632],[105.729207,31.048722]]]]}},{"type":"Feature","id":"citrus-parcels-459","properties":{"sourceId":"citrus-parcels","CLASS_ID":"1","CLASS_NAME":"掩膜提取2_tif [Classvalue=1]","AREA":1,"name":"掩膜提取2_tif [Classvalue=1]","orchardType":"掩膜提取2_tif [Classvalue=1]","areaMu":0},"geometry":{"type":"Polygon","coordinates":[[[105.729202,31.048001],[105.729097,31.048001],[105.729098,31.048091],[105.729202,31.048091],[105.729202,31.048001]]]}},{"type":"Feature","id":"citrus-parcels-460","properties":{"sourceId":"citrus-parcels","CLASS_ID":"1","CLASS_NAME":"掩膜提取2_tif [Classvalue=1]","AREA":1,"name":"掩膜提取2_tif [Classvalue=1]","orchardType":"掩膜提取2_tif [Classvalue=1]","areaMu":0},"geometry":{"type":"Polygon","coordinates":[[[105.729725,31.047907],[105.72962,31.047908],[105.729621,31.047998],[105.729726,31.047998],[105.729725,31.047907]]]}},{"type":"Feature","id":"citrus-parcels-461","properties":{"sourceId":"citrus-parcels","CLASS_ID":"1","CLASS_NAME":"掩膜提取2_tif [Classvalue=1]","AREA":1,"name":"掩膜提取2_tif [Classvalue=1]","orchardType":"掩膜提取2_tif [Classvalue=1]","areaMu":0},"geometry":{"type":"Polygon","coordinates":[[[105.72941,31.047819],[105.729305,31.04782],[105.729306,31.04791],[105.729411,31.047909],[105.72941,31.047819]]]}},{"type":"Feature","id":"citrus-parcels-462","properties":{"sourceId":"citrus-parcels","CLASS_ID":"1","CLASS_NAME":"掩膜提取2_tif [Classvalue=1]","AREA":1,"name":"掩膜提取2_tif [Classvalue=1]","orchardType":"掩膜提取2_tif [Classvalue=1]","areaMu":0},"geometry":{"type":"Polygon","coordinates":[[[105.729513,31.047638],[105.729408,31.047639],[105.729409,31.047729],[105.729514,31.047728],[105.729513,31.047638]]]}},{"type":"Feature","id":"citrus-parcels-463","properties":{"sourceId":"citrus-parcels","CLASS_ID":"1","CLASS_NAME":"掩膜提取2_tif [Classvalue=1]","AREA":1,"name":"掩膜提取2_tif [Classvalue=1]","orchardType":"掩膜提取2_tif [Classvalue=1]","areaMu":0},"geometry":{"type":"Polygon","coordinates":[[[105.734229,31.047611],[105.734124,31.047612],[105.734125,31.047702],[105.73423,31.047701],[105.734229,31.047611]]]}},{"type":"Feature","id":"citrus-parcels-464","properties":{"sourceId":"citrus-parcels","CLASS_ID":"1","CLASS_NAME":"掩膜提取2_tif [Classvalue=1]","AREA":4,"name":"掩膜提取2_tif [Classvalue=1]","orchardType":"掩膜提取2_tif [Classvalue=1]","areaMu":0.01},"geometry":{"type":"Polygon","coordinates":[[[105.736534,31.047598],[105.73643,31.047599],[105.736432,31.04796],[105.736537,31.047959],[105.736534,31.047598]]]}},{"type":"Feature","id":"citrus-parcels-465","properties":{"sourceId":"citrus-parcels","CLASS_ID":"1","CLASS_NAME":"掩膜提取2_tif [Classvalue=1]","AREA":2,"name":"掩膜提取2_tif [Classvalue=1]","orchardType":"掩膜提取2_tif [Classvalue=1]","areaMu":0},"geometry":{"type":"Polygon","coordinates":[[[105.736744,31.047597],[105.736639,31.047597],[105.736641,31.047778],[105.736745,31.047777],[105.736744,31.047597]]]}},{"type":"Feature","id":"citrus-parcels-466","properties":{"sourceId":"citrus-parcels","CLASS_ID":"1","CLASS_NAME":"掩膜提取2_tif [Classvalue=1]","AREA":1,"name":"掩膜提取2_tif [Classvalue=1]","orchardType":"掩膜提取2_tif [Classvalue=1]","areaMu":0},"geometry":{"type":"Polygon","coordinates":[[[105.729198,31.04755],[105.729093,31.04755],[105.729094,31.04764],[105.729199,31.04764],[105.729198,31.04755]]]}},{"type":"Feature","id":"citrus-parcels-467","properties":{"sourceId":"citrus-parcels","CLASS_ID":"1","CLASS_NAME":"掩膜提取2_tif [Classvalue=1]","AREA":3,"name":"掩膜提取2_tif [Classvalue=1]","orchardType":"掩膜提取2_tif [Classvalue=1]","areaMu":0},"geometry":{"type":"Polygon","coordinates":[[[105.730037,31.047545],[105.729932,31.047545],[105.729932,31.047636],[105.729828,31.047636],[105.729828,31.047726],[105.730038,31.047725],[105.730037,31.047545]]]}},{"type":"Feature","id":"citrus-parcels-468","properties":{"sourceId":"citrus-parcels","CLASS_ID":"1","CLASS_NAME":"掩膜提取2_tif [Classvalue=1]","AREA":12,"name":"掩膜提取2_tif [Classvalue=1]","orchardType":"掩膜提取2_tif [Classvalue=1]","areaMu":0.02},"geometry":{"type":"Polygon","coordinates":[[[105.728883,31.047461],[105.728778,31.047462],[105.728779,31.047552],[105.728569,31.047553],[105.72857,31.047643],[105.728465,31.047644],[105.728466,31.047734],[105.728571,31.047734],[105.728572,31.047824],[105.728781,31.047823],[105.72878,31.047732],[105.72899,31.047731],[105.728989,31.047551],[105.728884,31.047551],[105.728883,31.047461]]]}},{"type":"Feature","id":"citrus-parcels-469","properties":{"sourceId":"citrus-parcels","CLASS_ID":"1","CLASS_NAME":"掩膜提取2_tif [Classvalue=1]","AREA":16,"name":"掩膜提取2_tif [Classvalue=1]","orchardType":"掩膜提取2_tif [Classvalue=1]","areaMu":0.02},"geometry":{"type":"Polygon","coordinates":[[[105.729612,31.046825],[105.729402,31.046827],[105.729404,31.047097],[105.7293,31.047098],[105.729301,31.047278],[105.729406,31.047278],[105.729408,31.047548],[105.729513,31.047548],[105.72951,31.047187],[105.729824,31.047185],[105.729824,31.047095],[105.729614,31.047096],[105.729612,31.046825]]]}},{"type":"Feature","id":"citrus-parcels-470","properties":{"sourceId":"citrus-parcels","CLASS_ID":"1","CLASS_NAME":"掩膜提取2_tif [Classvalue=1]","AREA":3,"name":"掩膜提取2_tif [Classvalue=1]","orchardType":"掩膜提取2_tif [Classvalue=1]","areaMu":0},"geometry":{"type":"Polygon","coordinates":[[[105.729925,31.046643],[105.729715,31.046644],[105.729717,31.046825],[105.729821,31.046824],[105.729821,31.046734],[105.729926,31.046733],[105.729925,31.046643]]]}},{"type":"Feature","id":"citrus-parcels-471","properties":{"sourceId":"citrus-parcels","CLASS_ID":"1","CLASS_NAME":"掩膜提取2_tif [Classvalue=1]","AREA":1,"name":"掩膜提取2_tif [Classvalue=1]","orchardType":"掩膜提取2_tif [Classvalue=1]","areaMu":0},"geometry":{"type":"Polygon","coordinates":[[[105.729713,31.046374],[105.729608,31.046374],[105.729609,31.046464],[105.729714,31.046464],[105.729713,31.046374]]]}},{"type":"Feature","id":"citrus-parcels-472","properties":{"sourceId":"citrus-parcels","CLASS_ID":"1","CLASS_NAME":"掩膜提取2_tif [Classvalue=1]","AREA":4,"name":"掩膜提取2_tif [Classvalue=1]","orchardType":"掩膜提取2_tif [Classvalue=1]","areaMu":0.01},"geometry":{"type":"Polygon","coordinates":[[[105.729398,31.046285],[105.729293,31.046286],[105.729295,31.046466],[105.72919,31.046467],[105.729191,31.046557],[105.7294,31.046556],[105.729398,31.046285]]]}},{"type":"Feature","id":"citrus-parcels-473","properties":{"sourceId":"citrus-parcels","CLASS_ID":"1","CLASS_NAME":"掩膜提取2_tif [Classvalue=1]","AREA":1,"name":"掩膜提取2_tif [Classvalue=1]","orchardType":"掩膜提取2_tif [Classvalue=1]","areaMu":0},"geometry":{"type":"Polygon","coordinates":[[[105.735999,31.046157],[105.735895,31.046158],[105.735895,31.046248],[105.736,31.046248],[105.735999,31.046157]]]}},{"type":"Feature","id":"citrus-parcels-474","properties":{"sourceId":"citrus-parcels","CLASS_ID":"1","CLASS_NAME":"掩膜提取2_tif [Classvalue=1]","AREA":1,"name":"掩膜提取2_tif [Classvalue=1]","orchardType":"掩膜提取2_tif [Classvalue=1]","areaMu":0},"geometry":{"type":"Polygon","coordinates":[[[105.736103,31.046067],[105.735999,31.046067],[105.735999,31.046157],[105.736104,31.046157],[105.736103,31.046067]]]}},{"type":"Feature","id":"citrus-parcels-475","properties":{"sourceId":"citrus-parcels","CLASS_ID":"1","CLASS_NAME":"掩膜提取2_tif [Classvalue=1]","AREA":1,"name":"掩膜提取2_tif [Classvalue=1]","orchardType":"掩膜提取2_tif [Classvalue=1]","areaMu":0},"geometry":{"type":"Polygon","coordinates":[[[105.730129,31.04592],[105.730024,31.045921],[105.730025,31.046011],[105.73013,31.04601],[105.730129,31.04592]]]}},{"type":"Feature","id":"citrus-parcels-476","properties":{"sourceId":"citrus-parcels","CLASS_ID":"1","CLASS_NAME":"掩膜提取2_tif [Classvalue=1]","AREA":1,"name":"掩膜提取2_tif [Classvalue=1]","orchardType":"掩膜提取2_tif [Classvalue=1]","areaMu":0},"geometry":{"type":"Polygon","coordinates":[[[105.735997,31.045887],[105.735892,31.045887],[105.735893,31.045978],[105.735998,31.045977],[105.735997,31.045887]]]}},{"type":"Feature","id":"citrus-parcels-477","properties":{"sourceId":"citrus-parcels","CLASS_ID":"1","CLASS_NAME":"掩膜提取2_tif [Classvalue=1]","AREA":6,"name":"掩膜提取2_tif [Classvalue=1]","orchardType":"掩膜提取2_tif [Classvalue=1]","areaMu":0.01},"geometry":{"type":"Polygon","coordinates":[[[105.729604,31.045833],[105.7295,31.045833],[105.7295,31.045924],[105.729291,31.045925],[105.729292,31.046105],[105.729502,31.046104],[105.729501,31.046014],[105.729606,31.046013],[105.729604,31.045833]]]}},{"type":"Feature","id":"citrus-parcels-478","properties":{"sourceId":"citrus-parcels","CLASS_ID":"1","CLASS_NAME":"掩膜提取2_tif [Classvalue=1]","AREA":14,"name":"掩膜提取2_tif [Classvalue=1]","orchardType":"掩膜提取2_tif [Classvalue=1]","areaMu":0.02},"geometry":{"type":"Polygon","coordinates":[[[105.730545,31.045467],[105.730125,31.045469],[105.730127,31.045649],[105.730022,31.04565],[105.730023,31.04574],[105.730232,31.045739],[105.730233,31.045829],[105.730338,31.045829],[105.730337,31.045739],[105.730547,31.045737],[105.730545,31.045467]]]}},{"type":"Feature","id":"citrus-parcels-479","properties":{"sourceId":"citrus-parcels","CLASS_ID":"1","CLASS_NAME":"掩膜提取2_tif [Classvalue=1]","AREA":2,"name":"掩膜提取2_tif [Classvalue=1]","orchardType":"掩膜提取2_tif [Classvalue=1]","areaMu":0},"geometry":{"type":"Polygon","coordinates":[[[105.731173,31.045463],[105.731069,31.045464],[105.73107,31.045644],[105.731175,31.045644],[105.731173,31.045463]]]}},{"type":"Feature","id":"citrus-parcels-480","properties":{"sourceId":"citrus-parcels","CLASS_ID":"1","CLASS_NAME":"掩膜提取2_tif [Classvalue=1]","AREA":10,"name":"掩膜提取2_tif [Classvalue=1]","orchardType":"掩膜提取2_tif [Classvalue=1]","areaMu":0.01},"geometry":{"type":"Polygon","coordinates":[[[105.72981,31.045381],[105.729706,31.045381],[105.729706,31.045471],[105.729602,31.045472],[105.729604,31.045833],[105.729709,31.045832],[105.729708,31.045652],[105.729813,31.045651],[105.729813,31.045741],[105.729918,31.045741],[105.729917,31.045651],[105.730022,31.04565],[105.730021,31.04556],[105.729812,31.045561],[105.72981,31.045381]]]}},{"type":"Feature","id":"citrus-parcels-481","properties":{"sourceId":"citrus-parcels","CLASS_ID":"1","CLASS_NAME":"掩膜提取2_tif [Classvalue=1]","AREA":1,"name":"掩膜提取2_tif [Classvalue=1]","orchardType":"掩膜提取2_tif [Classvalue=1]","areaMu":0},"geometry":{"type":"Polygon","coordinates":[[[105.731278,31.045372],[105.731173,31.045373],[105.731173,31.045463],[105.731278,31.045463],[105.731278,31.045372]]]}},{"type":"Feature","id":"citrus-parcels-482","properties":{"sourceId":"citrus-parcels","CLASS_ID":"1","CLASS_NAME":"掩膜提取2_tif [Classvalue=1]","AREA":1,"name":"掩膜提取2_tif [Classvalue=1]","orchardType":"掩膜提取2_tif [Classvalue=1]","areaMu":0},"geometry":{"type":"Polygon","coordinates":[[[105.731276,31.045192],[105.731171,31.045192],[105.731172,31.045283],[105.731277,31.045282],[105.731276,31.045192]]]}},{"type":"Feature","id":"citrus-parcels-483","properties":{"sourceId":"citrus-parcels","CLASS_ID":"1","CLASS_NAME":"掩膜提取2_tif [Classvalue=1]","AREA":6,"name":"掩膜提取2_tif [Classvalue=1]","orchardType":"掩膜提取2_tif [Classvalue=1]","areaMu":0.01},"geometry":{"type":"Polygon","coordinates":[[[105.730123,31.045108],[105.729913,31.045109],[105.729914,31.0452],[105.729809,31.0452],[105.72981,31.04529],[105.729915,31.04529],[105.729915,31.04538],[105.73002,31.045379],[105.730019,31.045289],[105.730124,31.045289],[105.730123,31.045108]]]}},{"type":"Feature","id":"citrus-parcels-484","properties":{"sourceId":"citrus-parcels","CLASS_ID":"1","CLASS_NAME":"掩膜提取2_tif [Classvalue=1]","AREA":6,"name":"掩膜提取2_tif [Classvalue=1]","orchardType":"掩膜提取2_tif [Classvalue=1]","areaMu":0.01},"geometry":{"type":"Polygon","coordinates":[[[105.730437,31.045106],[105.730228,31.045108],[105.73023,31.045378],[105.730334,31.045378],[105.730334,31.045287],[105.730543,31.045286],[105.730543,31.045196],[105.730438,31.045197],[105.730437,31.045106]]]}},{"type":"Feature","id":"citrus-parcels-485","properties":{"sourceId":"citrus-parcels","CLASS_ID":"1","CLASS_NAME":"掩膜提取2_tif [Classvalue=1]","AREA":2,"name":"掩膜提取2_tif [Classvalue=1]","orchardType":"掩膜提取2_tif [Classvalue=1]","areaMu":0},"geometry":{"type":"Polygon","coordinates":[[[105.730541,31.044925],[105.730436,31.044926],[105.730437,31.045106],[105.730542,31.045106],[105.730541,31.044925]]]}},{"type":"Feature","id":"citrus-parcels-486","properties":{"sourceId":"citrus-parcels","CLASS_ID":"1","CLASS_NAME":"掩膜提取2_tif [Classvalue=1]","AREA":1,"name":"掩膜提取2_tif [Classvalue=1]","orchardType":"掩膜提取2_tif [Classvalue=1]","areaMu":0},"geometry":{"type":"Polygon","coordinates":[[[105.730328,31.044566],[105.730223,31.044566],[105.730224,31.044656],[105.730329,31.044656],[105.730328,31.044566]]]}},{"type":"Feature","id":"citrus-parcels-487","properties":{"sourceId":"citrus-parcels","CLASS_ID":"1","CLASS_NAME":"掩膜提取2_tif [Classvalue=1]","AREA":1377,"name":"掩膜提取2_tif [Classvalue=1]","orchardType":"掩膜提取2_tif [Classvalue=1]","areaMu":2.07},"geometry":{"type":"MultiPolygon","coordinates":[[[[105.731892,31.043564],[105.731788,31.043565],[105.731789,31.043745],[105.731684,31.043746],[105.731686,31.043926],[105.73179,31.043926],[105.731791,31.044016],[105.731686,31.044017],[105.731688,31.044197],[105.731583,31.044198],[105.731584,31.044378],[105.731689,31.044377],[105.73169,31.044468],[105.731585,31.044468],[105.731588,31.044919],[105.731484,31.04492],[105.731485,31.0451],[105.73159,31.0451],[105.73159,31.04519],[105.731695,31.045189],[105.731697,31.04537],[105.731801,31.045369],[105.731802,31.04546],[105.731907,31.045459],[105.731906,31.045278],[105.73201,31.045278],[105.732012,31.045458],[105.731907,31.045459],[105.731908,31.045549],[105.732117,31.045548],[105.732117,31.045458],[105.732221,31.045457],[105.732222,31.045547],[105.732327,31.045547],[105.732326,31.045457],[105.732431,31.045456],[105.732432,31.045546],[105.732641,31.045545],[105.732642,31.045635],[105.733166,31.045632],[105.733166,31.045722],[105.733271,31.045722],[105.733273,31.045902],[105.733482,31.045901],[105.733484,31.046082],[105.733379,31.046082],[105.73338,31.046172],[105.733484,31.046172],[105.733485,31.046262],[105.73359,31.046261],[105.733591,31.046442],[105.733696,31.046441],[105.733697,31.046622],[105.733802,31.046621],[105.733804,31.046892],[105.733909,31.046891],[105.73391,31.046981],[105.733805,31.046982],[105.733807,31.047253],[105.733912,31.047252],[105.733913,31.047433],[105.734228,31.047431],[105.734229,31.047611],[105.734334,31.047611],[105.734334,31.047701],[105.734439,31.0477],[105.734441,31.047971],[105.734337,31.047972],[105.734334,31.047701],[105.73423,31.047701],[105.734234,31.048243],[105.734443,31.048242],[105.734443,31.048151],[105.734338,31.048152],[105.734337,31.048062],[105.734442,31.048061],[105.734443,31.048151],[105.734547,31.048151],[105.734547,31.048061],[105.734652,31.04806],[105.734653,31.04824],[105.734863,31.048239],[105.734863,31.048329],[105.734968,31.048329],[105.734967,31.048239],[105.735072,31.048238],[105.735074,31.048418],[105.735283,31.048417],[105.735284,31.048507],[105.735389,31.048507],[105.735389,31.048597],[105.735494,31.048597],[105.735495,31.048687],[105.735704,31.048686],[105.735706,31.048956],[105.735602,31.048957],[105.735602,31.049047],[105.735917,31.049045],[105.735916,31.048955],[105.736126,31.048954],[105.736124,31.048773],[105.736229,31.048773],[105.736228,31.048592],[105.736332,31.048592],[105.736332,31.048502],[105.736437,31.048501],[105.736437,31.048591],[105.736542,31.048591],[105.736543,31.048681],[105.736438,31.048681],[105.736441,31.049042],[105.736546,31.049042],[105.736547,31.049222],[105.736128,31.049225],[105.736128,31.049315],[105.736233,31.049314],[105.736235,31.049495],[105.736339,31.049494],[105.73634,31.049584],[105.73655,31.049583],[105.73655,31.049673],[105.736446,31.049674],[105.736446,31.049764],[105.736551,31.049763],[105.736552,31.049854],[105.736657,31.049853],[105.736657,31.049943],[105.736762,31.049943],[105.736763,31.050033],[105.736868,31.050032],[105.736868,31.050123],[105.736973,31.050122],[105.736974,31.050212],[105.737079,31.050212],[105.737079,31.050302],[105.737184,31.050301],[105.737185,31.050391],[105.737289,31.050391],[105.737291,31.050571],[105.737396,31.050571],[105.737397,31.050751],[105.737502,31.050751],[105.737503,31.050931],[105.737608,31.05093],[105.737609,31.051111],[105.737819,31.05111],[105.73782,31.0512],[105.737925,31.051199],[105.737925,31.051289],[105.73803,31.051289],[105.738029,31.051199],[105.738134,31.051198],[105.738133,31.051108],[105.738238,31.051107],[105.738238,31.051017],[105.738342,31.051016],[105.738341,31.050836],[105.738446,31.050835],[105.738444,31.050655],[105.738654,31.050654],[105.738653,31.050563],[105.738548,31.050564],[105.738544,31.049933],[105.738439,31.049933],[105.738437,31.049753],[105.738228,31.049754],[105.738228,31.049844],[105.738124,31.049845],[105.738123,31.049754],[105.738228,31.049754],[105.738227,31.049664],[105.738332,31.049663],[105.738331,31.049573],[105.738226,31.049573],[105.738225,31.049393],[105.73812,31.049394],[105.738119,31.049213],[105.738014,31.049214],[105.738013,31.049124],[105.737909,31.049124],[105.737908,31.049034],[105.737698,31.049035],[105.737698,31.048945],[105.737383,31.048947],[105.737385,31.049127],[105.73728,31.049128],[105.737279,31.049037],[105.737174,31.049038],[105.737174,31.048948],[105.736964,31.048949],[105.736962,31.048678],[105.736857,31.048679],[105.736858,31.048769],[105.736753,31.04877],[105.736752,31.04868],[105.736648,31.04868],[105.736647,31.04859],[105.736856,31.048589],[105.736856,31.048499],[105.736751,31.048499],[105.73675,31.048409],[105.736645,31.048409],[105.736645,31.048319],[105.73654,31.04832],[105.736539,31.048139],[105.736434,31.04814],[105.736432,31.04796],[105.736328,31.04796],[105.736324,31.047509],[105.736219,31.04751],[105.736221,31.04778],[105.736117,31.047781],[105.736115,31.0476],[105.73601,31.047601],[105.73601,31.047511],[105.7358,31.047512],[105.735799,31.047422],[105.735171,31.047425],[105.735169,31.047245],[105.735065,31.047246],[105.735065,31.047336],[105.73496,31.047336],[105.734959,31.047156],[105.735064,31.047155],[105.735063,31.047065],[105.734958,31.047066],[105.734957,31.046885],[105.734852,31.046886],[105.734851,31.046705],[105.73506,31.046704],[105.73506,31.046614],[105.734955,31.046615],[105.734954,31.046524],[105.734849,31.046525],[105.734849,31.046435],[105.735058,31.046434],[105.73506,31.046614],[105.735269,31.046613],[105.735269,31.046523],[105.735478,31.046521],[105.735477,31.046431],[105.735582,31.046431],[105.735582,31.04634],[105.735686,31.04634],[105.735685,31.046159],[105.73579,31.046159],[105.735789,31.046068],[105.735894,31.046068],[105.735893,31.045978],[105.735788,31.045978],[105.735788,31.045888],[105.735892,31.045887],[105.735891,31.045707],[105.735786,31.045708],[105.735786,31.045617],[105.735681,31.045618],[105.735679,31.045437],[105.735575,31.045438],[105.735574,31.045348],[105.735469,31.045348],[105.735468,31.045168],[105.735363,31.045169],[105.735362,31.044988],[105.735257,31.044989],[105.735256,31.044899],[105.735151,31.044899],[105.735151,31.044809],[105.735046,31.044809],[105.735045,31.044719],[105.73494,31.04472],[105.73494,31.04463],[105.73473,31.044631],[105.734731,31.044721],[105.734521,31.044722],[105.734519,31.044452],[105.734414,31.044452],[105.734414,31.044362],[105.734518,31.044361],[105.734517,31.044181],[105.734412,31.044182],[105.734412,31.044091],[105.734307,31.044092],[105.734306,31.044002],[105.734201,31.044002],[105.734201,31.043912],[105.734096,31.043913],[105.734095,31.043822],[105.73399,31.043823],[105.73399,31.043733],[105.733885,31.043733],[105.733885,31.043824],[105.733781,31.043824],[105.733781,31.043914],[105.733677,31.043915],[105.733678,31.044095],[105.733783,31.044095],[105.733783,31.044185],[105.733679,31.044186],[105.733678,31.044095],[105.733573,31.044096],[105.733575,31.044367],[105.733785,31.044366],[105.733784,31.044275],[105.733889,31.044275],[105.733891,31.044545],[105.733786,31.044546],[105.733786,31.044456],[105.733576,31.044457],[105.733575,31.044367],[105.73347,31.044367],[105.73347,31.044277],[105.733365,31.044278],[105.733366,31.044368],[105.733261,31.044369],[105.733262,31.044459],[105.733157,31.044459],[105.733156,31.044369],[105.733051,31.04437],[105.733051,31.044279],[105.732946,31.04428],[105.732947,31.04437],[105.732842,31.044371],[105.73284,31.04419],[105.732631,31.044192],[105.73263,31.044101],[105.732525,31.044102],[105.732525,31.044012],[105.73242,31.044012],[105.732418,31.043832],[105.732209,31.043833],[105.732208,31.043743],[105.732103,31.043743],[105.732103,31.043653],[105.731893,31.043654],[105.731892,31.043564]]],[[[105.737818,31.051019],[105.737714,31.05102],[105.737713,31.05093],[105.737818,31.050929],[105.737818,31.051019]]],[[[105.738237,31.050927],[105.738132,31.050927],[105.738131,31.050837],[105.738236,31.050837],[105.738237,31.050927]]],[[[105.737707,31.050208],[105.737602,31.050209],[105.737601,31.050028],[105.737706,31.050028],[105.737707,31.050208],[105.737917,31.050207],[105.737918,31.050297],[105.738232,31.050295],[105.738231,31.050115],[105.738335,31.050114],[105.738336,31.050204],[105.738441,31.050204],[105.738442,31.050294],[105.738337,31.050295],[105.73834,31.050746],[105.738131,31.050747],[105.73813,31.050657],[105.738025,31.050657],[105.738024,31.050567],[105.73792,31.050568],[105.737919,31.050477],[105.737814,31.050478],[105.737813,31.050388],[105.737604,31.050389],[105.737605,31.050479],[105.7375,31.05048],[105.737499,31.05039],[105.737394,31.05039],[105.737392,31.05012],[105.737497,31.050119],[105.737499,31.05039],[105.737604,31.050389],[105.737603,31.050299],[105.737708,31.050298],[105.737707,31.050208]]],[[[105.736972,31.049942],[105.736867,31.049942],[105.736866,31.049852],[105.736971,31.049851],[105.736972,31.049942]]],[[[105.736761,31.049762],[105.736656,31.049763],[105.736655,31.049673],[105.73676,31.049672],[105.736761,31.049762]]],[[[105.736864,31.049581],[105.736759,31.049582],[105.736759,31.049492],[105.736863,31.049491],[105.736864,31.049581]]],[[[105.736548,31.049403],[105.736443,31.049403],[105.736443,31.049313],[105.736548,31.049312],[105.736548,31.049403]]],[[[105.736967,31.04931],[105.736757,31.049311],[105.736754,31.04886],[105.736858,31.048859],[105.736861,31.04922],[105.737071,31.049219],[105.737072,31.0494],[105.737177,31.049399],[105.737178,31.049489],[105.737597,31.049487],[105.737598,31.049667],[105.737703,31.049667],[105.737704,31.049757],[105.737494,31.049758],[105.737496,31.050029],[105.737287,31.05003],[105.737285,31.049849],[105.737181,31.04985],[105.737182,31.050031],[105.737077,31.050031],[105.737076,31.049851],[105.737181,31.04985],[105.73718,31.04976],[105.737075,31.04976],[105.737072,31.0494],[105.736967,31.0494],[105.736967,31.04931]]],[[[105.73802,31.049936],[105.737915,31.049936],[105.737913,31.049756],[105.738018,31.049755],[105.73802,31.049936]]],[[[105.736019,31.048774],[105.735915,31.048775],[105.735914,31.048684],[105.736019,31.048684],[105.736019,31.048774]]],[[[105.735912,31.048414],[105.735807,31.048414],[105.735806,31.048234],[105.73591,31.048233],[105.735912,31.048414],[105.736017,31.048413],[105.736017,31.048503],[105.736122,31.048503],[105.736123,31.048593],[105.736018,31.048594],[105.736017,31.048503],[105.735913,31.048504],[105.735912,31.048414]]],[[[105.736226,31.048412],[105.736121,31.048412],[105.73612,31.048232],[105.736225,31.048231],[105.736226,31.048412]]],[[[105.735597,31.048325],[105.735492,31.048326],[105.735491,31.048236],[105.735596,31.048235],[105.735597,31.048325],[105.735702,31.048325],[105.735702,31.048415],[105.735597,31.048415],[105.735597,31.048325]]],[[[105.73528,31.048056],[105.735176,31.048057],[105.735175,31.047967],[105.73528,31.047966],[105.73528,31.048056]]],[[[105.734754,31.047698],[105.734649,31.047699],[105.734648,31.047609],[105.734753,31.047608],[105.734754,31.047698]]],[[[105.735591,31.047603],[105.735486,31.047604],[105.735486,31.047514],[105.735591,31.047513],[105.735591,31.047603]]],[[[105.734122,31.047341],[105.734017,31.047342],[105.734017,31.047252],[105.734121,31.047251],[105.734122,31.047341]]],[[[105.734435,31.047159],[105.73433,31.04716],[105.734328,31.046889],[105.734433,31.046888],[105.734435,31.047159],[105.73454,31.047158],[105.734541,31.047249],[105.734436,31.047249],[105.734435,31.047159]]],[[[105.734117,31.04671],[105.733908,31.046711],[105.733906,31.04653],[105.734011,31.04653],[105.73401,31.046439],[105.73422,31.046438],[105.734221,31.046619],[105.734117,31.046619],[105.734117,31.04671],[105.734327,31.046708],[105.734328,31.046799],[105.734223,31.046799],[105.734223,31.046889],[105.734119,31.04689],[105.734117,31.04671]]],[[[105.735477,31.046341],[105.735372,31.046342],[105.735371,31.046251],[105.735476,31.046251],[105.735477,31.046341]]],[[[105.734009,31.046259],[105.733904,31.04626],[105.733903,31.046169],[105.734008,31.046169],[105.734009,31.046259]]],[[[105.734634,31.045804],[105.734529,31.045805],[105.734529,31.045715],[105.734634,31.045714],[105.734634,31.045804]]],[[[105.735053,31.045712],[105.734948,31.045712],[105.734947,31.045622],[105.735052,31.045622],[105.735053,31.045712]]]]}},{"type":"Feature","id":"citrus-parcels-488","properties":{"sourceId":"citrus-parcels","CLASS_ID":"1","CLASS_NAME":"掩膜提取2_tif [Classvalue=1]","AREA":1,"name":"掩膜提取2_tif [Classvalue=1]","orchardType":"掩膜提取2_tif [Classvalue=1]","areaMu":0},"geometry":{"type":"Polygon","coordinates":[[[105.731787,31.043475],[105.731682,31.043475],[105.731683,31.043565],[105.731788,31.043565],[105.731787,31.043475]]]}},{"type":"Feature","id":"citrus-parcels-489","properties":{"sourceId":"citrus-parcels","CLASS_ID":"1","CLASS_NAME":"掩膜提取2_tif [Classvalue=1]","AREA":1,"name":"掩膜提取2_tif [Classvalue=1]","orchardType":"掩膜提取2_tif [Classvalue=1]","areaMu":0},"geometry":{"type":"Polygon","coordinates":[[[105.730738,31.0433],[105.730633,31.043301],[105.730634,31.043391],[105.730738,31.04339],[105.730738,31.0433]]]}},{"type":"Feature","id":"citrus-parcels-490","properties":{"sourceId":"citrus-parcels","CLASS_ID":"1","CLASS_NAME":"掩膜提取2_tif [Classvalue=1]","AREA":2,"name":"掩膜提取2_tif [Classvalue=1]","orchardType":"掩膜提取2_tif [Classvalue=1]","areaMu":0},"geometry":{"type":"Polygon","coordinates":[[[105.731365,31.043116],[105.73126,31.043117],[105.731262,31.043297],[105.731366,31.043297],[105.731365,31.043116]]]}},{"type":"Feature","id":"citrus-parcels-491","properties":{"sourceId":"citrus-parcels","CLASS_ID":"1","CLASS_NAME":"掩膜提取2_tif [Classvalue=1]","AREA":4,"name":"掩膜提取2_tif [Classvalue=1]","orchardType":"掩膜提取2_tif [Classvalue=1]","areaMu":0.01},"geometry":{"type":"Polygon","coordinates":[[[105.73105,31.043028],[105.730945,31.043028],[105.730947,31.043299],[105.731052,31.043298],[105.731051,31.043208],[105.731156,31.043207],[105.731155,31.043117],[105.731051,31.043118],[105.73105,31.043028]]]}},{"type":"Feature","id":"citrus-parcels-492","properties":{"sourceId":"citrus-parcels","CLASS_ID":"1","CLASS_NAME":"掩膜提取2_tif [Classvalue=1]","AREA":2,"name":"掩膜提取2_tif [Classvalue=1]","orchardType":"掩膜提取2_tif [Classvalue=1]","areaMu":0},"geometry":{"type":"Polygon","coordinates":[[[105.731574,31.043025],[105.731469,31.043025],[105.731471,31.043206],[105.731575,31.043205],[105.731574,31.043025]]]}},{"type":"Feature","id":"citrus-parcels-493","properties":{"sourceId":"citrus-parcels","CLASS_ID":"1","CLASS_NAME":"掩膜提取2_tif [Classvalue=1]","AREA":354,"name":"掩膜提取2_tif [Classvalue=1]","orchardType":"掩膜提取2_tif [Classvalue=1]","areaMu":0.53},"geometry":{"type":"MultiPolygon","coordinates":[[[[105.73042,31.042851],[105.730315,31.042851],[105.730323,31.043844],[105.730427,31.043843],[105.730428,31.043933],[105.730533,31.043933],[105.730534,31.044023],[105.730429,31.044024],[105.730431,31.044294],[105.730326,31.044295],[105.730328,31.044566],[105.730433,31.044565],[105.730432,31.044475],[105.730537,31.044474],[105.730535,31.044204],[105.73064,31.044203],[105.73064,31.044293],[105.730745,31.044293],[105.730746,31.044383],[105.730956,31.044382],[105.730956,31.044472],[105.730851,31.044472],[105.730852,31.044563],[105.730643,31.044564],[105.730643,31.044654],[105.730538,31.044655],[105.730541,31.044925],[105.73075,31.044924],[105.730752,31.045195],[105.730647,31.045195],[105.730649,31.045376],[105.730544,31.045376],[105.730545,31.045467],[105.730649,31.045466],[105.730652,31.045737],[105.730547,31.045737],[105.730547,31.045828],[105.730338,31.045829],[105.730339,31.046009],[105.730234,31.04601],[105.730235,31.0461],[105.73013,31.046101],[105.730131,31.046191],[105.729817,31.046193],[105.729819,31.046553],[105.729924,31.046553],[105.729925,31.046643],[105.73003,31.046643],[105.730033,31.047094],[105.729928,31.047094],[105.729929,31.047184],[105.730034,31.047184],[105.730034,31.047274],[105.72993,31.047275],[105.729931,31.047455],[105.730036,31.047455],[105.730037,31.047545],[105.730141,31.047544],[105.730142,31.047634],[105.730247,31.047634],[105.730248,31.047724],[105.730143,31.047725],[105.730145,31.048086],[105.73025,31.048085],[105.73025,31.047995],[105.730354,31.047994],[105.730354,31.047904],[105.730458,31.047903],[105.730457,31.047723],[105.730562,31.047722],[105.730561,31.047542],[105.730665,31.047541],[105.730665,31.047451],[105.73056,31.047452],[105.730559,31.047361],[105.730664,31.047361],[105.730663,31.04718],[105.730767,31.04718],[105.730765,31.046909],[105.730975,31.046908],[105.730974,31.046818],[105.730869,31.046818],[105.730869,31.046728],[105.730764,31.046729],[105.730763,31.046638],[105.730973,31.046637],[105.730972,31.046547],[105.730867,31.046548],[105.730867,31.046457],[105.730971,31.046457],[105.73097,31.046276],[105.730865,31.046277],[105.730865,31.046187],[105.730969,31.046186],[105.730967,31.045825],[105.731071,31.045825],[105.73107,31.045644],[105.730756,31.045646],[105.730755,31.045556],[105.73086,31.045555],[105.730858,31.045284],[105.730962,31.045284],[105.730962,31.045194],[105.731171,31.045192],[105.731171,31.045102],[105.731275,31.045102],[105.731276,31.045192],[105.731381,31.045191],[105.731375,31.044469],[105.73148,31.044469],[105.731477,31.044018],[105.731582,31.044017],[105.73158,31.043837],[105.731475,31.043837],[105.731474,31.043657],[105.731369,31.043657],[105.731371,31.043838],[105.731266,31.043838],[105.731266,31.043929],[105.731057,31.04393],[105.731056,31.04384],[105.731266,31.043838],[105.731264,31.043568],[105.731159,31.043568],[105.731158,31.043478],[105.731263,31.043478],[105.731264,31.043568],[105.731368,31.043567],[105.731367,31.043387],[105.731158,31.043388],[105.731157,31.043298],[105.731052,31.043298],[105.731053,31.043479],[105.730949,31.043479],[105.730949,31.04357],[105.730845,31.04357],[105.730844,31.04348],[105.730739,31.043481],[105.73074,31.043661],[105.730531,31.043662],[105.73053,31.043482],[105.730425,31.043482],[105.730424,31.043392],[105.730529,31.043391],[105.730528,31.043301],[105.730633,31.043301],[105.730632,31.04312],[105.730527,31.043121],[105.730525,31.04294],[105.730421,31.042941],[105.73042,31.042851]]],[[[105.730864,31.046096],[105.730759,31.046097],[105.730758,31.046007],[105.730863,31.046006],[105.730864,31.046096]]]]}},{"type":"Feature","id":"citrus-parcels-494","properties":{"sourceId":"citrus-parcels","CLASS_ID":"1","CLASS_NAME":"掩膜提取2_tif [Classvalue=1]","AREA":1,"name":"掩膜提取2_tif [Classvalue=1]","orchardType":"掩膜提取2_tif [Classvalue=1]","areaMu":0},"geometry":{"type":"Polygon","coordinates":[[[105.730524,31.04276],[105.730419,31.042761],[105.73042,31.042851],[105.730525,31.04285],[105.730524,31.04276]]]}},{"type":"Feature","id":"citrus-parcels-495","properties":{"sourceId":"citrus-parcels","CLASS_ID":"1","CLASS_NAME":"掩膜提取2_tif [Classvalue=1]","AREA":1,"name":"掩膜提取2_tif [Classvalue=1]","orchardType":"掩膜提取2_tif [Classvalue=1]","areaMu":0},"geometry":{"type":"Polygon","coordinates":[[[105.721405,31.042541],[105.721301,31.042541],[105.721301,31.042631],[105.721406,31.042631],[105.721405,31.042541]]]}},{"type":"Feature","id":"citrus-parcels-496","properties":{"sourceId":"citrus-parcels","CLASS_ID":"1","CLASS_NAME":"掩膜提取2_tif [Classvalue=1]","AREA":7,"name":"掩膜提取2_tif [Classvalue=1]","orchardType":"掩膜提取2_tif [Classvalue=1]","areaMu":0.01},"geometry":{"type":"Polygon","coordinates":[[[105.731779,31.042482],[105.731675,31.042483],[105.731675,31.042573],[105.731466,31.042574],[105.731468,31.042845],[105.731573,31.042844],[105.731572,31.042754],[105.731677,31.042753],[105.731676,31.042663],[105.731781,31.042663],[105.731779,31.042482]]]}},{"type":"Feature","id":"citrus-parcels-497","properties":{"sourceId":"citrus-parcels","CLASS_ID":"1","CLASS_NAME":"掩膜提取2_tif [Classvalue=1]","AREA":26,"name":"掩膜提取2_tif [Classvalue=1]","orchardType":"掩膜提取2_tif [Classvalue=1]","areaMu":0.04},"geometry":{"type":"Polygon","coordinates":[[[105.731255,31.042395],[105.730836,31.042397],[105.730836,31.042487],[105.730731,31.042488],[105.730732,31.042578],[105.730837,31.042578],[105.730838,31.042758],[105.731048,31.042757],[105.73105,31.043028],[105.731155,31.043027],[105.731155,31.043117],[105.73126,31.043117],[105.731259,31.042936],[105.731364,31.042936],[105.731364,31.043026],[105.731469,31.043025],[105.731468,31.042845],[105.731258,31.042846],[105.731258,31.042756],[105.731153,31.042756],[105.731152,31.042666],[105.730942,31.042667],[105.730942,31.042577],[105.731256,31.042575],[105.731257,31.042666],[105.731362,31.042665],[105.731361,31.042575],[105.731466,31.042574],[105.731465,31.042484],[105.731255,31.042485],[105.731255,31.042395]]]}},{"type":"Feature","id":"citrus-parcels-498","properties":{"sourceId":"citrus-parcels","CLASS_ID":"1","CLASS_NAME":"掩膜提取2_tif [Classvalue=1]","AREA":1,"name":"掩膜提取2_tif [Classvalue=1]","orchardType":"掩膜提取2_tif [Classvalue=1]","areaMu":0},"geometry":{"type":"Polygon","coordinates":[[[105.720775,31.042273],[105.72067,31.042274],[105.720671,31.042364],[105.720775,31.042364],[105.720775,31.042273]]]}},{"type":"Feature","id":"citrus-parcels-499","properties":{"sourceId":"citrus-parcels","CLASS_ID":"1","CLASS_NAME":"掩膜提取2_tif [Classvalue=1]","AREA":1,"name":"掩膜提取2_tif [Classvalue=1]","orchardType":"掩膜提取2_tif [Classvalue=1]","areaMu":0},"geometry":{"type":"Polygon","coordinates":[[[105.721089,31.042272],[105.720984,31.042272],[105.720985,31.042362],[105.72109,31.042362],[105.721089,31.042272]]]}},{"type":"Feature","id":"citrus-parcels-500","properties":{"sourceId":"citrus-parcels","CLASS_ID":"1","CLASS_NAME":"掩膜提取2_tif [Classvalue=1]","AREA":2,"name":"掩膜提取2_tif [Classvalue=1]","orchardType":"掩膜提取2_tif [Classvalue=1]","areaMu":0},"geometry":{"type":"Polygon","coordinates":[[[105.721823,31.042268],[105.721718,31.042268],[105.721719,31.042449],[105.721824,31.042448],[105.721823,31.042268]]]}},{"type":"Feature","id":"citrus-parcels-501","properties":{"sourceId":"citrus-parcels","CLASS_ID":"1","CLASS_NAME":"掩膜提取2_tif [Classvalue=1]","AREA":1,"name":"掩膜提取2_tif [Classvalue=1]","orchardType":"掩膜提取2_tif [Classvalue=1]","areaMu":0},"geometry":{"type":"Polygon","coordinates":[[[105.721717,31.042178],[105.721612,31.042178],[105.721613,31.042269],[105.721718,31.042268],[105.721717,31.042178]]]}},{"type":"Feature","id":"citrus-parcels-502","properties":{"sourceId":"citrus-parcels","CLASS_ID":"1","CLASS_NAME":"掩膜提取2_tif [Classvalue=1]","AREA":1,"name":"掩膜提取2_tif [Classvalue=1]","orchardType":"掩膜提取2_tif [Classvalue=1]","areaMu":0},"geometry":{"type":"Polygon","coordinates":[[[105.731147,31.042035],[105.731042,31.042035],[105.731043,31.042125],[105.731148,31.042125],[105.731147,31.042035]]]}},{"type":"Feature","id":"citrus-parcels-503","properties":{"sourceId":"citrus-parcels","CLASS_ID":"1","CLASS_NAME":"掩膜提取2_tif [Classvalue=1]","AREA":4,"name":"掩膜提取2_tif [Classvalue=1]","orchardType":"掩膜提取2_tif [Classvalue=1]","areaMu":0.01},"geometry":{"type":"Polygon","coordinates":[[[105.721506,31.041999],[105.721297,31.042],[105.721297,31.04209],[105.721402,31.042089],[105.721403,31.04218],[105.721612,31.042178],[105.721612,31.042088],[105.721507,31.042089],[105.721506,31.041999]]]}},{"type":"Feature","id":"citrus-parcels-504","properties":{"sourceId":"citrus-parcels","CLASS_ID":"1","CLASS_NAME":"掩膜提取2_tif [Classvalue=1]","AREA":1,"name":"掩膜提取2_tif [Classvalue=1]","orchardType":"掩膜提取2_tif [Classvalue=1]","areaMu":0},"geometry":{"type":"Polygon","coordinates":[[[105.731042,31.041945],[105.730937,31.041946],[105.730938,31.042036],[105.731042,31.042035],[105.731042,31.041945]]]}},{"type":"Feature","id":"citrus-parcels-505","properties":{"sourceId":"citrus-parcels","CLASS_ID":"1","CLASS_NAME":"掩膜提取2_tif [Classvalue=1]","AREA":16,"name":"掩膜提取2_tif [Classvalue=1]","orchardType":"掩膜提取2_tif [Classvalue=1]","areaMu":0.02},"geometry":{"type":"Polygon","coordinates":[[[105.730203,31.041859],[105.730098,31.04186],[105.730101,31.042221],[105.730205,31.04222],[105.730208,31.042581],[105.730313,31.042581],[105.730314,31.042761],[105.730419,31.042761],[105.730417,31.04249],[105.730522,31.042489],[105.730521,31.042399],[105.730416,31.0424],[105.730416,31.042309],[105.730311,31.04231],[105.730309,31.042039],[105.730204,31.04204],[105.730203,31.041859]]]}},{"type":"Feature","id":"citrus-parcels-506","properties":{"sourceId":"citrus-parcels","CLASS_ID":"1","CLASS_NAME":"掩膜提取2_tif [Classvalue=1]","AREA":42,"name":"掩膜提取2_tif [Classvalue=1]","orchardType":"掩膜提取2_tif [Classvalue=1]","areaMu":0.06},"geometry":{"type":"Polygon","coordinates":[[[105.731564,31.041762],[105.73125,31.041763],[105.731251,31.041854],[105.731146,31.041854],[105.731147,31.041944],[105.731356,31.041943],[105.731358,31.042214],[105.731253,31.042214],[105.731254,31.042305],[105.731359,31.042304],[105.73136,31.042394],[105.731464,31.042394],[105.731464,31.042303],[105.731568,31.042303],[105.731569,31.042393],[105.731464,31.042394],[105.731465,31.042484],[105.731675,31.042483],[105.731674,31.042393],[105.731883,31.042391],[105.731883,31.042301],[105.732092,31.0423],[105.732092,31.04221],[105.731987,31.04221],[105.731986,31.04212],[105.732091,31.042119],[105.73209,31.042029],[105.731985,31.04203],[105.731985,31.04194],[105.73188,31.04194],[105.731881,31.04203],[105.731776,31.042031],[105.731775,31.041941],[105.73188,31.04194],[105.731879,31.04176],[105.731669,31.041761],[105.731671,31.042032],[105.731566,31.042032],[105.731564,31.041762]]]}},{"type":"Feature","id":"citrus-parcels-507","properties":{"sourceId":"citrus-parcels","CLASS_ID":"1","CLASS_NAME":"掩膜提取2_tif [Classvalue=1]","AREA":3,"name":"掩膜提取2_tif [Classvalue=1]","orchardType":"掩膜提取2_tif [Classvalue=1]","areaMu":0},"geometry":{"type":"Polygon","coordinates":[[[105.730201,31.041679],[105.729992,31.04168],[105.729993,31.041861],[105.730098,31.04186],[105.730097,31.04177],[105.730202,31.041769],[105.730201,31.041679]]]}},{"type":"Feature","id":"citrus-parcels-508","properties":{"sourceId":"citrus-parcels","CLASS_ID":"1","CLASS_NAME":"掩膜提取2_tif [Classvalue=1]","AREA":3,"name":"掩膜提取2_tif [Classvalue=1]","orchardType":"掩膜提取2_tif [Classvalue=1]","areaMu":0},"geometry":{"type":"Polygon","coordinates":[[[105.730621,31.041677],[105.730306,31.041678],[105.730307,31.041769],[105.730621,31.041767],[105.730621,31.041677]]]}},{"type":"Feature","id":"citrus-parcels-509","properties":{"sourceId":"citrus-parcels","CLASS_ID":"1","CLASS_NAME":"掩膜提取2_tif [Classvalue=1]","AREA":9,"name":"掩膜提取2_tif [Classvalue=1]","orchardType":"掩膜提取2_tif [Classvalue=1]","areaMu":0.01},"geometry":{"type":"Polygon","coordinates":[[[105.730935,31.041675],[105.730725,31.041676],[105.730726,31.041766],[105.730621,31.041767],[105.730622,31.041857],[105.730727,31.041856],[105.730727,31.041947],[105.730937,31.041946],[105.730936,31.041855],[105.731146,31.041854],[105.731145,31.041764],[105.730936,31.041765],[105.730935,31.041675]]]}},{"type":"Feature","id":"citrus-parcels-510","properties":{"sourceId":"citrus-parcels","CLASS_ID":"1","CLASS_NAME":"掩膜提取2_tif [Classvalue=1]","AREA":1,"name":"掩膜提取2_tif [Classvalue=1]","orchardType":"掩膜提取2_tif [Classvalue=1]","areaMu":0},"geometry":{"type":"Polygon","coordinates":[[[105.720246,31.041645],[105.720141,31.041645],[105.720142,31.041736],[105.720247,31.041735],[105.720246,31.041645]]]}},{"type":"Feature","id":"citrus-parcels-511","properties":{"sourceId":"citrus-parcels","CLASS_ID":"1","CLASS_NAME":"掩膜提取2_tif [Classvalue=1]","AREA":2,"name":"掩膜提取2_tif [Classvalue=1]","orchardType":"掩膜提取2_tif [Classvalue=1]","areaMu":0},"geometry":{"type":"Polygon","coordinates":[[[105.720454,31.041463],[105.720349,31.041464],[105.720351,31.041644],[105.720456,31.041644],[105.720454,31.041463]]]}},{"type":"Feature","id":"citrus-parcels-512","properties":{"sourceId":"citrus-parcels","CLASS_ID":"1","CLASS_NAME":"掩膜提取2_tif [Classvalue=1]","AREA":294,"name":"掩膜提取2_tif [Classvalue=1]","orchardType":"掩膜提取2_tif [Classvalue=1]","areaMu":0.44},"geometry":{"type":"MultiPolygon","coordinates":[[[[105.720664,31.041462],[105.720559,31.041463],[105.72056,31.041643],[105.720456,31.041644],[105.720457,31.041824],[105.720352,31.041825],[105.720351,31.041734],[105.720247,31.041735],[105.720247,31.041825],[105.720143,31.041826],[105.720145,31.042096],[105.720249,31.042096],[105.72025,31.042186],[105.720145,31.042187],[105.720145,31.042096],[105.719935,31.042098],[105.719934,31.042007],[105.720039,31.042007],[105.720038,31.041917],[105.719829,31.041918],[105.719831,31.042188],[105.719726,31.042189],[105.719725,31.042099],[105.719621,31.042099],[105.719622,31.04228],[105.719517,31.04228],[105.719518,31.042371],[105.719413,31.042371],[105.719414,31.042461],[105.719309,31.042462],[105.71931,31.042552],[105.719205,31.042553],[105.719206,31.042643],[105.719101,31.042644],[105.719101,31.042734],[105.718997,31.042734],[105.718997,31.042825],[105.718893,31.042825],[105.718893,31.042915],[105.719103,31.042914],[105.719103,31.043005],[105.719208,31.043004],[105.719209,31.043094],[105.719419,31.043093],[105.719419,31.043183],[105.719629,31.043182],[105.719629,31.043272],[105.720049,31.04327],[105.720049,31.04336],[105.720259,31.043359],[105.72026,31.043449],[105.720469,31.043448],[105.72047,31.043538],[105.720575,31.043538],[105.720575,31.043628],[105.72068,31.043627],[105.720681,31.043718],[105.720786,31.043717],[105.720786,31.043807],[105.720996,31.043806],[105.720996,31.043896],[105.721101,31.043896],[105.7211,31.043715],[105.721205,31.043715],[105.721203,31.043534],[105.721308,31.043534],[105.721306,31.043263],[105.721411,31.043262],[105.72141,31.043172],[105.721305,31.043173],[105.721305,31.043082],[105.721514,31.043081],[105.721513,31.042901],[105.721618,31.0429],[105.721616,31.04272],[105.721512,31.04272],[105.721512,31.042811],[105.721303,31.042812],[105.721302,31.042722],[105.721197,31.042722],[105.721197,31.042632],[105.720987,31.042633],[105.720988,31.042723],[105.720883,31.042724],[105.720884,31.042814],[105.720779,31.042815],[105.720777,31.042634],[105.720882,31.042634],[105.720881,31.042543],[105.720777,31.042544],[105.720776,31.042454],[105.720671,31.042454],[105.720671,31.042364],[105.720566,31.042365],[105.720564,31.042094],[105.720459,31.042095],[105.720458,31.042004],[105.720668,31.042003],[105.720667,31.041913],[105.720772,31.041912],[105.720771,31.041822],[105.720876,31.041822],[105.720877,31.041912],[105.721086,31.041911],[105.721087,31.042001],[105.721297,31.042],[105.721296,31.04191],[105.721191,31.04191],[105.72119,31.04182],[105.721086,31.041821],[105.721085,31.04173],[105.72098,31.041731],[105.720979,31.041641],[105.720875,31.041641],[105.720874,31.041551],[105.720664,31.041552],[105.720664,31.041462]]],[[[105.721199,31.042903],[105.720989,31.042904],[105.720988,31.042814],[105.721198,31.042812],[105.721199,31.042903]]],[[[105.720252,31.042457],[105.720147,31.042457],[105.720147,31.042367],[105.720251,31.042367],[105.720252,31.042457]]]]}},{"type":"Feature","id":"citrus-parcels-513","properties":{"sourceId":"citrus-parcels","CLASS_ID":"1","CLASS_NAME":"掩膜提取2_tif [Classvalue=1]","AREA":1,"name":"掩膜提取2_tif [Classvalue=1]","orchardType":"掩膜提取2_tif [Classvalue=1]","areaMu":0},"geometry":{"type":"Polygon","coordinates":[[[105.724744,31.040627],[105.724639,31.040628],[105.72464,31.040718],[105.724745,31.040717],[105.724744,31.040627]]]}},{"type":"Feature","id":"citrus-parcels-514","properties":{"sourceId":"citrus-parcels","CLASS_ID":"1","CLASS_NAME":"掩膜提取2_tif [Classvalue=1]","AREA":1,"name":"掩膜提取2_tif [Classvalue=1]","orchardType":"掩膜提取2_tif [Classvalue=1]","areaMu":0},"geometry":{"type":"Polygon","coordinates":[[[105.731134,31.04032],[105.731029,31.040321],[105.73103,31.040411],[105.731135,31.040411],[105.731134,31.04032]]]}},{"type":"Feature","id":"citrus-parcels-515","properties":{"sourceId":"citrus-parcels","CLASS_ID":"1","CLASS_NAME":"掩膜提取2_tif [Classvalue=1]","AREA":3,"name":"掩膜提取2_tif [Classvalue=1]","orchardType":"掩膜提取2_tif [Classvalue=1]","areaMu":0},"geometry":{"type":"Polygon","coordinates":[[[105.726628,31.040256],[105.726523,31.040256],[105.726524,31.040346],[105.726419,31.040347],[105.726419,31.040437],[105.726629,31.040436],[105.726628,31.040256]]]}},{"type":"Feature","id":"citrus-parcels-516","properties":{"sourceId":"citrus-parcels","CLASS_ID":"1","CLASS_NAME":"掩膜提取2_tif [Classvalue=1]","AREA":4,"name":"掩膜提取2_tif [Classvalue=1]","orchardType":"掩膜提取2_tif [Classvalue=1]","areaMu":0.01},"geometry":{"type":"Polygon","coordinates":[[[105.727047,31.040253],[105.726732,31.040255],[105.726733,31.040345],[105.726838,31.040345],[105.726839,31.040435],[105.726943,31.040434],[105.726943,31.040344],[105.727047,31.040343],[105.727047,31.040253]]]}},{"type":"Feature","id":"citrus-parcels-517","properties":{"sourceId":"citrus-parcels","CLASS_ID":"1","CLASS_NAME":"掩膜提取2_tif [Classvalue=1]","AREA":1,"name":"掩膜提取2_tif [Classvalue=1]","orchardType":"掩膜提取2_tif [Classvalue=1]","areaMu":0},"geometry":{"type":"Polygon","coordinates":[[[105.725158,31.039903],[105.725053,31.039903],[105.725054,31.039994],[105.725159,31.039993],[105.725158,31.039903]]]}},{"type":"Feature","id":"citrus-parcels-518","properties":{"sourceId":"citrus-parcels","CLASS_ID":"1","CLASS_NAME":"掩膜提取2_tif [Classvalue=1]","AREA":2,"name":"掩膜提取2_tif [Classvalue=1]","orchardType":"掩膜提取2_tif [Classvalue=1]","areaMu":0},"geometry":{"type":"Polygon","coordinates":[[[105.726205,31.039807],[105.7261,31.039807],[105.726102,31.039988],[105.726206,31.039987],[105.726205,31.039807]]]}},{"type":"Feature","id":"citrus-parcels-519","properties":{"sourceId":"citrus-parcels","CLASS_ID":"1","CLASS_NAME":"掩膜提取2_tif [Classvalue=1]","AREA":26,"name":"掩膜提取2_tif [Classvalue=1]","orchardType":"掩膜提取2_tif [Classvalue=1]","areaMu":0.04},"geometry":{"type":"Polygon","coordinates":[[[105.725471,31.039721],[105.725261,31.039722],[105.725263,31.039902],[105.725472,31.039901],[105.725474,31.040082],[105.725264,31.040083],[105.725265,31.040173],[105.725474,31.040172],[105.725475,31.040262],[105.72537,31.040263],[105.725372,31.040443],[105.725476,31.040442],[105.725476,31.040352],[105.72558,31.040352],[105.725581,31.040442],[105.725791,31.040441],[105.72579,31.04035],[105.725895,31.04035],[105.725892,31.039989],[105.725787,31.03999],[105.725788,31.04008],[105.725683,31.04008],[105.725684,31.040171],[105.725579,31.040171],[105.725578,31.040081],[105.725683,31.04008],[105.725683,31.03999],[105.725578,31.039991],[105.725576,31.03981],[105.725472,31.039811],[105.725471,31.039721]]]}},{"type":"Feature","id":"citrus-parcels-520","properties":{"sourceId":"citrus-parcels","CLASS_ID":"1","CLASS_NAME":"掩膜提取2_tif [Classvalue=1]","AREA":2,"name":"掩膜提取2_tif [Classvalue=1]","orchardType":"掩膜提取2_tif [Classvalue=1]","areaMu":0},"geometry":{"type":"Polygon","coordinates":[[[105.726724,31.039172],[105.726515,31.039173],[105.726515,31.039264],[105.726725,31.039262],[105.726724,31.039172]]]}},{"type":"Feature","id":"citrus-parcels-521","properties":{"sourceId":"citrus-parcels","CLASS_ID":"1","CLASS_NAME":"掩膜提取2_tif [Classvalue=1]","AREA":1,"name":"掩膜提取2_tif [Classvalue=1]","orchardType":"掩膜提取2_tif [Classvalue=1]","areaMu":0},"geometry":{"type":"Polygon","coordinates":[[[105.72976,31.038794],[105.729655,31.038795],[105.729656,31.038885],[105.729761,31.038884],[105.72976,31.038794]]]}},{"type":"Feature","id":"citrus-parcels-522","properties":{"sourceId":"citrus-parcels","CLASS_ID":"1","CLASS_NAME":"掩膜提取2_tif [Classvalue=1]","AREA":1,"name":"掩膜提取2_tif [Classvalue=1]","orchardType":"掩膜提取2_tif [Classvalue=1]","areaMu":0},"geometry":{"type":"Polygon","coordinates":[[[105.729648,31.037802],[105.729543,31.037803],[105.729544,31.037893],[105.729649,31.037893],[105.729648,31.037802]]]}},{"type":"Feature","id":"citrus-parcels-523","properties":{"sourceId":"citrus-parcels","CLASS_ID":"1","CLASS_NAME":"掩膜提取2_tif [Classvalue=1]","AREA":1,"name":"掩膜提取2_tif [Classvalue=1]","orchardType":"掩膜提取2_tif [Classvalue=1]","areaMu":0},"geometry":{"type":"Polygon","coordinates":[[[105.729962,31.037801],[105.729857,31.037801],[105.729858,31.037891],[105.729963,31.037891],[105.729962,31.037801]]]}},{"type":"Feature","id":"citrus-parcels-524","properties":{"sourceId":"citrus-parcels","CLASS_ID":"1","CLASS_NAME":"掩膜提取2_tif [Classvalue=1]","AREA":3,"name":"掩膜提取2_tif [Classvalue=1]","orchardType":"掩膜提取2_tif [Classvalue=1]","areaMu":0},"geometry":{"type":"Polygon","coordinates":[[[105.729856,31.037621],[105.729646,31.037622],[105.729647,31.037712],[105.729752,31.037712],[105.729753,31.037802],[105.729857,31.037801],[105.729856,31.037621]]]}},{"type":"Feature","id":"citrus-parcels-525","properties":{"sourceId":"citrus-parcels","CLASS_ID":"1","CLASS_NAME":"掩膜提取2_tif [Classvalue=1]","AREA":1,"name":"掩膜提取2_tif [Classvalue=1]","orchardType":"掩膜提取2_tif [Classvalue=1]","areaMu":0},"geometry":{"type":"Polygon","coordinates":[[[105.726606,31.037459],[105.726502,31.037459],[105.726502,31.037549],[105.726607,31.037549],[105.726606,31.037459]]]}},{"type":"Feature","id":"citrus-parcels-526","properties":{"sourceId":"citrus-parcels","CLASS_ID":"1","CLASS_NAME":"掩膜提取2_tif [Classvalue=1]","AREA":1,"name":"掩膜提取2_tif [Classvalue=1]","orchardType":"掩膜提取2_tif [Classvalue=1]","areaMu":0},"geometry":{"type":"Polygon","coordinates":[[[105.726815,31.037367],[105.726711,31.037368],[105.726711,31.037458],[105.726816,31.037457],[105.726815,31.037367]]]}},{"type":"Feature","id":"citrus-parcels-527","properties":{"sourceId":"citrus-parcels","CLASS_ID":"1","CLASS_NAME":"掩膜提取2_tif [Classvalue=1]","AREA":2145,"name":"掩膜提取2_tif [Classvalue=1]","orchardType":"掩膜提取2_tif [Classvalue=1]","areaMu":3.22},"geometry":{"type":"MultiPolygon","coordinates":[[[[105.727962,31.036639],[105.727753,31.03664],[105.727754,31.03673],[105.727649,31.036731],[105.727649,31.036821],[105.72744,31.036822],[105.727441,31.036913],[105.727336,31.036913],[105.727337,31.037094],[105.727232,31.037094],[105.727232,31.037004],[105.727127,31.037005],[105.727128,31.037095],[105.727023,31.037095],[105.727023,31.037186],[105.726919,31.037186],[105.726919,31.037276],[105.726815,31.037277],[105.726815,31.037367],[105.72692,31.037367],[105.726921,31.037457],[105.726816,31.037457],[105.726817,31.037548],[105.726921,31.037547],[105.726922,31.037637],[105.726817,31.037638],[105.726817,31.037548],[105.726607,31.037549],[105.726608,31.037729],[105.726504,31.03773],[105.726502,31.037549],[105.726398,31.03755],[105.726398,31.03764],[105.726293,31.037641],[105.726294,31.037731],[105.725875,31.037733],[105.725876,31.037824],[105.725666,31.037825],[105.725667,31.037915],[105.725562,31.037916],[105.725563,31.038006],[105.725353,31.038007],[105.725354,31.038097],[105.725459,31.038097],[105.725459,31.038187],[105.725145,31.038189],[105.725146,31.038279],[105.724936,31.03828],[105.724937,31.03837],[105.724832,31.038371],[105.724833,31.038461],[105.724728,31.038462],[105.724729,31.038552],[105.724519,31.038553],[105.72452,31.038643],[105.724415,31.038644],[105.724416,31.038824],[105.724311,31.038825],[105.724313,31.039005],[105.724208,31.039006],[105.724209,31.039186],[105.72379,31.039189],[105.723791,31.039279],[105.723686,31.03928],[105.723687,31.03937],[105.723582,31.03937],[105.723583,31.039461],[105.723373,31.039462],[105.723374,31.039552],[105.723269,31.039553],[105.72327,31.039643],[105.723165,31.039643],[105.723166,31.039734],[105.723061,31.039734],[105.723062,31.039824],[105.722852,31.039826],[105.722853,31.039916],[105.722748,31.039916],[105.722749,31.040007],[105.722644,31.040007],[105.722644,31.040097],[105.72254,31.040098],[105.722542,31.040369],[105.722647,31.040368],[105.722647,31.040458],[105.722228,31.040461],[105.722227,31.04037],[105.722123,31.040371],[105.722123,31.040461],[105.722018,31.040462],[105.722019,31.040552],[105.72181,31.040553],[105.72181,31.040643],[105.721705,31.040644],[105.721706,31.040734],[105.721601,31.040735],[105.721602,31.040825],[105.721392,31.040826],[105.721393,31.040917],[105.721288,31.040917],[105.721289,31.041007],[105.721394,31.041007],[105.721395,31.041097],[105.721499,31.041096],[105.7215,31.041187],[105.721605,31.041186],[105.721605,31.041276],[105.72171,31.041276],[105.721711,31.041366],[105.721816,31.041365],[105.721816,31.041456],[105.721921,31.041455],[105.721922,31.041545],[105.722027,31.041545],[105.722027,31.041635],[105.722237,31.041634],[105.722236,31.041543],[105.722446,31.041542],[105.722445,31.041452],[105.722655,31.041451],[105.722654,31.041361],[105.722864,31.041359],[105.722863,31.041269],[105.723177,31.041267],[105.723177,31.041177],[105.723491,31.041175],[105.72349,31.041085],[105.7237,31.041084],[105.723699,31.040994],[105.723909,31.040993],[105.723908,31.040902],[105.724222,31.040901],[105.724222,31.04081],[105.724431,31.040809],[105.724431,31.040719],[105.724535,31.040718],[105.724533,31.040448],[105.724638,31.040447],[105.724637,31.040357],[105.724742,31.040356],[105.724742,31.040266],[105.724846,31.040266],[105.724842,31.039724],[105.724947,31.039724],[105.724946,31.039633],[105.725156,31.039632],[105.725155,31.039542],[105.72526,31.039541],[105.725259,31.039451],[105.725364,31.039451],[105.725363,31.03936],[105.725468,31.03936],[105.72547,31.03954],[105.725574,31.03954],[105.725575,31.03963],[105.72568,31.039629],[105.725682,31.0399],[105.725891,31.039899],[105.725892,31.039989],[105.725997,31.039988],[105.725995,31.039718],[105.726204,31.039717],[105.726204,31.039626],[105.725994,31.039628],[105.725993,31.039447],[105.726202,31.039446],[105.726202,31.039356],[105.726306,31.039355],[105.726306,31.039265],[105.726411,31.039264],[105.72641,31.039174],[105.726515,31.039173],[105.726514,31.039083],[105.726724,31.039082],[105.726722,31.038902],[105.726932,31.0389],[105.726932,31.038991],[105.726828,31.038991],[105.726828,31.039081],[105.727038,31.03908],[105.727036,31.03881],[105.727245,31.038808],[105.727244,31.038628],[105.727349,31.038627],[105.727349,31.038718],[105.727559,31.038716],[105.727558,31.038626],[105.727663,31.038626],[105.727662,31.038535],[105.727558,31.038536],[105.727557,31.038446],[105.727662,31.038445],[105.727662,31.038535],[105.727977,31.038534],[105.727978,31.038624],[105.727663,31.038626],[105.727665,31.038806],[105.72735,31.038808],[105.727351,31.038898],[105.727246,31.038899],[105.727247,31.038989],[105.727142,31.038989],[105.727145,31.03935],[105.72704,31.039351],[105.727041,31.039531],[105.727146,31.039531],[105.727145,31.039441],[105.72725,31.03944],[105.727252,31.039711],[105.727043,31.039712],[105.727045,31.039983],[105.72694,31.039983],[105.726941,31.040073],[105.727255,31.040072],[105.727254,31.039891],[105.727358,31.039891],[105.727357,31.03971],[105.727462,31.039709],[105.727461,31.039619],[105.72809,31.039616],[105.728091,31.039706],[105.728614,31.039703],[105.728616,31.039883],[105.728721,31.039883],[105.728721,31.039973],[105.728826,31.039972],[105.728827,31.040153],[105.728932,31.040152],[105.728933,31.040243],[105.729038,31.040242],[105.729039,31.040422],[105.729249,31.040421],[105.72925,31.040602],[105.72946,31.0406],[105.72946,31.040691],[105.72967,31.04069],[105.729672,31.04096],[105.729567,31.040961],[105.729571,31.041412],[105.729675,31.041411],[105.729676,31.041502],[105.73041,31.041497],[105.73041,31.041588],[105.731668,31.04158],[105.731668,31.041671],[105.732402,31.041667],[105.732398,31.041215],[105.732503,31.041215],[105.732498,31.040583],[105.732394,31.040584],[105.732391,31.040223],[105.732286,31.040224],[105.732284,31.039953],[105.731446,31.039958],[105.731445,31.039867],[105.731235,31.039869],[105.731233,31.039598],[105.731129,31.039599],[105.731128,31.039508],[105.731023,31.039509],[105.731022,31.039328],[105.730917,31.039329],[105.730916,31.039239],[105.730811,31.039239],[105.730811,31.039149],[105.730706,31.03915],[105.730705,31.038969],[105.7306,31.03897],[105.730599,31.03888],[105.730494,31.03888],[105.730494,31.03879],[105.730284,31.038791],[105.730283,31.038701],[105.730388,31.0387],[105.730388,31.03861],[105.730283,31.038611],[105.730282,31.038521],[105.730177,31.038521],[105.730175,31.03825],[105.73007,31.038251],[105.730068,31.03798],[105.729754,31.037982],[105.729755,31.038163],[105.72986,31.038162],[105.729863,31.038523],[105.729968,31.038522],[105.72997,31.038793],[105.730075,31.038792],[105.730075,31.038883],[105.73018,31.038882],[105.730183,31.039333],[105.730079,31.039334],[105.730081,31.039604],[105.729976,31.039605],[105.729971,31.038973],[105.729552,31.038976],[105.729549,31.038615],[105.729444,31.038616],[105.729444,31.038525],[105.729549,31.038525],[105.729546,31.038164],[105.729441,31.038164],[105.72944,31.037984],[105.729335,31.037985],[105.729334,31.037894],[105.729439,31.037894],[105.729438,31.037804],[105.729543,31.037803],[105.729542,31.037622],[105.729646,31.037622],[105.729646,31.037532],[105.729541,31.037532],[105.72954,31.037442],[105.729331,31.037443],[105.72933,31.037353],[105.729225,31.037354],[105.729225,31.037263],[105.729015,31.037265],[105.729014,31.037174],[105.72891,31.037175],[105.728909,31.037085],[105.728804,31.037085],[105.728803,31.036995],[105.728594,31.036996],[105.728593,31.036906],[105.728488,31.036907],[105.728488,31.036816],[105.728278,31.036818],[105.728277,31.036727],[105.728173,31.036728],[105.728173,31.036818],[105.728069,31.036819],[105.728068,31.036729],[105.727963,31.036729],[105.727962,31.036639]]],[[[105.730511,31.041046],[105.730406,31.041046],[105.730405,31.040956],[105.73051,31.040955],[105.730507,31.040595],[105.730612,31.040594],[105.730611,31.040414],[105.730716,31.040413],[105.730715,31.040323],[105.73082,31.040322],[105.730818,31.040051],[105.731132,31.04005],[105.731134,31.04032],[105.731448,31.040319],[105.731449,31.040409],[105.731344,31.040409],[105.731345,31.0405],[105.73124,31.0405],[105.731243,31.040861],[105.731138,31.040862],[105.731142,31.041313],[105.730932,31.041314],[105.730933,31.041404],[105.730828,31.041405],[105.730827,31.041315],[105.730723,31.041315],[105.730723,31.041405],[105.730514,31.041407],[105.730513,31.041316],[105.730408,31.041317],[105.730407,31.041227],[105.730512,31.041226],[105.730511,31.041046]]],[[[105.731763,31.040407],[105.731659,31.040408],[105.731658,31.040317],[105.731763,31.040317],[105.731763,31.040407],[105.731868,31.040406],[105.731869,31.040497],[105.731764,31.040497],[105.731763,31.040407]]],[[[105.732078,31.040405],[105.731973,31.040406],[105.731972,31.040225],[105.732076,31.040225],[105.732078,31.040405]]],[[[105.729984,31.040598],[105.729879,31.040598],[105.729877,31.040327],[105.729981,31.040327],[105.729984,31.040598]]],[[[105.729459,31.04051],[105.729354,31.040511],[105.729353,31.04033],[105.729458,31.04033],[105.729459,31.04051]]],[[[105.729668,31.040509],[105.729564,31.04051],[105.729562,31.040329],[105.729667,31.040329],[105.729668,31.040509]]],[[[105.72432,31.039908],[105.724215,31.039908],[105.724214,31.039818],[105.724319,31.039817],[105.72432,31.039908]]],[[[105.730397,31.039873],[105.730188,31.039875],[105.730186,31.039694],[105.730396,31.039693],[105.730397,31.039873]]],[[[105.730607,31.039872],[105.730502,31.039873],[105.730501,31.039783],[105.730606,31.039782],[105.730607,31.039872]]],[[[105.731025,31.03978],[105.73092,31.03978],[105.73092,31.03969],[105.731024,31.039689],[105.731025,31.03978],[105.73113,31.039779],[105.731131,31.039959],[105.731027,31.03996],[105.731025,31.03978]]],[[[105.724423,31.039727],[105.724318,31.039727],[105.724318,31.039637],[105.724422,31.039636],[105.724423,31.039727]]],[[[105.72589,31.039718],[105.725785,31.039719],[105.725785,31.039629],[105.725889,31.039628],[105.72589,31.039718]]],[[[105.730395,31.039603],[105.730186,31.039604],[105.730185,31.039514],[105.730394,31.039512],[105.730395,31.039603]]],[[[105.725889,31.039538],[105.725784,31.039538],[105.725783,31.039448],[105.725888,31.039448],[105.725889,31.039538]]],[[[105.728823,31.039521],[105.728718,31.039522],[105.728716,31.039341],[105.728821,31.039341],[105.728822,31.039431],[105.728927,31.039431],[105.728927,31.039521],[105.729032,31.03952],[105.729034,31.039791],[105.728825,31.039792],[105.728823,31.039521]]],[[[105.730082,31.039785],[105.729977,31.039785],[105.729977,31.039695],[105.730081,31.039695],[105.730082,31.039785]]],[[[105.727354,31.039349],[105.72725,31.03935],[105.727247,31.039079],[105.727352,31.039078],[105.727354,31.039349],[105.727459,31.039349],[105.72746,31.039439],[105.727669,31.039438],[105.72767,31.039528],[105.727356,31.03953],[105.727354,31.039349]]],[[[105.730707,31.03933],[105.730603,31.039331],[105.730602,31.039241],[105.730707,31.03924],[105.730707,31.03933]]],[[[105.730496,31.039061],[105.730391,31.039061],[105.73039,31.038971],[105.730495,31.038971],[105.730496,31.039061],[105.730601,31.03906],[105.730601,31.03915],[105.730496,31.039151],[105.730496,31.039061]]],[[[105.727666,31.038986],[105.727771,31.038986],[105.72777,31.038896],[105.72798,31.038894],[105.72798,31.038985],[105.727771,31.038986],[105.727771,31.039076],[105.727562,31.039077],[105.727561,31.038987],[105.727456,31.038988],[105.727456,31.038897],[105.727665,31.038896],[105.727666,31.038986]]],[[[105.728189,31.038893],[105.728084,31.038894],[105.728084,31.038804],[105.728188,31.038803],[105.728189,31.038893]]],[[[105.728608,31.038801],[105.728503,31.038801],[105.728502,31.038711],[105.728607,31.03871],[105.728608,31.038801],[105.728712,31.0388],[105.728713,31.03889],[105.728608,31.038891],[105.728608,31.038801]]],[[[105.727979,31.038804],[105.727769,31.038805],[105.727769,31.038715],[105.727978,31.038714],[105.727979,31.038804]]],[[[105.727453,31.038537],[105.727034,31.038539],[105.727034,31.038629],[105.72693,31.03863],[105.726929,31.03854],[105.727034,31.038539],[105.727033,31.038449],[105.727452,31.038446],[105.727453,31.038537]]],[[[105.729229,31.037805],[105.729019,31.037806],[105.72902,31.037896],[105.72881,31.037897],[105.728811,31.037988],[105.728706,31.037988],[105.728707,31.038078],[105.728602,31.038079],[105.728603,31.038169],[105.728393,31.03817],[105.728395,31.038441],[105.728081,31.038443],[105.72808,31.038353],[105.728185,31.038352],[105.728184,31.038172],[105.728393,31.03817],[105.728393,31.03808],[105.728602,31.038079],[105.728601,31.037989],[105.728706,31.037988],[105.728705,31.037898],[105.72881,31.037897],[105.72881,31.037807],[105.729019,31.037806],[105.729018,31.037716],[105.729228,31.037714],[105.729229,31.037805]]],[[[105.725774,31.038185],[105.725669,31.038186],[105.725668,31.038095],[105.725773,31.038095],[105.725774,31.038185]]],[[[105.727136,31.038177],[105.726926,31.038179],[105.726925,31.037998],[105.727134,31.037997],[105.727136,31.038177]]],[[[105.725983,31.038094],[105.725878,31.038094],[105.725876,31.037914],[105.725981,31.037913],[105.725983,31.038094]]],[[[105.727132,31.037636],[105.727027,31.037637],[105.727026,31.037546],[105.727131,31.037546],[105.727132,31.037636]]]]}},{"type":"Feature","id":"citrus-parcels-528","properties":{"sourceId":"citrus-parcels","CLASS_ID":"1","CLASS_NAME":"掩膜提取2_tif [Classvalue=1]","AREA":1,"name":"掩膜提取2_tif [Classvalue=1]","orchardType":"掩膜提取2_tif [Classvalue=1]","areaMu":0},"geometry":{"type":"Polygon","coordinates":[[[105.728172,31.036638],[105.728067,31.036638],[105.728068,31.036729],[105.728173,31.036728],[105.728172,31.036638]]]}},{"type":"Feature","id":"citrus-parcels-529","properties":{"sourceId":"citrus-parcels","CLASS_ID":"1","CLASS_NAME":"掩膜提取2_tif [Classvalue=1]","AREA":3,"name":"掩膜提取2_tif [Classvalue=1]","orchardType":"掩膜提取2_tif [Classvalue=1]","areaMu":0},"geometry":{"type":"Polygon","coordinates":[[[106.155866,30.938781],[106.155552,30.938783],[106.155554,30.938874],[106.155867,30.938871],[106.155866,30.938781]]]}},{"type":"Feature","id":"citrus-parcels-530","properties":{"sourceId":"citrus-parcels","CLASS_ID":"1","CLASS_NAME":"掩膜提取2_tif [Classvalue=1]","AREA":2,"name":"掩膜提取2_tif [Classvalue=1]","orchardType":"掩膜提取2_tif [Classvalue=1]","areaMu":0},"geometry":{"type":"Polygon","coordinates":[[[106.155654,30.938512],[106.155444,30.938514],[106.155446,30.938604],[106.155655,30.938602],[106.155654,30.938512]]]}},{"type":"Feature","id":"citrus-parcels-531","properties":{"sourceId":"citrus-parcels","CLASS_ID":"1","CLASS_NAME":"掩膜提取2_tif [Classvalue=1]","AREA":1,"name":"掩膜提取2_tif [Classvalue=1]","orchardType":"掩膜提取2_tif [Classvalue=1]","areaMu":0},"geometry":{"type":"Polygon","coordinates":[[[106.15669,30.9376],[106.156585,30.937601],[106.156586,30.937692],[106.156691,30.937691],[106.15669,30.9376]]]}},{"type":"Feature","id":"citrus-parcels-532","properties":{"sourceId":"citrus-parcels","CLASS_ID":"1","CLASS_NAME":"掩膜提取2_tif [Classvalue=1]","AREA":1,"name":"掩膜提取2_tif [Classvalue=1]","orchardType":"掩膜提取2_tif [Classvalue=1]","areaMu":0},"geometry":{"type":"Polygon","coordinates":[[[106.159306,30.937577],[106.159201,30.937578],[106.159202,30.937668],[106.159307,30.937667],[106.159306,30.937577]]]}},{"type":"Feature","id":"citrus-parcels-533","properties":{"sourceId":"citrus-parcels","CLASS_ID":"1","CLASS_NAME":"掩膜提取2_tif [Classvalue=1]","AREA":389,"name":"掩膜提取2_tif [Classvalue=1]","orchardType":"掩膜提取2_tif [Classvalue=1]","areaMu":0.58},"geometry":{"type":"MultiPolygon","coordinates":[[[[106.157314,30.937324],[106.15721,30.937325],[106.157211,30.937415],[106.157001,30.937417],[106.157004,30.937598],[106.157108,30.937597],[106.15711,30.937777],[106.157215,30.937776],[106.157216,30.937866],[106.157321,30.937865],[106.157322,30.937956],[106.157531,30.937954],[106.157532,30.938044],[106.157323,30.938046],[106.157322,30.937956],[106.157113,30.937958],[106.157111,30.937867],[106.157007,30.937868],[106.157004,30.937598],[106.156899,30.937599],[106.156903,30.937959],[106.156799,30.93796],[106.156804,30.938411],[106.156699,30.938412],[106.156704,30.938773],[106.156599,30.938774],[106.156602,30.939045],[106.157544,30.939036],[106.157545,30.939127],[106.15765,30.939126],[106.157649,30.939035],[106.157754,30.939034],[106.157755,30.939125],[106.15765,30.939126],[106.157651,30.939216],[106.157756,30.939215],[106.157758,30.939395],[106.157863,30.939394],[106.157865,30.939575],[106.157969,30.939574],[106.157972,30.939754],[106.158181,30.939752],[106.15818,30.939662],[106.158389,30.93966],[106.158388,30.93957],[106.158597,30.939568],[106.158596,30.939478],[106.158806,30.939476],[106.158805,30.939386],[106.158909,30.939385],[106.158908,30.939295],[106.159013,30.939294],[106.159011,30.939113],[106.159115,30.939112],[106.159114,30.939022],[106.159009,30.939023],[106.159008,30.938933],[106.158904,30.938934],[106.158903,30.938844],[106.159007,30.938843],[106.159006,30.938753],[106.158797,30.938754],[106.158796,30.938664],[106.1589,30.938663],[106.158896,30.938302],[106.158791,30.938303],[106.158793,30.938394],[106.158688,30.938395],[106.158687,30.938304],[106.158582,30.938305],[106.158581,30.938215],[106.158686,30.938214],[106.158685,30.938124],[106.158789,30.938123],[106.15879,30.938213],[106.158895,30.938212],[106.158892,30.937942],[106.159101,30.93794],[106.159098,30.937669],[106.158993,30.93767],[106.158991,30.93749],[106.159096,30.937489],[106.159095,30.937398],[106.15899,30.937399],[106.158989,30.937309],[106.158884,30.93731],[106.158885,30.9374],[106.158781,30.937401],[106.158779,30.937311],[106.158675,30.937312],[106.158676,30.937402],[106.158467,30.937404],[106.158468,30.937494],[106.158363,30.937495],[106.158365,30.937676],[106.158261,30.937677],[106.158258,30.937496],[106.158363,30.937495],[106.158362,30.937405],[106.158048,30.937408],[106.158049,30.937498],[106.158154,30.937497],[106.158155,30.937587],[106.157945,30.937589],[106.157944,30.937499],[106.15784,30.9375],[106.157839,30.93741],[106.157734,30.937411],[106.157735,30.937501],[106.15763,30.937502],[106.157633,30.937682],[106.157947,30.937679],[106.157948,30.93777],[106.158052,30.937769],[106.158053,30.937859],[106.158158,30.937858],[106.158157,30.937768],[106.158262,30.937767],[106.158263,30.937857],[106.158158,30.937858],[106.15816,30.938038],[106.158265,30.938037],[106.158266,30.938128],[106.158161,30.938129],[106.15816,30.938038],[106.158056,30.938039],[106.158053,30.937859],[106.157844,30.937861],[106.157848,30.938222],[106.157953,30.938221],[106.157954,30.938311],[106.158059,30.93831],[106.15806,30.9384],[106.157851,30.938402],[106.157848,30.938222],[106.157744,30.938223],[106.157738,30.937771],[106.157634,30.937772],[106.157633,30.937682],[106.157528,30.937683],[106.15753,30.937864],[106.157425,30.937864],[106.157424,30.937774],[106.15732,30.937775],[106.157319,30.937685],[106.157423,30.937684],[106.157421,30.937504],[106.157316,30.937505],[106.157314,30.937324]]],[[[106.157438,30.938947],[106.157229,30.938949],[106.157228,30.938859],[106.157437,30.938857],[106.157438,30.938947]]],[[[106.158378,30.938758],[106.158169,30.93876],[106.158168,30.93867],[106.158377,30.938668],[106.158378,30.938758]]],[[[106.157642,30.938494],[106.157538,30.938495],[106.157537,30.938405],[106.157641,30.938404],[106.157642,30.938494]]],[[[106.158268,30.938308],[106.158164,30.938309],[106.158162,30.938219],[106.158267,30.938218],[106.158268,30.938308]]],[[[106.158788,30.938033],[106.158579,30.938035],[106.158578,30.937944],[106.158787,30.937943],[106.158788,30.938033]]],[[[106.158891,30.937851],[106.158786,30.937852],[106.158785,30.937762],[106.15889,30.937761],[106.158891,30.937851]]],[[[106.158889,30.937671],[106.158784,30.937672],[106.158783,30.937582],[106.158887,30.937581],[106.158889,30.937671]]],[[[106.158678,30.937583],[106.158573,30.937584],[106.158572,30.937493],[106.158677,30.937492],[106.158678,30.937583]]]]}},{"type":"Feature","id":"citrus-parcels-534","properties":{"sourceId":"citrus-parcels","CLASS_ID":"1","CLASS_NAME":"掩膜提取2_tif [Classvalue=1]","AREA":3,"name":"掩膜提取2_tif [Classvalue=1]","orchardType":"掩膜提取2_tif [Classvalue=1]","areaMu":0},"geometry":{"type":"Polygon","coordinates":[[[106.157524,30.937322],[106.157419,30.937323],[106.157421,30.937504],[106.15763,30.937502],[106.157629,30.937412],[106.157525,30.937412],[106.157524,30.937322]]]}},{"type":"Feature","id":"citrus-parcels-535","properties":{"sourceId":"citrus-parcels","CLASS_ID":"1","CLASS_NAME":"掩膜提取2_tif [Classvalue=1]","AREA":1,"name":"掩膜提取2_tif [Classvalue=1]","orchardType":"掩膜提取2_tif [Classvalue=1]","areaMu":0},"geometry":{"type":"Polygon","coordinates":[[[106.158466,30.937314],[106.158361,30.937315],[106.158362,30.937405],[106.158467,30.937404],[106.158466,30.937314]]]}},{"type":"Feature","id":"citrus-parcels-536","properties":{"sourceId":"citrus-parcels","CLASS_ID":"1","CLASS_NAME":"掩膜提取2_tif [Classvalue=1]","AREA":293,"name":"掩膜提取2_tif [Classvalue=1]","orchardType":"掩膜提取2_tif [Classvalue=1]","areaMu":0.44},"geometry":{"type":"MultiPolygon","coordinates":[[[[106.156476,30.937241],[106.156057,30.937245],[106.156061,30.937516],[106.155956,30.937517],[106.155958,30.937697],[106.155749,30.937699],[106.15575,30.937789],[106.155645,30.93779],[106.155646,30.93788],[106.154809,30.937888],[106.15481,30.937978],[106.155019,30.937976],[106.15502,30.938066],[106.154706,30.938069],[106.154708,30.938159],[106.154812,30.938159],[106.154813,30.938249],[106.154709,30.93825],[106.154711,30.93843],[106.154815,30.938429],[106.154814,30.938339],[106.154919,30.938338],[106.15492,30.938428],[106.155129,30.938426],[106.155131,30.938517],[106.154921,30.938518],[106.154922,30.938609],[106.154818,30.93861],[106.154817,30.938519],[106.154712,30.93852],[106.154711,30.93843],[106.154606,30.938431],[106.154609,30.938702],[106.154923,30.938699],[106.154924,30.938789],[106.155552,30.938783],[106.155551,30.938693],[106.155447,30.938694],[106.155446,30.938604],[106.155341,30.938605],[106.15534,30.938515],[106.155444,30.938514],[106.155443,30.938424],[106.155339,30.938425],[106.155335,30.938154],[106.15544,30.938153],[106.155441,30.938243],[106.155651,30.938241],[106.155648,30.938061],[106.155858,30.938059],[106.155861,30.93833],[106.155966,30.938329],[106.15597,30.93869],[106.156075,30.938689],[106.156072,30.938508],[106.156282,30.938506],[106.156284,30.938687],[106.156179,30.938688],[106.15618,30.938778],[106.156285,30.938777],[106.156286,30.938867],[106.156181,30.938868],[106.156183,30.938958],[106.15545,30.938965],[106.155449,30.938875],[106.154716,30.938881],[106.154717,30.938971],[106.154508,30.938973],[106.154509,30.939063],[106.154614,30.939063],[106.154616,30.939243],[106.154721,30.939242],[106.154722,30.939332],[106.154826,30.939331],[106.154828,30.939512],[106.154933,30.939511],[106.154934,30.939601],[106.155353,30.939597],[106.155354,30.939688],[106.155249,30.939688],[106.155251,30.939869],[106.155461,30.939867],[106.155462,30.939957],[106.155567,30.939956],[106.155569,30.940137],[106.155778,30.940135],[106.15578,30.940315],[106.155885,30.940314],[106.155883,30.940134],[106.155987,30.940133],[106.155984,30.939862],[106.155879,30.939863],[106.155877,30.939683],[106.155773,30.939684],[106.155767,30.939233],[106.155872,30.939232],[106.155871,30.939142],[106.155975,30.939141],[106.155974,30.93905],[106.156079,30.939049],[106.15608,30.93914],[106.156185,30.939139],[106.156184,30.939049],[106.156288,30.939048],[106.156287,30.938957],[106.156497,30.938955],[106.156495,30.938865],[106.156391,30.938866],[106.15639,30.938776],[106.156494,30.938775],[106.156493,30.938685],[106.156598,30.938684],[106.156596,30.938503],[106.156491,30.938504],[106.15649,30.938414],[106.156595,30.938413],[106.156594,30.938323],[106.156698,30.938322],[106.156694,30.937961],[106.156799,30.93796],[106.156795,30.93769],[106.156691,30.937691],[106.156692,30.937781],[106.156587,30.937782],[106.156588,30.937872],[106.156484,30.937873],[106.15648,30.937602],[106.156585,30.937601],[106.156584,30.937511],[106.156793,30.937509],[106.156794,30.937599],[106.156899,30.937599],[106.156896,30.937328],[106.156477,30.937332],[106.156476,30.937241]]],[[[106.155453,30.939236],[106.155244,30.939237],[106.155242,30.939057],[106.155451,30.939055],[106.155453,30.939236]]],[[[106.154929,30.93915],[106.154824,30.939151],[106.154823,30.939061],[106.154928,30.93906],[106.154929,30.93915]]],[[[106.156489,30.938324],[106.15628,30.938326],[106.156279,30.938236],[106.156488,30.938234],[106.156489,30.938324]]],[[[106.155023,30.938247],[106.154918,30.938248],[106.154917,30.938158],[106.155022,30.938157],[106.155023,30.938247]]],[[[106.155334,30.938064],[106.15523,30.938065],[106.155229,30.937974],[106.155333,30.937973],[106.155334,30.938064]]],[[[106.156479,30.937512],[106.156374,30.937513],[106.156373,30.937423],[106.156478,30.937422],[106.156479,30.937512]]]]}},{"type":"Feature","id":"citrus-parcels-537","properties":{"sourceId":"citrus-parcels","CLASS_ID":"1","CLASS_NAME":"掩膜提取2_tif [Classvalue=1]","AREA":7,"name":"掩膜提取2_tif [Classvalue=1]","orchardType":"掩膜提取2_tif [Classvalue=1]","areaMu":0.01},"geometry":{"type":"Polygon","coordinates":[[[106.158147,30.936956],[106.158043,30.936957],[106.158045,30.937137],[106.158673,30.937132],[106.158672,30.937041],[106.158148,30.937046],[106.158147,30.936956]]]}},{"type":"Feature","id":"citrus-parcels-538","properties":{"sourceId":"citrus-parcels","CLASS_ID":"1","CLASS_NAME":"掩膜提取2_tif [Classvalue=1]","AREA":4,"name":"掩膜提取2_tif [Classvalue=1]","orchardType":"掩膜提取2_tif [Classvalue=1]","areaMu":0.01},"geometry":{"type":"Polygon","coordinates":[[[106.158668,30.936771],[106.158564,30.936772],[106.158566,30.936952],[106.15867,30.936951],[106.158672,30.937041],[106.158776,30.93704],[106.158774,30.93686],[106.158669,30.936861],[106.158668,30.936771]]]}},{"type":"Feature","id":"citrus-parcels-539","properties":{"sourceId":"citrus-parcels","CLASS_ID":"1","CLASS_NAME":"掩膜提取2_tif [Classvalue=1]","AREA":2,"name":"掩膜提取2_tif [Classvalue=1]","orchardType":"掩膜提取2_tif [Classvalue=1]","areaMu":0},"geometry":{"type":"Polygon","coordinates":[[[106.158039,30.936686],[106.157935,30.936687],[106.157937,30.936867],[106.158041,30.936867],[106.158039,30.936686]]]}},{"type":"Feature","id":"citrus-parcels-540","properties":{"sourceId":"citrus-parcels","CLASS_ID":"1","CLASS_NAME":"掩膜提取2_tif [Classvalue=1]","AREA":1,"name":"掩膜提取2_tif [Classvalue=1]","orchardType":"掩膜提取2_tif [Classvalue=1]","areaMu":0},"geometry":{"type":"Polygon","coordinates":[[[106.158037,30.936506],[106.157932,30.936507],[106.157934,30.936597],[106.158038,30.936596],[106.158037,30.936506]]]}},{"type":"Feature","id":"citrus-parcels-541","properties":{"sourceId":"citrus-parcels","CLASS_ID":"1","CLASS_NAME":"掩膜提取2_tif [Classvalue=1]","AREA":1,"name":"掩膜提取2_tif [Classvalue=1]","orchardType":"掩膜提取2_tif [Classvalue=1]","areaMu":0},"geometry":{"type":"Polygon","coordinates":[[[106.153954,30.936452],[106.15385,30.936453],[106.153851,30.936543],[106.153955,30.936542],[106.153954,30.936452]]]}},{"type":"Feature","id":"citrus-parcels-542","properties":{"sourceId":"citrus-parcels","CLASS_ID":"1","CLASS_NAME":"掩膜提取2_tif [Classvalue=1]","AREA":9,"name":"掩膜提取2_tif [Classvalue=1]","orchardType":"掩膜提取2_tif [Classvalue=1]","areaMu":0.01},"geometry":{"type":"Polygon","coordinates":[[[106.158245,30.936414],[106.158141,30.936414],[106.158144,30.936685],[106.158249,30.936684],[106.15825,30.936774],[106.158564,30.936772],[106.158563,30.936681],[106.158458,30.936682],[106.158457,30.936592],[106.158352,30.936593],[106.158351,30.936503],[106.158246,30.936504],[106.158245,30.936414]]]}},{"type":"Feature","id":"citrus-parcels-543","properties":{"sourceId":"citrus-parcels","CLASS_ID":"1","CLASS_NAME":"掩膜提取2_tif [Classvalue=1]","AREA":1,"name":"掩膜提取2_tif [Classvalue=1]","orchardType":"掩膜提取2_tif [Classvalue=1]","areaMu":0},"geometry":{"type":"Polygon","coordinates":[[[106.157511,30.93624],[106.157406,30.936241],[106.157407,30.936331],[106.157512,30.93633],[106.157511,30.93624]]]}},{"type":"Feature","id":"citrus-parcels-544","properties":{"sourceId":"citrus-parcels","CLASS_ID":"1","CLASS_NAME":"掩膜提取2_tif [Classvalue=1]","AREA":3,"name":"掩膜提取2_tif [Classvalue=1]","orchardType":"掩膜提取2_tif [Classvalue=1]","areaMu":0},"geometry":{"type":"Polygon","coordinates":[[[106.158138,30.936234],[106.158034,30.936235],[106.158035,30.936325],[106.15793,30.936326],[106.157931,30.936416],[106.158141,30.936414],[106.158138,30.936234]]]}},{"type":"Feature","id":"citrus-parcels-545","properties":{"sourceId":"citrus-parcels","CLASS_ID":"1","CLASS_NAME":"掩膜提取2_tif [Classvalue=1]","AREA":1,"name":"掩膜提取2_tif [Classvalue=1]","orchardType":"掩膜提取2_tif [Classvalue=1]","areaMu":0},"geometry":{"type":"Polygon","coordinates":[[[106.156672,30.936157],[106.156568,30.936158],[106.156569,30.936248],[106.156673,30.936247],[106.156672,30.936157]]]}},{"type":"Feature","id":"citrus-parcels-546","properties":{"sourceId":"citrus-parcels","CLASS_ID":"1","CLASS_NAME":"掩膜提取2_tif [Classvalue=1]","AREA":1,"name":"掩膜提取2_tif [Classvalue=1]","orchardType":"掩膜提取2_tif [Classvalue=1]","areaMu":0},"geometry":{"type":"Polygon","coordinates":[[[106.157928,30.936146],[106.157823,30.936147],[106.157825,30.936237],[106.157929,30.936236],[106.157928,30.936146]]]}},{"type":"Feature","id":"citrus-parcels-547","properties":{"sourceId":"citrus-parcels","CLASS_ID":"1","CLASS_NAME":"掩膜提取2_tif [Classvalue=1]","AREA":2,"name":"掩膜提取2_tif [Classvalue=1]","orchardType":"掩膜提取2_tif [Classvalue=1]","areaMu":0},"geometry":{"type":"Polygon","coordinates":[[[106.158347,30.936142],[106.158137,30.936144],[106.158138,30.936234],[106.158348,30.936232],[106.158347,30.936142]]]}},{"type":"Feature","id":"citrus-parcels-548","properties":{"sourceId":"citrus-parcels","CLASS_ID":"1","CLASS_NAME":"掩膜提取2_tif [Classvalue=1]","AREA":1,"name":"掩膜提取2_tif [Classvalue=1]","orchardType":"掩膜提取2_tif [Classvalue=1]","areaMu":0},"geometry":{"type":"Polygon","coordinates":[[[106.156565,30.935977],[106.156461,30.935978],[106.156462,30.936069],[106.156566,30.936068],[106.156565,30.935977]]]}},{"type":"Feature","id":"citrus-parcels-549","properties":{"sourceId":"citrus-parcels","CLASS_ID":"1","CLASS_NAME":"掩膜提取2_tif [Classvalue=1]","AREA":1,"name":"掩膜提取2_tif [Classvalue=1]","orchardType":"掩膜提取2_tif [Classvalue=1]","areaMu":0},"geometry":{"type":"Polygon","coordinates":[[[106.158135,30.935963],[106.158031,30.935964],[106.158032,30.936055],[106.158136,30.936054],[106.158135,30.935963]]]}},{"type":"Feature","id":"citrus-parcels-550","properties":{"sourceId":"citrus-parcels","CLASS_ID":"1","CLASS_NAME":"掩膜提取2_tif [Classvalue=1]","AREA":1,"name":"掩膜提取2_tif [Classvalue=1]","orchardType":"掩膜提取2_tif [Classvalue=1]","areaMu":0},"geometry":{"type":"Polygon","coordinates":[[[106.158345,30.935962],[106.15824,30.935962],[106.158241,30.936053],[106.158346,30.936052],[106.158345,30.935962]]]}},{"type":"Feature","id":"citrus-parcels-551","properties":{"sourceId":"citrus-parcels","CLASS_ID":"1","CLASS_NAME":"掩膜提取2_tif [Classvalue=1]","AREA":5,"name":"掩膜提取2_tif [Classvalue=1]","orchardType":"掩膜提取2_tif [Classvalue=1]","areaMu":0.01},"geometry":{"type":"Polygon","coordinates":[[[106.155518,30.935897],[106.155204,30.935899],[106.155206,30.93608],[106.155415,30.936078],[106.155414,30.935988],[106.155519,30.935987],[106.155518,30.935897]]]}},{"type":"Feature","id":"citrus-parcels-552","properties":{"sourceId":"citrus-parcels","CLASS_ID":"1","CLASS_NAME":"掩膜提取2_tif [Classvalue=1]","AREA":2,"name":"掩膜提取2_tif [Classvalue=1]","orchardType":"掩膜提取2_tif [Classvalue=1]","areaMu":0},"geometry":{"type":"Polygon","coordinates":[[[106.156774,30.935885],[106.156564,30.935887],[106.156565,30.935977],[106.156775,30.935976],[106.156774,30.935885]]]}},{"type":"Feature","id":"citrus-parcels-553","properties":{"sourceId":"citrus-parcels","CLASS_ID":"1","CLASS_NAME":"掩膜提取2_tif [Classvalue=1]","AREA":3,"name":"掩膜提取2_tif [Classvalue=1]","orchardType":"掩膜提取2_tif [Classvalue=1]","areaMu":0},"geometry":{"type":"Polygon","coordinates":[[[106.155203,30.935809],[106.154993,30.935811],[106.154995,30.935992],[106.1551,30.935991],[106.155099,30.9359],[106.155204,30.935899],[106.155203,30.935809]]]}},{"type":"Feature","id":"citrus-parcels-554","properties":{"sourceId":"citrus-parcels","CLASS_ID":"1","CLASS_NAME":"掩膜提取2_tif [Classvalue=1]","AREA":1,"name":"掩膜提取2_tif [Classvalue=1]","orchardType":"掩膜提取2_tif [Classvalue=1]","areaMu":0},"geometry":{"type":"Polygon","coordinates":[[[106.156769,30.935525],[106.156665,30.935525],[106.156666,30.935616],[106.15677,30.935615],[106.156769,30.935525]]]}},{"type":"Feature","id":"citrus-parcels-555","properties":{"sourceId":"citrus-parcels","CLASS_ID":"1","CLASS_NAME":"掩膜提取2_tif [Classvalue=1]","AREA":1,"name":"掩膜提取2_tif [Classvalue=1]","orchardType":"掩膜提取2_tif [Classvalue=1]","areaMu":0},"geometry":{"type":"Polygon","coordinates":[[[106.15614,30.93544],[106.156036,30.935441],[106.156037,30.935531],[106.156141,30.93553],[106.15614,30.93544]]]}},{"type":"Feature","id":"citrus-parcels-556","properties":{"sourceId":"citrus-parcels","CLASS_ID":"1","CLASS_NAME":"掩膜提取2_tif [Classvalue=1]","AREA":1,"name":"掩膜提取2_tif [Classvalue=1]","orchardType":"掩膜提取2_tif [Classvalue=1]","areaMu":0},"geometry":{"type":"Polygon","coordinates":[[[106.156033,30.93526],[106.155929,30.935261],[106.15593,30.935352],[106.156034,30.935351],[106.156033,30.93526]]]}},{"type":"Feature","id":"citrus-parcels-557","properties":{"sourceId":"citrus-parcels","CLASS_ID":"1","CLASS_NAME":"掩膜提取2_tif [Classvalue=1]","AREA":2,"name":"掩膜提取2_tif [Classvalue=1]","orchardType":"掩膜提取2_tif [Classvalue=1]","areaMu":0},"geometry":{"type":"Polygon","coordinates":[[[106.156661,30.935255],[106.156452,30.935257],[106.156453,30.935347],[106.156662,30.935345],[106.156661,30.935255]]]}},{"type":"Feature","id":"citrus-parcels-558","properties":{"sourceId":"citrus-parcels","CLASS_ID":"1","CLASS_NAME":"掩膜提取2_tif [Classvalue=1]","AREA":4,"name":"掩膜提取2_tif [Classvalue=1]","orchardType":"掩膜提取2_tif [Classvalue=1]","areaMu":0.01},"geometry":{"type":"Polygon","coordinates":[[[106.156346,30.935167],[106.156137,30.935169],[106.156138,30.93526],[106.156243,30.935259],[106.156245,30.935439],[106.15635,30.935438],[106.156346,30.935167]]]}},{"type":"Feature","id":"citrus-parcels-559","properties":{"sourceId":"citrus-parcels","CLASS_ID":"1","CLASS_NAME":"掩膜提取2_tif [Classvalue=1]","AREA":1,"name":"掩膜提取2_tif [Classvalue=1]","orchardType":"掩膜提取2_tif [Classvalue=1]","areaMu":0},"geometry":{"type":"Polygon","coordinates":[[[106.156554,30.935075],[106.15645,30.935076],[106.156451,30.935166],[106.156556,30.935166],[106.156554,30.935075]]]}},{"type":"Feature","id":"citrus-parcels-560","properties":{"sourceId":"citrus-parcels","CLASS_ID":"1","CLASS_NAME":"掩膜提取2_tif [Classvalue=1]","AREA":3,"name":"掩膜提取2_tif [Classvalue=1]","orchardType":"掩膜提取2_tif [Classvalue=1]","areaMu":0},"geometry":{"type":"Polygon","coordinates":[[[106.156239,30.934988],[106.15603,30.93499],[106.156032,30.93517],[106.156137,30.935169],[106.156136,30.935079],[106.156241,30.935078],[106.156239,30.934988]]]}},{"type":"Feature","id":"citrus-parcels-561","properties":{"sourceId":"citrus-parcels","CLASS_ID":"1","CLASS_NAME":"掩膜提取2_tif [Classvalue=1]","AREA":1,"name":"掩膜提取2_tif [Classvalue=1]","orchardType":"掩膜提取2_tif [Classvalue=1]","areaMu":0},"geometry":{"type":"Polygon","coordinates":[[[106.156342,30.934807],[106.156237,30.934807],[106.156238,30.934898],[106.156343,30.934897],[106.156342,30.934807]]]}},{"type":"Feature","id":"citrus-parcels-562","properties":{"sourceId":"citrus-parcels","CLASS_ID":"1","CLASS_NAME":"掩膜提取2_tif [Classvalue=1]","AREA":1,"name":"掩膜提取2_tif [Classvalue=1]","orchardType":"掩膜提取2_tif [Classvalue=1]","areaMu":0},"geometry":{"type":"Polygon","coordinates":[[[106.156235,30.934627],[106.15613,30.934628],[106.156132,30.934718],[106.156236,30.934717],[106.156235,30.934627]]]}},{"type":"Feature","id":"citrus-parcels-563","properties":{"sourceId":"citrus-parcels","CLASS_ID":"1","CLASS_NAME":"掩膜提取2_tif [Classvalue=1]","AREA":3,"name":"掩膜提取2_tif [Classvalue=1]","orchardType":"掩膜提取2_tif [Classvalue=1]","areaMu":0},"geometry":{"type":"Polygon","coordinates":[[[106.153615,30.93438],[106.153406,30.934382],[106.153408,30.934562],[106.153513,30.934561],[106.153512,30.934471],[106.153617,30.93447],[106.153615,30.93438]]]}},{"type":"Feature","id":"citrus-parcels-564","properties":{"sourceId":"citrus-parcels","CLASS_ID":"1","CLASS_NAME":"掩膜提取2_tif [Classvalue=1]","AREA":12,"name":"掩膜提取2_tif [Classvalue=1]","orchardType":"掩膜提取2_tif [Classvalue=1]","areaMu":0.02},"geometry":{"type":"Polygon","coordinates":[[[106.159473,30.934057],[106.159264,30.934059],[106.159265,30.934149],[106.15916,30.93415],[106.159161,30.93424],[106.159266,30.934239],[106.159269,30.93451],[106.159164,30.934511],[106.159165,30.934601],[106.159375,30.934599],[106.159374,30.934509],[106.159478,30.934508],[106.159476,30.934327],[106.159372,30.934328],[106.15937,30.934238],[106.159475,30.934237],[106.159473,30.934057]]]}},{"type":"Feature","id":"citrus-parcels-565","properties":{"sourceId":"citrus-parcels","CLASS_ID":"1","CLASS_NAME":"掩膜提取2_tif [Classvalue=1]","AREA":1,"name":"掩膜提取2_tif [Classvalue=1]","orchardType":"掩膜提取2_tif [Classvalue=1]","areaMu":0},"geometry":{"type":"Polygon","coordinates":[[[106.154334,30.9332],[106.154229,30.933201],[106.15423,30.933292],[106.154335,30.933291],[106.154334,30.9332]]]}},{"type":"Feature","id":"citrus-parcels-566","properties":{"sourceId":"citrus-parcels","CLASS_ID":"1","CLASS_NAME":"掩膜提取2_tif [Classvalue=1]","AREA":1806,"name":"掩膜提取2_tif [Classvalue=1]","orchardType":"掩膜提取2_tif [Classvalue=1]","areaMu":2.71},"geometry":{"type":"MultiPolygon","coordinates":[[[[106.157777,30.932267],[106.157253,30.932272],[106.157254,30.932362],[106.15715,30.932363],[106.157151,30.932453],[106.157046,30.932454],[106.157047,30.932545],[106.156733,30.932547],[106.156741,30.933179],[106.156427,30.933182],[106.156426,30.933092],[106.156321,30.933092],[106.15632,30.933002],[106.156111,30.933004],[106.15611,30.932914],[106.156005,30.932915],[106.156004,30.932825],[106.155899,30.932826],[106.155902,30.933006],[106.156006,30.933005],[106.156008,30.933186],[106.156218,30.933184],[106.156221,30.933454],[106.156326,30.933453],[106.156327,30.933544],[106.156222,30.933544],[106.156223,30.933635],[106.156328,30.933634],[106.15633,30.933814],[106.156435,30.933813],[106.156434,30.933723],[106.156538,30.933722],[106.156539,30.933812],[106.156644,30.933811],[106.156646,30.933992],[106.156541,30.933993],[106.156543,30.934083],[106.156333,30.934085],[106.156335,30.934265],[106.156231,30.934266],[106.156232,30.934356],[106.156127,30.934357],[106.156125,30.934177],[106.15623,30.934176],[106.156229,30.934086],[106.156333,30.934085],[106.156332,30.933995],[106.156541,30.933993],[106.15654,30.933903],[106.156226,30.933905],[106.156225,30.933815],[106.155702,30.93382],[106.155703,30.93391],[106.155389,30.933913],[106.15539,30.934003],[106.155076,30.934006],[106.155075,30.933916],[106.154971,30.933917],[106.154969,30.933826],[106.154655,30.933829],[106.154654,30.933739],[106.154759,30.933738],[106.154758,30.933648],[106.154549,30.93365],[106.154548,30.933559],[106.154652,30.933559],[106.154651,30.933468],[106.154442,30.93347],[106.15444,30.93329],[106.154335,30.933291],[106.154336,30.933381],[106.154231,30.933382],[106.154233,30.933472],[106.154023,30.933474],[106.154024,30.933564],[106.15371,30.933567],[106.153711,30.933657],[106.153607,30.933658],[106.15361,30.933929],[106.153505,30.93393],[106.153506,30.93402],[106.153402,30.934021],[106.153404,30.934201],[106.153509,30.9342],[106.15351,30.934291],[106.153719,30.934289],[106.153721,30.934469],[106.153617,30.93447],[106.153619,30.93465],[106.153409,30.934652],[106.15341,30.934743],[106.153306,30.934743],[106.153308,30.934924],[106.153413,30.934923],[106.153415,30.935103],[106.15331,30.935104],[106.153313,30.935375],[106.153209,30.935376],[106.153211,30.935556],[106.153106,30.935557],[106.153107,30.935647],[106.153003,30.935648],[106.153005,30.935829],[106.1529,30.93583],[106.152904,30.936191],[106.1528,30.936192],[106.152801,30.936282],[106.152592,30.936284],[106.152593,30.936374],[106.152697,30.936373],[106.152698,30.936463],[106.152803,30.936462],[106.152804,30.936552],[106.152909,30.936551],[106.15291,30.936642],[106.153015,30.936641],[106.153012,30.93646],[106.153117,30.936459],[106.153118,30.93655],[106.153223,30.936549],[106.153224,30.936639],[106.153119,30.93664],[106.15312,30.93673],[106.153225,30.936729],[106.153226,30.936819],[106.153435,30.936817],[106.153436,30.936908],[106.153646,30.936906],[106.153647,30.936996],[106.153752,30.936995],[106.153753,30.937085],[106.153857,30.937084],[106.153858,30.937175],[106.153963,30.937174],[106.153964,30.937264],[106.154069,30.937263],[106.15407,30.937353],[106.154279,30.937351],[106.15428,30.937441],[106.154385,30.937441],[106.154386,30.937531],[106.154595,30.937529],[106.154596,30.937619],[106.154806,30.937617],[106.154807,30.937707],[106.154911,30.937707],[106.154913,30.937797],[106.155331,30.937793],[106.15533,30.937703],[106.155539,30.937701],[106.155537,30.93752],[106.155642,30.93752],[106.155643,30.93761],[106.155748,30.937609],[106.155747,30.937519],[106.155851,30.937518],[106.155847,30.937157],[106.155952,30.937156],[106.155948,30.936885],[106.156262,30.936882],[106.156263,30.936973],[106.156473,30.936971],[106.156474,30.937061],[106.156683,30.937059],[106.156684,30.937149],[106.156789,30.937148],[106.156788,30.937058],[106.156892,30.937057],[106.15689,30.936877],[106.156786,30.936878],[106.156784,30.936788],[106.156994,30.936786],[106.156992,30.936605],[106.157096,30.936604],[106.157098,30.936785],[106.157203,30.936784],[106.157204,30.936874],[106.156995,30.936876],[106.156998,30.937147],[106.15794,30.937138],[106.157939,30.937048],[106.157834,30.937049],[106.157833,30.936959],[106.157729,30.93696],[106.157727,30.936869],[106.157518,30.936871],[106.157516,30.936691],[106.157621,30.93669],[106.157622,30.93678],[106.157726,30.936779],[106.157727,30.936869],[106.157832,30.936868],[106.157829,30.936598],[106.157724,30.936599],[106.157723,30.936508],[106.157618,30.936509],[106.157616,30.936329],[106.157512,30.93633],[106.157513,30.93642],[106.157408,30.936421],[106.157407,30.936331],[106.157302,30.936332],[106.157301,30.936242],[106.157406,30.936241],[106.157405,30.93615],[106.1573,30.936151],[106.157299,30.936061],[106.157404,30.93606],[106.157403,30.93597],[106.157507,30.935969],[106.157511,30.93624],[106.157615,30.936239],[106.157613,30.936058],[106.157822,30.936056],[106.157821,30.935966],[106.158031,30.935964],[106.158029,30.935874],[106.157925,30.935875],[106.157922,30.935604],[106.157712,30.935606],[106.157711,30.935516],[106.15792,30.935514],[106.157919,30.935424],[106.158024,30.935423],[106.158023,30.935333],[106.158128,30.935332],[106.158129,30.935422],[106.158338,30.93542],[106.15834,30.935601],[106.15855,30.935599],[106.158553,30.935869],[106.158657,30.935869],[106.158659,30.935959],[106.158449,30.935961],[106.158452,30.936231],[106.158557,30.93623],[106.158558,30.936321],[106.158768,30.936319],[106.158769,30.936409],[106.158873,30.936408],[106.158874,30.936498],[106.158979,30.936497],[106.158978,30.936407],[106.159083,30.936406],[106.159081,30.936316],[106.159186,30.936315],[106.159184,30.936134],[106.159289,30.936134],[106.159288,30.936043],[106.159392,30.936042],[106.159388,30.935682],[106.159493,30.935681],[106.159488,30.93532],[106.159593,30.935319],[106.159592,30.935229],[106.159696,30.935228],[106.159695,30.935137],[106.1598,30.935136],[106.159798,30.934956],[106.159902,30.934955],[106.1599,30.934775],[106.16011,30.934773],[106.160108,30.934683],[106.159794,30.934685],[106.159796,30.934776],[106.159691,30.934777],[106.15969,30.934686],[106.159585,30.934687],[106.159586,30.934777],[106.159482,30.934778],[106.159484,30.934959],[106.159379,30.93496],[106.159377,30.934779],[106.159272,30.93478],[106.159271,30.93469],[106.159167,30.934691],[106.159169,30.934871],[106.158855,30.934874],[106.158856,30.934964],[106.158751,30.934965],[106.158749,30.934785],[106.158644,30.934786],[106.158642,30.934606],[106.158538,30.934606],[106.158534,30.934336],[106.15843,30.934337],[106.158429,30.934247],[106.158324,30.934247],[106.158326,30.934428],[106.158221,30.934429],[106.158219,30.934248],[106.158324,30.934247],[106.15832,30.933887],[106.158424,30.933886],[106.158429,30.934247],[106.158742,30.934244],[106.158746,30.934514],[106.158955,30.934512],[106.158953,30.934332],[106.159162,30.93433],[106.159161,30.93424],[106.159056,30.934241],[106.159054,30.93406],[106.159159,30.93406],[106.159157,30.933879],[106.158633,30.933884],[106.158631,30.933703],[106.158527,30.933704],[106.158524,30.933524],[106.158629,30.933523],[106.158626,30.933252],[106.158521,30.933253],[106.158517,30.932892],[106.158412,30.932893],[106.15841,30.932713],[106.158305,30.932714],[106.158304,30.932624],[106.1582,30.932625],[106.158197,30.932444],[106.158093,30.932445],[106.158092,30.932355],[106.157778,30.932358],[106.157777,30.932267]]],[[[106.154695,30.937077],[106.15459,30.937078],[106.154586,30.936717],[106.1549,30.936714],[106.154901,30.936804],[106.155005,30.936803],[106.155007,30.936984],[106.155112,30.936983],[106.155113,30.937073],[106.155008,30.937074],[106.15501,30.937164],[106.154696,30.937167],[106.154695,30.937077]]],[[[106.156575,30.936789],[106.156366,30.936791],[106.156365,30.936701],[106.156469,30.9367],[106.156468,30.93661],[106.156573,30.936609],[106.156575,30.936789]]],[[[106.156155,30.936703],[106.155946,30.936705],[106.155944,30.936524],[106.156153,30.936523],[106.156155,30.936703]]],[[[106.156028,30.934809],[106.155819,30.934811],[106.15582,30.934901],[106.155715,30.934902],[106.155714,30.934812],[106.155819,30.934811],[106.155818,30.934721],[106.155922,30.93472],[106.155921,30.93463],[106.15613,30.934628],[106.156129,30.934538],[106.156548,30.934534],[106.15655,30.934714],[106.156655,30.934714],[106.15666,30.935165],[106.15687,30.935163],[106.156871,30.935253],[106.156975,30.935252],[106.156974,30.935162],[106.157288,30.935159],[106.157294,30.93561],[106.157398,30.935609],[106.157396,30.935429],[106.157501,30.935428],[106.157502,30.935518],[106.157606,30.935517],[106.157608,30.935607],[106.157398,30.935609],[106.1574,30.93579],[106.157296,30.93579],[106.157294,30.93561],[106.157189,30.935611],[106.157192,30.935882],[106.157297,30.935881],[106.157298,30.935971],[106.157193,30.935972],[106.157192,30.935882],[106.157088,30.935883],[106.157092,30.936243],[106.157197,30.936243],[106.157198,30.936333],[106.156988,30.936335],[106.156991,30.936515],[106.156886,30.936516],[106.156885,30.936426],[106.15678,30.936427],[106.156778,30.936246],[106.156673,30.936247],[106.156674,30.936337],[106.15657,30.936338],[106.156571,30.936429],[106.156466,30.936429],[106.156467,30.93652],[106.156363,30.936521],[106.156361,30.93643],[106.156466,30.936429],[106.156465,30.936339],[106.156256,30.936341],[106.156255,30.936251],[106.15615,30.936252],[106.156148,30.936071],[106.156043,30.936072],[106.156042,30.935982],[106.155937,30.935983],[106.155936,30.935893],[106.155832,30.935894],[106.155828,30.935623],[106.155933,30.935622],[106.155931,30.935442],[106.155722,30.935444],[106.155725,30.935714],[106.15562,30.935715],[106.155614,30.935174],[106.155928,30.935171],[106.155924,30.934901],[106.156029,30.9349],[106.156028,30.934809]]],[[[106.157304,30.936512],[106.157095,30.936514],[106.157094,30.936424],[106.157303,30.936422],[106.157304,30.936512]]],[[[106.15782,30.935876],[106.157611,30.935878],[106.15761,30.935788],[106.157714,30.935787],[106.157713,30.935697],[106.157818,30.935696],[106.15782,30.935876]]],[[[106.1575,30.935338],[106.157395,30.935338],[106.157394,30.935248],[106.157499,30.935247],[106.1575,30.935338]]],[[[106.157814,30.935335],[106.157604,30.935337],[106.157602,30.935156],[106.157707,30.935155],[106.157708,30.935245],[106.157813,30.935245],[106.157814,30.935335]]],[[[106.158754,30.935236],[106.15865,30.935237],[106.158648,30.935057],[106.158752,30.935056],[106.158754,30.935236]]],[[[106.159172,30.935142],[106.159067,30.935143],[106.159066,30.935053],[106.159171,30.935052],[106.159172,30.935142]]],[[[106.156972,30.934981],[106.156763,30.934983],[106.156762,30.934893],[106.156971,30.934891],[106.156972,30.934981]]],[[[106.1576,30.934976],[106.157495,30.934977],[106.157494,30.934886],[106.157599,30.934886],[106.1576,30.934976]]],[[[106.15854,30.934787],[106.158435,30.934788],[106.158434,30.934698],[106.158539,30.934697],[106.15854,30.934787]]],[[[106.157387,30.934707],[106.157178,30.934709],[106.157177,30.934619],[106.157386,30.934617],[106.157387,30.934707]]],[[[106.156964,30.93435],[106.15686,30.934351],[106.156859,30.934261],[106.157173,30.934258],[106.157174,30.934348],[106.157069,30.934349],[106.15707,30.934439],[106.157175,30.934438],[106.157176,30.934528],[106.157071,30.934529],[106.15707,30.934439],[106.156966,30.93444],[106.156964,30.93435]]],[[[106.157488,30.934345],[106.157383,30.934346],[106.15738,30.934075],[106.157484,30.934075],[106.157486,30.934165],[106.157695,30.934163],[106.157697,30.934343],[106.157592,30.934344],[106.157593,30.934434],[106.157489,30.934435],[106.157488,30.934345]]],[[[106.153852,30.936633],[106.153747,30.936634],[106.153744,30.936364],[106.153953,30.936362],[106.153954,30.936452],[106.154059,30.936451],[106.15406,30.936541],[106.154165,30.93654],[106.154167,30.936721],[106.153853,30.936724],[106.153852,30.936633]]],[[[106.15416,30.936179],[106.153846,30.936182],[106.153845,30.936092],[106.15395,30.936091],[106.153948,30.935911],[106.154052,30.93591],[106.154055,30.93609],[106.154159,30.936089],[106.15416,30.936179],[106.15437,30.936178],[106.154369,30.936087],[106.154473,30.936086],[106.154472,30.935996],[106.154577,30.935995],[106.154579,30.936176],[106.15437,30.936178],[106.154372,30.936358],[106.154163,30.93636],[106.15416,30.936179]]],[[[106.154889,30.935812],[106.154993,30.935811],[106.154992,30.935721],[106.155097,30.93572],[106.155096,30.93563],[106.1552,30.935629],[106.155198,30.935448],[106.155303,30.935447],[106.155302,30.935357],[106.155407,30.935356],[106.155408,30.935446],[106.155512,30.935446],[106.155513,30.935536],[106.155304,30.935538],[106.155305,30.935628],[106.1552,30.935629],[106.155202,30.935719],[106.155411,30.935717],[106.155412,30.935807],[106.155517,30.935806],[106.155518,30.935897],[106.155727,30.935895],[106.155728,30.935985],[106.155833,30.935984],[106.155835,30.936164],[106.15594,30.936164],[106.155941,30.936254],[106.156045,30.936253],[106.156047,30.936433],[106.155943,30.936434],[106.155942,30.936344],[106.155837,30.936345],[106.155836,30.936255],[106.155731,30.936256],[106.15573,30.936165],[106.155626,30.936166],[106.155625,30.936076],[106.155415,30.936078],[106.155416,30.936168],[106.154998,30.936172],[106.154995,30.935992],[106.154786,30.935993],[106.154787,30.936084],[106.154892,30.936083],[106.154894,30.936263],[106.154789,30.936264],[106.154791,30.936354],[106.154686,30.936355],[106.154685,30.936265],[106.154789,30.936264],[106.154787,30.936084],[106.154683,30.936085],[106.154682,30.935994],[106.154786,30.935993],[106.154785,30.935903],[106.15468,30.935904],[106.154679,30.935814],[106.154784,30.935813],[106.154783,30.935723],[106.154888,30.935722],[106.154889,30.935812]]],[[[106.15322,30.936278],[106.153115,30.936279],[106.153114,30.936189],[106.153218,30.936188],[106.15322,30.936278]]],[[[106.153844,30.936002],[106.15374,30.936003],[106.153739,30.935913],[106.153843,30.935912],[106.153844,30.936002]]],[[[106.153527,30.935734],[106.153422,30.935735],[106.153425,30.935915],[106.15332,30.935916],[106.153316,30.935555],[106.153525,30.935554],[106.153526,30.935644],[106.153631,30.935643],[106.153632,30.935733],[106.153736,30.935732],[106.153735,30.935642],[106.15384,30.935641],[106.153841,30.935731],[106.153736,30.935732],[106.153737,30.935822],[106.153528,30.935824],[106.153527,30.935734]]],[[[106.154469,30.935726],[106.154364,30.935726],[106.154362,30.935546],[106.154467,30.935545],[106.154469,30.935726]]],[[[106.154885,30.935541],[106.154781,30.935542],[106.15478,30.935452],[106.154989,30.93545],[106.154991,30.935631],[106.154886,30.935632],[106.154885,30.935541]]],[[[106.158966,30.935415],[106.158861,30.935416],[106.158862,30.935506],[106.158758,30.935507],[106.158757,30.935417],[106.158861,30.935416],[106.15886,30.935325],[106.158965,30.935324],[106.158966,30.935415]]],[[[106.154361,30.935456],[106.154256,30.935457],[106.154255,30.935367],[106.15436,30.935366],[106.154361,30.935456]]],[[[106.154675,30.935453],[106.15457,30.935454],[106.154569,30.935364],[106.154674,30.935363],[106.154675,30.935453]]],[[[106.158547,30.935418],[106.158443,30.935419],[106.158442,30.935329],[106.158546,30.935328],[106.158547,30.935418]]],[[[106.154464,30.935274],[106.154359,30.935275],[106.154358,30.935185],[106.154462,30.935184],[106.154464,30.935274]]],[[[106.154882,30.935271],[106.154568,30.935274],[106.154567,30.935183],[106.154776,30.935181],[106.154775,30.935091],[106.15488,30.93509],[106.154882,30.935271]]],[[[106.15435,30.934554],[106.154455,30.934553],[106.154453,30.934372],[106.154662,30.93437],[106.154663,30.934461],[106.154872,30.934459],[106.154875,30.934639],[106.154979,30.934638],[106.154978,30.934548],[106.155187,30.934546],[106.155189,30.934636],[106.155084,30.934637],[106.155085,30.934728],[106.154876,30.934729],[106.154877,30.93482],[106.155086,30.934818],[106.155087,30.934908],[106.155192,30.934907],[106.155191,30.934817],[106.155609,30.934813],[106.15561,30.934903],[106.155401,30.934905],[106.155402,30.934995],[106.155298,30.934996],[106.155299,30.935087],[106.154985,30.935089],[106.154984,30.934999],[106.155088,30.934998],[106.155087,30.934908],[106.154878,30.93491],[106.154877,30.93482],[106.154772,30.934821],[106.154771,30.93473],[106.154457,30.934733],[106.154456,30.934643],[106.154351,30.934644],[106.15435,30.934554],[106.154246,30.934555],[106.154247,30.934645],[106.154142,30.934646],[106.154141,30.934556],[106.154246,30.934555],[106.154244,30.934464],[106.15414,30.934465],[106.154139,30.934375],[106.154348,30.934373],[106.15435,30.934554]]],[[[106.155399,30.934725],[106.155294,30.934726],[106.155293,30.934635],[106.155398,30.934635],[106.155399,30.934725]]],[[[106.155289,30.934275],[106.155184,30.934276],[106.155183,30.934185],[106.155497,30.934183],[106.155496,30.934092],[106.155705,30.93409],[106.155707,30.934271],[106.155498,30.934273],[106.155501,30.934543],[106.155606,30.934542],[106.155608,30.934723],[106.155504,30.934724],[106.155501,30.934543],[106.155397,30.934544],[106.155395,30.934364],[106.15529,30.934365],[106.155289,30.934275]]],[[[106.156025,30.934539],[106.155815,30.934541],[106.155814,30.93445],[106.156024,30.934449],[106.156025,30.934539]]],[[[106.156756,30.934442],[106.156547,30.934444],[106.156546,30.934354],[106.15665,30.934353],[106.156649,30.934262],[106.156754,30.934262],[106.156756,30.934442]]],[[[106.15571,30.934451],[106.155605,30.934452],[106.155604,30.934362],[106.155709,30.934361],[106.15571,30.934451]]],[[[106.156124,30.934087],[106.155915,30.934089],[106.155914,30.933998],[106.156123,30.933996],[106.156124,30.934087]]],[[[106.154357,30.935095],[106.154252,30.935096],[106.154253,30.935186],[106.154148,30.935187],[106.154147,30.935097],[106.154252,30.935096],[106.15425,30.934915],[106.154355,30.934915],[106.154357,30.935095]]],[[[106.154565,30.935003],[106.15446,30.935004],[106.154459,30.934914],[106.154564,30.934913],[106.154565,30.935003],[106.15467,30.935002],[106.154671,30.935092],[106.154566,30.935093],[106.154565,30.935003]]],[[[106.153623,30.935011],[106.153518,30.935012],[106.153517,30.934922],[106.153622,30.934921],[106.153623,30.935011]]],[[[106.154041,30.934917],[106.153936,30.934918],[106.153934,30.934738],[106.154038,30.934737],[106.154041,30.934917]]],[[[106.154451,30.934192],[106.154346,30.934193],[106.154342,30.933832],[106.154551,30.93383],[106.154552,30.93392],[106.154761,30.933918],[106.154763,30.934099],[106.154659,30.9341],[106.15466,30.93419],[106.154869,30.934188],[106.15487,30.934278],[106.154452,30.934282],[106.154451,30.934192]]],[[[106.157693,30.933982],[106.157588,30.933983],[106.157587,30.933893],[106.157692,30.933892],[106.157693,30.933982]]],[[[106.158111,30.933979],[106.158007,30.93398],[106.158006,30.933889],[106.15811,30.933888],[106.158111,30.933979]]],[[[106.158109,30.933798],[106.1579,30.9338],[106.157899,30.93371],[106.158108,30.933708],[106.158109,30.933798]]],[[[106.158417,30.933254],[106.158312,30.933255],[106.158314,30.933436],[106.158209,30.933436],[106.158212,30.933617],[106.158107,30.933618],[106.158105,30.933437],[106.158209,30.933436],[106.158207,30.933256],[106.158312,30.933255],[106.158311,30.933165],[106.158415,30.933164],[106.158417,30.933254]]],[[[106.157477,30.933443],[106.157372,30.933444],[106.157371,30.933354],[106.157476,30.933353],[106.157477,30.933443]]],[[[106.157998,30.933258],[106.157893,30.933259],[106.15789,30.932988],[106.157995,30.932987],[106.157998,30.933258]]],[[[106.157784,30.932899],[106.15768,30.9329],[106.157677,30.932719],[106.157782,30.932719],[106.157784,30.932899]]],[[[106.157989,30.932536],[106.157885,30.932537],[106.157883,30.932447],[106.157988,30.932446],[106.157989,30.932536]]]]}},{"type":"Feature","id":"citrus-parcels-567","properties":{"sourceId":"citrus-parcels","CLASS_ID":"1","CLASS_NAME":"掩膜提取2_tif [Classvalue=1]","AREA":1,"name":"掩膜提取2_tif [Classvalue=1]","orchardType":"掩膜提取2_tif [Classvalue=1]","areaMu":0},"geometry":{"type":"Polygon","coordinates":[[[106.173205,30.927166],[106.1731,30.927167],[106.173101,30.927257],[106.173206,30.927256],[106.173205,30.927166]]]}},{"type":"Feature","id":"citrus-parcels-568","properties":{"sourceId":"citrus-parcels","CLASS_ID":"1","CLASS_NAME":"掩膜提取2_tif [Classvalue=1]","AREA":1,"name":"掩膜提取2_tif [Classvalue=1]","orchardType":"掩膜提取2_tif [Classvalue=1]","areaMu":0},"geometry":{"type":"Polygon","coordinates":[[[106.173099,30.927077],[106.172994,30.927078],[106.172996,30.927168],[106.1731,30.927167],[106.173099,30.927077]]]}},{"type":"Feature","id":"citrus-parcels-569","properties":{"sourceId":"citrus-parcels","CLASS_ID":"1","CLASS_NAME":"掩膜提取2_tif [Classvalue=1]","AREA":1,"name":"掩膜提取2_tif [Classvalue=1]","orchardType":"掩膜提取2_tif [Classvalue=1]","areaMu":0},"geometry":{"type":"Polygon","coordinates":[[[106.172353,30.926001],[106.172249,30.926002],[106.17225,30.926092],[106.172354,30.926091],[106.172353,30.926001]]]}},{"type":"Feature","id":"citrus-parcels-570","properties":{"sourceId":"citrus-parcels","CLASS_ID":"1","CLASS_NAME":"掩膜提取2_tif [Classvalue=1]","AREA":1,"name":"掩膜提取2_tif [Classvalue=1]","orchardType":"掩膜提取2_tif [Classvalue=1]","areaMu":0},"geometry":{"type":"Polygon","coordinates":[[[106.174549,30.9258],[106.174444,30.925801],[106.174445,30.925892],[106.17455,30.925891],[106.174549,30.9258]]]}},{"type":"Feature","id":"citrus-parcels-571","properties":{"sourceId":"citrus-parcels","CLASS_ID":"1","CLASS_NAME":"掩膜提取2_tif [Classvalue=1]","AREA":1,"name":"掩膜提取2_tif [Classvalue=1]","orchardType":"掩膜提取2_tif [Classvalue=1]","areaMu":0},"geometry":{"type":"Polygon","coordinates":[[[106.174546,30.92562],[106.174442,30.925621],[106.174443,30.925711],[106.174548,30.92571],[106.174546,30.92562]]]}},{"type":"Feature","id":"citrus-parcels-572","properties":{"sourceId":"citrus-parcels","CLASS_ID":"1","CLASS_NAME":"掩膜提取2_tif [Classvalue=1]","AREA":338,"name":"掩膜提取2_tif [Classvalue=1]","orchardType":"掩膜提取2_tif [Classvalue=1]","areaMu":0.51},"geometry":{"type":"MultiPolygon","coordinates":[[[[106.171822,30.925374],[106.171718,30.925375],[106.171719,30.925465],[106.171614,30.925466],[106.171615,30.925556],[106.171301,30.925559],[106.171302,30.925649],[106.170989,30.925652],[106.170987,30.925562],[106.170883,30.925563],[106.170884,30.925653],[106.170675,30.925655],[106.170673,30.925565],[106.170569,30.925566],[106.170568,30.925476],[106.170463,30.925477],[106.170464,30.925567],[106.17036,30.925568],[106.170361,30.925658],[106.170256,30.925659],[106.17026,30.92602],[106.170156,30.926021],[106.170157,30.926111],[106.170366,30.926109],[106.170365,30.926019],[106.17047,30.926018],[106.170469,30.925928],[106.170573,30.925927],[106.170575,30.926107],[106.17068,30.926106],[106.170682,30.926287],[106.170787,30.926286],[106.170786,30.926195],[106.17089,30.926195],[106.170899,30.926916],[106.171109,30.926914],[106.17111,30.927005],[106.171319,30.927003],[106.17132,30.927093],[106.171634,30.92709],[106.171636,30.92727],[106.171741,30.92727],[106.171743,30.92745],[106.171848,30.927449],[106.171849,30.927539],[106.171953,30.927538],[106.171955,30.927628],[106.172059,30.927628],[106.17206,30.927718],[106.172165,30.927717],[106.172166,30.927807],[106.172271,30.927806],[106.172272,30.927896],[106.172376,30.927895],[106.172378,30.927986],[106.172482,30.927985],[106.172484,30.928165],[106.172589,30.928164],[106.172587,30.927984],[106.172691,30.927983],[106.172689,30.927802],[106.172794,30.927801],[106.172792,30.927621],[106.172896,30.92762],[106.172895,30.92753],[106.173,30.927529],[106.172999,30.927439],[106.173103,30.927438],[106.173101,30.927257],[106.172892,30.927259],[106.172893,30.927349],[106.172788,30.92735],[106.172791,30.927531],[106.172686,30.927532],[106.172684,30.927351],[106.172788,30.92735],[106.172787,30.92726],[106.172892,30.927259],[106.17289,30.927079],[106.172785,30.92708],[106.172784,30.926989],[106.172679,30.92699],[106.172676,30.92672],[106.172571,30.926721],[106.172573,30.926811],[106.172468,30.926812],[106.172461,30.926271],[106.172357,30.926271],[106.172356,30.926181],[106.172251,30.926182],[106.17225,30.926092],[106.172145,30.926093],[106.172146,30.926183],[106.172042,30.926184],[106.17204,30.926094],[106.172145,30.926093],[106.172144,30.926003],[106.172249,30.926002],[106.172246,30.925821],[106.172037,30.925823],[106.172036,30.925733],[106.172141,30.925732],[106.17214,30.925642],[106.172035,30.925643],[106.172033,30.925462],[106.171928,30.925463],[106.171929,30.925554],[106.171825,30.925554],[106.171822,30.925374]]],[[[106.171843,30.927088],[106.171739,30.927089],[106.171738,30.926999],[106.171842,30.926998],[106.171843,30.927088]]],[[[106.171525,30.92673],[106.17142,30.926731],[106.171419,30.926641],[106.171524,30.92664],[106.171525,30.92673]]],[[[106.171839,30.926727],[106.17163,30.926729],[106.171628,30.926639],[106.171838,30.926637],[106.171839,30.926727]]],[[[106.171104,30.926553],[106.171,30.926554],[106.170998,30.926464],[106.171103,30.926463],[106.171104,30.926553]]],[[[106.171731,30.926458],[106.171626,30.926459],[106.171625,30.926368],[106.17173,30.926367],[106.171731,30.926458]]],[[[106.17194,30.926456],[106.171836,30.926457],[106.171833,30.926276],[106.171938,30.926275],[106.17194,30.926456]]],[[[106.172359,30.926452],[106.172254,30.926453],[106.172253,30.926363],[106.172358,30.926362],[106.172359,30.926452]]],[[[106.171831,30.926096],[106.171727,30.926097],[106.171725,30.926007],[106.17183,30.926006],[106.171831,30.926096]]],[[[106.170993,30.926013],[106.170888,30.926014],[106.170887,30.925924],[106.170992,30.925923],[106.170993,30.926013]]],[[[106.171201,30.925921],[106.171096,30.925922],[106.171095,30.925832],[106.1712,30.925831],[106.171201,30.925921]]],[[[106.171934,30.925914],[106.17162,30.925917],[106.171616,30.925647],[106.171826,30.925645],[106.171828,30.925825],[106.171933,30.925824],[106.171934,30.925914]]],[[[106.170783,30.925925],[106.170678,30.925926],[106.170677,30.925836],[106.170781,30.925835],[106.170783,30.925925]]],[[[106.170572,30.925837],[106.170363,30.925838],[106.170362,30.925748],[106.170571,30.925746],[106.170572,30.925837]]]]}},{"type":"Feature","id":"citrus-parcels-573","properties":{"sourceId":"citrus-parcels","CLASS_ID":"1","CLASS_NAME":"掩膜提取2_tif [Classvalue=1]","AREA":1,"name":"掩膜提取2_tif [Classvalue=1]","orchardType":"掩膜提取2_tif [Classvalue=1]","areaMu":0},"geometry":{"type":"Polygon","coordinates":[[[106.172241,30.92537],[106.172136,30.925371],[106.172137,30.925461],[106.172242,30.92546],[106.172241,30.92537]]]}},{"type":"Feature","id":"citrus-parcels-574","properties":{"sourceId":"citrus-parcels","CLASS_ID":"1","CLASS_NAME":"掩膜提取2_tif [Classvalue=1]","AREA":1,"name":"掩膜提取2_tif [Classvalue=1]","orchardType":"掩膜提取2_tif [Classvalue=1]","areaMu":0},"geometry":{"type":"Polygon","coordinates":[[[106.171926,30.925283],[106.171821,30.925284],[106.171822,30.925374],[106.171927,30.925373],[106.171926,30.925283]]]}},{"type":"Feature","id":"citrus-parcels-575","properties":{"sourceId":"citrus-parcels","CLASS_ID":"1","CLASS_NAME":"掩膜提取2_tif [Classvalue=1]","AREA":2,"name":"掩膜提取2_tif [Classvalue=1]","orchardType":"掩膜提取2_tif [Classvalue=1]","areaMu":0},"geometry":{"type":"Polygon","coordinates":[[[106.175065,30.925254],[106.174856,30.925256],[106.174857,30.925347],[106.175066,30.925345],[106.175065,30.925254]]]}},{"type":"Feature","id":"citrus-parcels-576","properties":{"sourceId":"citrus-parcels","CLASS_ID":"1","CLASS_NAME":"掩膜提取2_tif [Classvalue=1]","AREA":2,"name":"掩膜提取2_tif [Classvalue=1]","orchardType":"掩膜提取2_tif [Classvalue=1]","areaMu":0},"geometry":{"type":"Polygon","coordinates":[[[106.172134,30.925191],[106.172029,30.925192],[106.172032,30.925372],[106.172136,30.925371],[106.172134,30.925191]]]}},{"type":"Feature","id":"citrus-parcels-577","properties":{"sourceId":"citrus-parcels","CLASS_ID":"1","CLASS_NAME":"掩膜提取2_tif [Classvalue=1]","AREA":1,"name":"掩膜提取2_tif [Classvalue=1]","orchardType":"掩膜提取2_tif [Classvalue=1]","areaMu":0},"geometry":{"type":"Polygon","coordinates":[[[106.172238,30.9251],[106.172133,30.925101],[106.172134,30.925191],[106.172239,30.92519],[106.172238,30.9251]]]}},{"type":"Feature","id":"citrus-parcels-578","properties":{"sourceId":"citrus-parcels","CLASS_ID":"1","CLASS_NAME":"掩膜提取2_tif [Classvalue=1]","AREA":2,"name":"掩膜提取2_tif [Classvalue=1]","orchardType":"掩膜提取2_tif [Classvalue=1]","areaMu":0},"geometry":{"type":"Polygon","coordinates":[[[106.174331,30.925081],[106.174226,30.925082],[106.174228,30.925262],[106.174333,30.925261],[106.174331,30.925081]]]}},{"type":"Feature","id":"citrus-parcels-579","properties":{"sourceId":"citrus-parcels","CLASS_ID":"1","CLASS_NAME":"掩膜提取2_tif [Classvalue=1]","AREA":1,"name":"掩膜提取2_tif [Classvalue=1]","orchardType":"掩膜提取2_tif [Classvalue=1]","areaMu":0},"geometry":{"type":"Polygon","coordinates":[[[106.174434,30.924989],[106.174329,30.92499],[106.174331,30.925081],[106.174435,30.92508],[106.174434,30.924989]]]}},{"type":"Feature","id":"citrus-parcels-580","properties":{"sourceId":"citrus-parcels","CLASS_ID":"1","CLASS_NAME":"掩膜提取2_tif [Classvalue=1]","AREA":1,"name":"掩膜提取2_tif [Classvalue=1]","orchardType":"掩膜提取2_tif [Classvalue=1]","areaMu":0},"geometry":{"type":"Polygon","coordinates":[[[106.172026,30.924921],[106.171922,30.924922],[106.171923,30.925012],[106.172027,30.925011],[106.172026,30.924921]]]}},{"type":"Feature","id":"citrus-parcels-581","properties":{"sourceId":"citrus-parcels","CLASS_ID":"1","CLASS_NAME":"掩膜提取2_tif [Classvalue=1]","AREA":1,"name":"掩膜提取2_tif [Classvalue=1]","orchardType":"掩膜提取2_tif [Classvalue=1]","areaMu":0},"geometry":{"type":"Polygon","coordinates":[[[106.174538,30.924898],[106.174433,30.924899],[106.174434,30.924989],[106.174539,30.924989],[106.174538,30.924898]]]}},{"type":"Feature","id":"citrus-parcels-582","properties":{"sourceId":"citrus-parcels","CLASS_ID":"1","CLASS_NAME":"掩膜提取2_tif [Classvalue=1]","AREA":7,"name":"掩膜提取2_tif [Classvalue=1]","orchardType":"掩膜提取2_tif [Classvalue=1]","areaMu":0.01},"geometry":{"type":"Polygon","coordinates":[[[106.172129,30.92474],[106.172024,30.924741],[106.172026,30.924921],[106.172131,30.92492],[106.172132,30.92501],[106.172341,30.925008],[106.172342,30.925099],[106.172447,30.925098],[106.172445,30.924917],[106.172235,30.924919],[106.172234,30.924829],[106.17213,30.92483],[106.172129,30.92474]]]}},{"type":"Feature","id":"citrus-parcels-583","properties":{"sourceId":"citrus-parcels","CLASS_ID":"1","CLASS_NAME":"掩膜提取2_tif [Classvalue=1]","AREA":3,"name":"掩膜提取2_tif [Classvalue=1]","orchardType":"掩膜提取2_tif [Classvalue=1]","areaMu":0},"geometry":{"type":"Polygon","coordinates":[[[106.172337,30.924648],[106.172232,30.924649],[106.172234,30.924829],[106.172444,30.924827],[106.172443,30.924737],[106.172338,30.924738],[106.172337,30.924648]]]}},{"type":"Feature","id":"citrus-parcels-584","properties":{"sourceId":"citrus-parcels","CLASS_ID":"1","CLASS_NAME":"掩膜提取2_tif [Classvalue=1]","AREA":1,"name":"掩膜提取2_tif [Classvalue=1]","orchardType":"掩膜提取2_tif [Classvalue=1]","areaMu":0},"geometry":{"type":"Polygon","coordinates":[[[106.171917,30.924561],[106.171812,30.924562],[106.171814,30.924652],[106.171918,30.924651],[106.171917,30.924561]]]}},{"type":"Feature","id":"citrus-parcels-585","properties":{"sourceId":"citrus-parcels","CLASS_ID":"1","CLASS_NAME":"掩膜提取2_tif [Classvalue=1]","AREA":1,"name":"掩膜提取2_tif [Classvalue=1]","orchardType":"掩膜提取2_tif [Classvalue=1]","areaMu":0},"geometry":{"type":"Polygon","coordinates":[[[106.171809,30.924291],[106.171705,30.924292],[106.171706,30.924383],[106.17181,30.924382],[106.171809,30.924291]]]}},{"type":"Feature","id":"citrus-parcels-586","properties":{"sourceId":"citrus-parcels","CLASS_ID":"1","CLASS_NAME":"掩膜提取2_tif [Classvalue=1]","AREA":3,"name":"掩膜提取2_tif [Classvalue=1]","orchardType":"掩膜提取2_tif [Classvalue=1]","areaMu":0},"geometry":{"type":"Polygon","coordinates":[[[106.172123,30.924289],[106.172018,30.92429],[106.172021,30.92447],[106.17223,30.924468],[106.172229,30.924378],[106.172124,30.924379],[106.172123,30.924289]]]}},{"type":"Feature","id":"citrus-parcels-587","properties":{"sourceId":"citrus-parcels","CLASS_ID":"1","CLASS_NAME":"掩膜提取2_tif [Classvalue=1]","AREA":2,"name":"掩膜提取2_tif [Classvalue=1]","orchardType":"掩膜提取2_tif [Classvalue=1]","areaMu":0},"geometry":{"type":"Polygon","coordinates":[[[106.172016,30.924109],[106.171912,30.92411],[106.171914,30.924291],[106.172018,30.92429],[106.172016,30.924109]]]}},{"type":"Feature","id":"citrus-parcels-588","properties":{"sourceId":"citrus-parcels","CLASS_ID":"1","CLASS_NAME":"掩膜提取2_tif [Classvalue=1]","AREA":1,"name":"掩膜提取2_tif [Classvalue=1]","orchardType":"掩膜提取2_tif [Classvalue=1]","areaMu":0},"geometry":{"type":"Polygon","coordinates":[[[106.171909,30.92393],[106.171805,30.923931],[106.171806,30.924021],[106.171911,30.92402],[106.171909,30.92393]]]}},{"type":"Feature","id":"citrus-parcels-589","properties":{"sourceId":"citrus-parcels","CLASS_ID":"1","CLASS_NAME":"掩膜提取2_tif [Classvalue=1]","AREA":1,"name":"掩膜提取2_tif [Classvalue=1]","orchardType":"掩膜提取2_tif [Classvalue=1]","areaMu":0},"geometry":{"type":"Polygon","coordinates":[[[106.172119,30.923928],[106.172014,30.923929],[106.172015,30.924019],[106.17212,30.924018],[106.172119,30.923928]]]}},{"type":"Feature","id":"citrus-parcels-590","properties":{"sourceId":"citrus-parcels","CLASS_ID":"1","CLASS_NAME":"掩膜提取2_tif [Classvalue=1]","AREA":5,"name":"掩膜提取2_tif [Classvalue=1]","orchardType":"掩膜提取2_tif [Classvalue=1]","areaMu":0.01},"geometry":{"type":"Polygon","coordinates":[[[106.171905,30.923569],[106.171591,30.923572],[106.171592,30.923662],[106.171697,30.923661],[106.171698,30.923751],[106.171907,30.923749],[106.171905,30.923569]]]}},{"type":"Feature","id":"citrus-parcels-591","properties":{"sourceId":"citrus-parcels","CLASS_ID":"1","CLASS_NAME":"掩膜提取2_tif [Classvalue=1]","AREA":25,"name":"掩膜提取2_tif [Classvalue=1]","orchardType":"掩膜提取2_tif [Classvalue=1]","areaMu":0.04},"geometry":{"type":"Polygon","coordinates":[[[106.17096,30.923307],[106.170855,30.923308],[106.170857,30.923488],[106.170962,30.923487],[106.170965,30.923758],[106.171175,30.923756],[106.171176,30.923846],[106.17128,30.923845],[106.171282,30.923935],[106.171491,30.923933],[106.171493,30.924114],[106.171598,30.924113],[106.171599,30.924203],[106.171808,30.924201],[106.171807,30.924111],[106.171702,30.924112],[106.171701,30.924022],[106.171597,30.924023],[106.171594,30.923842],[106.171385,30.923844],[106.171384,30.923754],[106.171489,30.923753],[106.171488,30.923663],[106.171278,30.923665],[106.171277,30.923575],[106.171382,30.923574],[106.171381,30.923483],[106.171067,30.923486],[106.171066,30.923396],[106.170961,30.923397],[106.17096,30.923307]]]}},{"type":"Feature","id":"citrus-parcels-592","properties":{"sourceId":"citrus-parcels","CLASS_ID":"1","CLASS_NAME":"掩膜提取2_tif [Classvalue=1]","AREA":1,"name":"掩膜提取2_tif [Classvalue=1]","orchardType":"掩膜提取2_tif [Classvalue=1]","areaMu":0},"geometry":{"type":"Polygon","coordinates":[[[106.173563,30.9222],[106.173458,30.922201],[106.173459,30.922292],[106.173564,30.922291],[106.173563,30.9222]]]}},{"type":"Feature","id":"citrus-parcels-593","properties":{"sourceId":"citrus-parcels","CLASS_ID":"1","CLASS_NAME":"掩膜提取2_tif [Classvalue=1]","AREA":1,"name":"掩膜提取2_tif [Classvalue=1]","orchardType":"掩膜提取2_tif [Classvalue=1]","areaMu":0},"geometry":{"type":"Polygon","coordinates":[[[106.171992,30.922124],[106.171887,30.922125],[106.171889,30.922216],[106.171993,30.922215],[106.171992,30.922124]]]}},{"type":"Feature","id":"citrus-parcels-594","properties":{"sourceId":"citrus-parcels","CLASS_ID":"1","CLASS_NAME":"掩膜提取2_tif [Classvalue=1]","AREA":2,"name":"掩膜提取2_tif [Classvalue=1]","orchardType":"掩膜提取2_tif [Classvalue=1]","areaMu":0},"geometry":{"type":"Polygon","coordinates":[[[106.173876,30.922107],[106.173666,30.922109],[106.173667,30.922199],[106.173877,30.922198],[106.173876,30.922107]]]}},{"type":"Feature","id":"citrus-parcels-595","properties":{"sourceId":"citrus-parcels","CLASS_ID":"1","CLASS_NAME":"掩膜提取2_tif [Classvalue=1]","AREA":1,"name":"掩膜提取2_tif [Classvalue=1]","orchardType":"掩膜提取2_tif [Classvalue=1]","areaMu":0},"geometry":{"type":"Polygon","coordinates":[[[106.173556,30.921659],[106.173452,30.92166],[106.173453,30.92175],[106.173557,30.921749],[106.173556,30.921659]]]}},{"type":"Feature","id":"citrus-parcels-596","properties":{"sourceId":"citrus-parcels","CLASS_ID":"1","CLASS_NAME":"掩膜提取2_tif [Classvalue=1]","AREA":2,"name":"掩膜提取2_tif [Classvalue=1]","orchardType":"掩膜提取2_tif [Classvalue=1]","areaMu":0},"geometry":{"type":"Polygon","coordinates":[[[106.173659,30.921478],[106.173449,30.92148],[106.17345,30.92157],[106.17366,30.921568],[106.173659,30.921478]]]}},{"type":"Feature","id":"citrus-parcels-597","properties":{"sourceId":"citrus-parcels","CLASS_ID":"1","CLASS_NAME":"掩膜提取2_tif [Classvalue=1]","AREA":3,"name":"掩膜提取2_tif [Classvalue=1]","orchardType":"掩膜提取2_tif [Classvalue=1]","areaMu":0},"geometry":{"type":"Polygon","coordinates":[[[106.172712,30.921125],[106.172608,30.921126],[106.17261,30.921307],[106.172819,30.921305],[106.172818,30.921215],[106.172714,30.921216],[106.172712,30.921125]]]}},{"type":"Feature","id":"citrus-parcels-598","properties":{"sourceId":"citrus-parcels","CLASS_ID":"1","CLASS_NAME":"掩膜提取2_tif [Classvalue=1]","AREA":1,"name":"掩膜提取2_tif [Classvalue=1]","orchardType":"掩膜提取2_tif [Classvalue=1]","areaMu":0},"geometry":{"type":"Polygon","coordinates":[[[106.171035,30.92087],[106.17093,30.920871],[106.170931,30.920961],[106.171036,30.92096],[106.171035,30.92087]]]}},{"type":"Feature","id":"citrus-parcels-599","properties":{"sourceId":"citrus-parcels","CLASS_ID":"1","CLASS_NAME":"掩膜提取2_tif [Classvalue=1]","AREA":1243,"name":"掩膜提取2_tif [Classvalue=1]","orchardType":"掩膜提取2_tif [Classvalue=1]","areaMu":1.86},"geometry":{"type":"MultiPolygon","coordinates":[[[[106.171658,30.920503],[106.171449,30.920505],[106.17145,30.920596],[106.171346,30.920596],[106.171347,30.920687],[106.171556,30.920685],[106.171557,30.920775],[106.171452,30.920776],[106.171453,30.920866],[106.171349,30.920867],[106.17135,30.920957],[106.171245,30.920958],[106.171244,30.920868],[106.17114,30.920869],[106.171143,30.92114],[106.171247,30.921139],[106.171249,30.921229],[106.171353,30.921228],[106.171354,30.921318],[106.171459,30.921317],[106.17146,30.921407],[106.171774,30.921405],[106.171776,30.921585],[106.17209,30.921582],[106.172089,30.921492],[106.172194,30.921491],[106.172193,30.921401],[106.172297,30.9214],[106.172299,30.92158],[106.172195,30.921581],[106.172198,30.921852],[106.172303,30.921851],[106.172302,30.921761],[106.172406,30.92176],[106.172405,30.92167],[106.17251,30.921669],[106.172509,30.921578],[106.172404,30.921579],[106.172402,30.921399],[106.172506,30.921398],[106.172509,30.921578],[106.172613,30.921577],[106.172614,30.921668],[106.17251,30.921669],[106.172511,30.921759],[106.172406,30.92176],[106.172411,30.922121],[106.172306,30.922122],[106.172307,30.922212],[106.172202,30.922213],[106.172201,30.922123],[106.172306,30.922122],[106.172304,30.921941],[106.172199,30.921942],[106.172198,30.921852],[106.172093,30.921853],[106.172091,30.921672],[106.171882,30.921674],[106.171883,30.921765],[106.171988,30.921764],[106.17199,30.921944],[106.172095,30.921943],[106.172098,30.922214],[106.171993,30.922215],[106.171994,30.922305],[106.17189,30.922306],[106.171891,30.922396],[106.171577,30.922399],[106.171576,30.922309],[106.171262,30.922312],[106.171261,30.922221],[106.171051,30.922223],[106.17106,30.922945],[106.171165,30.922944],[106.171166,30.923034],[106.171061,30.923035],[106.171062,30.923125],[106.171167,30.923124],[106.171168,30.923215],[106.171063,30.923216],[106.171065,30.923306],[106.171274,30.923304],[106.171275,30.923394],[106.17138,30.923393],[106.171377,30.923213],[106.171482,30.923212],[106.171485,30.923482],[106.17159,30.923481],[106.171589,30.923391],[106.171798,30.923389],[106.171797,30.923299],[106.171588,30.923301],[106.171586,30.923121],[106.17169,30.92312],[106.171689,30.923029],[106.171794,30.923028],[106.171797,30.923299],[106.172006,30.923297],[106.172012,30.923748],[106.172221,30.923746],[106.172219,30.923566],[106.172324,30.923565],[106.172327,30.923836],[106.172118,30.923838],[106.172119,30.923928],[106.172223,30.923927],[106.172224,30.924017],[106.172329,30.924016],[106.172332,30.924287],[106.172437,30.924286],[106.172432,30.923835],[106.17285,30.923831],[106.172849,30.923741],[106.172954,30.92374],[106.172955,30.92383],[106.173059,30.923829],[106.173058,30.923739],[106.173163,30.923738],[106.173162,30.923648],[106.173266,30.923647],[106.173269,30.923827],[106.173059,30.923829],[106.173064,30.92419],[106.172855,30.924192],[106.172856,30.924282],[106.172751,30.924283],[106.17275,30.924193],[106.172645,30.924194],[106.172649,30.924464],[106.172544,30.924465],[106.172542,30.924285],[106.172437,30.924286],[106.17244,30.924556],[106.172545,30.924556],[106.172546,30.924646],[106.172441,30.924647],[106.172443,30.924737],[106.172652,30.924735],[106.172654,30.924915],[106.172549,30.924916],[106.172551,30.925007],[106.17276,30.925005],[106.172761,30.925095],[106.172656,30.925096],[106.172658,30.925276],[106.172449,30.925278],[106.172451,30.925459],[106.172347,30.92546],[106.172349,30.92564],[106.172244,30.925641],[106.172246,30.925821],[106.172351,30.92582],[106.172352,30.925911],[106.172457,30.92591],[106.172459,30.92609],[106.172668,30.926088],[106.172669,30.926178],[106.172565,30.926179],[106.172567,30.92636],[106.172672,30.926359],[106.172674,30.926539],[106.172779,30.926538],[106.172782,30.926809],[106.172886,30.926808],[106.172889,30.926988],[106.173098,30.926987],[106.173099,30.927077],[106.173204,30.927076],[106.173205,30.927166],[106.173309,30.927165],[106.173308,30.927075],[106.173413,30.927074],[106.173411,30.926893],[106.17362,30.926892],[106.173619,30.926801],[106.173933,30.926799],[106.173932,30.926708],[106.17435,30.926704],[106.174349,30.926614],[106.175082,30.926608],[106.175081,30.926517],[106.174976,30.926518],[106.174975,30.926428],[106.17508,30.926427],[106.17507,30.925615],[106.174965,30.925616],[106.174968,30.925887],[106.174864,30.925888],[106.174863,30.925798],[106.174758,30.925799],[106.174759,30.925889],[106.174654,30.92589],[106.174656,30.92598],[106.174342,30.925983],[106.174339,30.925802],[106.174235,30.925803],[106.174233,30.925623],[106.174128,30.925624],[106.174126,30.925443],[106.174335,30.925441],[106.174336,30.925532],[106.174231,30.925533],[106.174233,30.925623],[106.174442,30.925621],[106.174441,30.925531],[106.17465,30.925529],[106.174648,30.925348],[106.174439,30.92535],[106.174437,30.92526],[106.174333,30.925261],[106.174334,30.925351],[106.174229,30.925352],[106.174228,30.925262],[106.174123,30.925263],[106.17412,30.924992],[106.174225,30.924991],[106.174224,30.924901],[106.174433,30.924899],[106.174432,30.924809],[106.174746,30.924806],[106.174745,30.924716],[106.174849,30.924715],[106.174841,30.923993],[106.174631,30.923995],[106.174629,30.923815],[106.174734,30.923814],[106.174728,30.923363],[106.174624,30.923364],[106.174625,30.923454],[106.174415,30.923456],[106.174416,30.923546],[106.174312,30.923547],[106.174311,30.923457],[106.174101,30.923459],[106.1741,30.923368],[106.174205,30.923368],[106.174203,30.923187],[106.174307,30.923186],[106.174306,30.923096],[106.174411,30.923095],[106.174409,30.922915],[106.174304,30.922915],[106.174303,30.922825],[106.174408,30.922824],[106.174407,30.922734],[106.174616,30.922732],[106.17461,30.922281],[106.174506,30.922282],[106.174505,30.922192],[106.1744,30.922193],[106.174401,30.922283],[106.174296,30.922284],[106.174295,30.922194],[106.174191,30.922195],[106.174192,30.922285],[106.174087,30.922286],[106.174088,30.922376],[106.173774,30.922379],[106.173773,30.922289],[106.173669,30.92229],[106.173672,30.92256],[106.173567,30.922561],[106.173568,30.922652],[106.173673,30.922651],[106.173675,30.922831],[106.173571,30.922832],[106.173569,30.922742],[106.173465,30.922743],[106.173463,30.922562],[106.173567,30.922561],[106.173566,30.922471],[106.173357,30.922473],[106.173356,30.922383],[106.173251,30.922384],[106.173252,30.922474],[106.173148,30.922475],[106.173151,30.922746],[106.173046,30.922746],[106.173042,30.922386],[106.173146,30.922385],[106.173145,30.922294],[106.17325,30.922293],[106.173248,30.922113],[106.173457,30.922111],[106.173456,30.922021],[106.173351,30.922022],[106.173347,30.921661],[106.173452,30.92166],[106.17345,30.92157],[106.173346,30.921571],[106.173344,30.92139],[106.17303,30.921393],[106.173029,30.921303],[106.172924,30.921304],[106.172925,30.921394],[106.172611,30.921397],[106.17261,30.921307],[106.172505,30.921308],[106.172503,30.921127],[106.172608,30.921126],[106.172607,30.921036],[106.172502,30.921037],[106.172501,30.920947],[106.172396,30.920948],[106.172395,30.920858],[106.172291,30.920859],[106.172292,30.920949],[106.171978,30.920952],[106.171979,30.921042],[106.171874,30.921043],[106.171873,30.920953],[106.171978,30.920952],[106.171977,30.920861],[106.172186,30.92086],[106.172184,30.920679],[106.171974,30.920681],[106.171973,30.920591],[106.171869,30.920592],[106.171868,30.920502],[106.171763,30.920502],[106.171765,30.920683],[106.171661,30.920684],[106.171658,30.920503]]],[[[106.173094,30.926626],[106.172989,30.926627],[106.172988,30.926536],[106.173092,30.926535],[106.173094,30.926626]]],[[[106.173406,30.926533],[106.173197,30.926535],[106.173196,30.926444],[106.173405,30.926442],[106.173406,30.926533]]],[[[106.174659,30.926251],[106.174554,30.926252],[106.174553,30.926161],[106.174658,30.92616],[106.174659,30.926251],[106.174763,30.92625],[106.174765,30.92634],[106.17466,30.926341],[106.174661,30.926431],[106.174556,30.926432],[106.174555,30.926342],[106.17466,30.926341],[106.174659,30.926251]]],[[[106.174973,30.926248],[106.174868,30.926249],[106.174867,30.926158],[106.174972,30.926158],[106.174973,30.926248]]],[[[106.172666,30.925908],[106.172562,30.925909],[106.17256,30.925819],[106.172665,30.925818],[106.172666,30.925908]]],[[[106.172558,30.925638],[106.172454,30.925639],[106.172452,30.925549],[106.172557,30.925548],[106.172558,30.925638]]],[[[106.172976,30.925544],[106.172871,30.925545],[106.17287,30.925455],[106.172975,30.925454],[106.172976,30.925544]]],[[[106.1737,30.924906],[106.173596,30.924907],[106.173595,30.924817],[106.173699,30.924816],[106.1737,30.924906]]],[[[106.173593,30.924636],[106.173697,30.924635],[106.173696,30.924545],[106.173801,30.924544],[106.1738,30.924454],[106.173904,30.924453],[106.173902,30.924273],[106.174007,30.924272],[106.174009,30.924452],[106.173904,30.924453],[106.173905,30.924543],[106.173801,30.924544],[106.173802,30.924634],[106.173697,30.924635],[106.173698,30.924725],[106.173594,30.924726],[106.173593,30.924636],[106.173488,30.924637],[106.173486,30.924457],[106.17359,30.924456],[106.173593,30.924636]]],[[[106.174116,30.924631],[106.174011,30.924632],[106.17401,30.924542],[106.174115,30.924541],[106.174116,30.924631]]],[[[106.174533,30.924537],[106.174429,30.924538],[106.174428,30.924448],[106.174532,30.924447],[106.174533,30.924537]]],[[[106.174633,30.924176],[106.174529,30.924177],[106.174528,30.924086],[106.174632,30.924085],[106.174633,30.924176]]],[[[106.17421,30.923819],[106.174001,30.92382],[106.174,30.92373],[106.174105,30.923729],[106.174104,30.923639],[106.174208,30.923638],[106.17421,30.923819]]],[[[106.172534,30.923653],[106.172429,30.923654],[106.172428,30.923564],[106.172533,30.923563],[106.172534,30.923653],[106.172639,30.923652],[106.17264,30.923743],[106.172535,30.923744],[106.172534,30.923653]]],[[[106.173057,30.923649],[106.172848,30.923651],[106.172846,30.92347],[106.17295,30.923469],[106.172951,30.923559],[106.173056,30.923558],[106.173057,30.923649]]],[[[106.172314,30.922753],[106.172209,30.922754],[106.172207,30.922574],[106.17273,30.922569],[106.172733,30.92284],[106.172838,30.922839],[106.172837,30.922748],[106.172942,30.922747],[106.172945,30.923018],[106.17284,30.923019],[106.172839,30.922929],[106.172734,30.92293],[106.172736,30.92302],[106.172631,30.923021],[106.172632,30.923111],[106.172527,30.923112],[106.172528,30.923202],[106.172424,30.923203],[106.172423,30.923113],[106.172213,30.923115],[106.172215,30.923205],[106.172319,30.923204],[106.172323,30.923475],[106.172113,30.923477],[106.172111,30.923296],[106.172216,30.923295],[106.172215,30.923205],[106.17211,30.923206],[106.172106,30.922845],[106.172315,30.922843],[106.172314,30.922753]]],[[[106.17274,30.923381],[106.172635,30.923382],[106.172634,30.923292],[106.172739,30.923291],[106.17274,30.923381]]],[[[106.172948,30.923289],[106.172844,30.92329],[106.172842,30.923199],[106.172947,30.923198],[106.172948,30.923289]]],[[[106.174099,30.923278],[106.173785,30.923281],[106.173784,30.923191],[106.173889,30.92319],[106.173888,30.9231],[106.174097,30.923098],[106.174099,30.923278]]],[[[106.173259,30.923015],[106.173154,30.923016],[106.173153,30.922926],[106.173258,30.922925],[106.173259,30.923015]]],[[[106.173886,30.922919],[106.173781,30.92292],[106.17378,30.92283],[106.173884,30.922829],[106.173886,30.922919]]],[[[106.173988,30.922738],[106.173883,30.922739],[106.173882,30.922649],[106.173987,30.922648],[106.173988,30.922738]]],[[[106.174195,30.922556],[106.17409,30.922557],[106.174089,30.922466],[106.174194,30.922465],[106.174195,30.922556]]],[[[106.172826,30.921846],[106.172721,30.921847],[106.17272,30.921757],[106.172825,30.921756],[106.172823,30.921576],[106.172927,30.921575],[106.172929,30.921755],[106.173034,30.921754],[106.173035,30.921844],[106.172931,30.921845],[106.172933,30.922026],[106.172723,30.922028],[106.172722,30.921937],[106.172827,30.921936],[106.172826,30.921846]]],[[[106.171563,30.921226],[106.171458,30.921227],[106.171456,30.921047],[106.17156,30.921046],[106.171563,30.921226],[106.171667,30.921225],[106.171668,30.921315],[106.171564,30.921316],[106.171563,30.921226]]],[[[106.171771,30.921134],[106.171666,30.921135],[106.171665,30.921045],[106.17177,30.921044],[106.171771,30.921134]]],[[[106.172189,30.92113],[106.172085,30.921131],[106.172084,30.921041],[106.172188,30.92104],[106.172189,30.92113],[106.172294,30.921129],[106.172295,30.921219],[106.17219,30.92122],[106.172189,30.92113]]],[[[106.171767,30.920863],[106.171663,30.920864],[106.171662,30.920774],[106.171766,30.920773],[106.171767,30.920863]]]]}},{"type":"Feature","id":"citrus-parcels-600","properties":{"sourceId":"citrus-parcels","CLASS_ID":"1","CLASS_NAME":"掩膜提取2_tif [Classvalue=1]","AREA":1,"name":"掩膜提取2_tif [Classvalue=1]","orchardType":"掩膜提取2_tif [Classvalue=1]","areaMu":0},"geometry":{"type":"Polygon","coordinates":[[[106.171762,30.920412],[106.171657,30.920413],[106.171658,30.920503],[106.171763,30.920502],[106.171762,30.920412]]]}}]}